{
  "radius": 0.014375686667698877,
  "cOffset": [
    -0.005289041046912639,
    0.00010191616311453473
  ],
  "mOffset": [
    -0.0019678657893852165,
    0.0005781238282431154
  ],
  "yOffset": [
    0.0018803969671336265,
    -0.00021418769294211516
  ],
  "kOffset": [
    85.72125961936794,
    93.32679449654479
  ],
  "noiseAmp": 4.911897104707925e-07,
  "colorMode": 0,
  "sourceId": "a4fca8cd68283460126b88cce9a4d7462917eae4e6c1a5f91300fb9280eae7dbi0",
  "variationId": 73,
  "outliers": [],
  "isOutlier": false
}