{
  "radius": 1.929162540318997,
  "cOffset": [
    0.0006940963905145027,
    0.0009211771730993837
  ],
  "mOffset": [
    0.03209489208227647,
    -0.03537310722691635
  ],
  "yOffset": [
    0.002359728997590598,
    -0.0020612394931664776
  ],
  "kOffset": [
    20000,
    20000
  ],
  "noiseAmp": 8.879346308813368e-06,
  "colorMode": 2,
  "title": "Triumph of Bitcoin",
  "sourceId": "a4fca8cd68283460126b88cce9a4d7462917eae4e6c1a5f91300fb9280eae7dbi0",
  "variationId": 83,
  "outliers": [
    "colorMode",
    "mOffset"
  ],
  "isOutlier": true
}