{
  "radius": 2.15,
  "cOffset": [
    0.00137,
    0.000776
  ],
  "mOffset": [
    0.00461,
    0.000576
  ],
  "yOffset": [
    -0.0019,
    -0.00372
  ],
  "kOffset": [
    20000,
    20000
  ],
  "noiseAmp": 2.34e-05,
  "inkStatus": 0,
  "title": "Triumph of Bitcoin",
  "sourceId": "ec11a3e19cb22adf6a880c63b1daf19568cf5a6717572bfd123d91f15fe4d241i0"
}