{
  "radius": 0.01401210884705716,
  "cOffset": [
    -0.0006834244363901417,
    0.00023906992878366669
  ],
  "mOffset": [
    -0.004003723571298277,
    -0.00040141635549123024
  ],
  "yOffset": [
    -0.0029443921315189707,
    -0.00029968173340238417
  ],
  "kOffset": [
    114.60496546489559,
    88.43669894058017
  ],
  "noiseAmp": 6.14482864851968e-07,
  "colorMode": 0,
  "sourceId": "ba4b86348a6e7bad9deeb21752cf790694355b639650c679ce5b1c61feeab004i0",
  "variationId": 177,
  "outliers": [],
  "isOutlier": false
}