{
  "radius": 2.18,
  "cOffset": [
    -0.00301,
    -0.00264
  ],
  "mOffset": [
    -0.000564,
    -0.000263
  ],
  "yOffset": [
    -0.00212,
    -0.000413
  ],
  "kOffset": [
    20000,
    20000
  ],
  "noiseAmp": 4.27e-07,
  "inkStatus": 0,
  "title": "Triumph of Science",
  "sourceId": "806d80e7cf7f39208eccf59102e0086d6b593dbe3152777ef31dfc869a02340fi0"
}