{
  "radius": 0.014137773374984865,
  "cOffset": [
    -6.282165893338236e-05,
    6.106368078993035e-05
  ],
  "mOffset": [
    -0.0005760270847118168,
    0.008563240137448457
  ],
  "yOffset": [
    -0.0003018667396367667,
    8.194445695942429e-05
  ],
  "kOffset": [
    117.58236271518297,
    94.02212306814026
  ],
  "noiseAmp": 1.4224400302493234e-06,
  "colorMode": 0,
  "sourceId": "cf3ae616cfa57b2304a43445a0025e16d1c36943ed15cb1af5898185cf0d88efi0",
  "variationId": 100,
  "outliers": [],
  "isOutlier": false
}