{
  "radius": 2.31,
  "cOffset": [
    -0.00576,
    0.00316
  ],
  "mOffset": [
    0.00535,
    0.00355
  ],
  "yOffset": [
    0.0055,
    0.00151
  ],
  "kOffset": [
    20000,
    20000
  ],
  "noiseAmp": 1.31e-05,
  "inkStatus": 5,
  "title": "Triumph of Bitcoin",
  "wear": 43.0,
  "sourceId": "cf3ae616cfa57b2304a43445a0025e16d1c36943ed15cb1af5898185cf0d88efi0",
  "variationId": 109,
  "outliers": [
    "inkStatus"
  ],
  "isOutlier": true
}