{
  "radius": 2.14,
  "cOffset": [
    -0.00415,
    -0.00241
  ],
  "mOffset": [
    0.0018,
    -0.00067
  ],
  "yOffset": [
    -0.00176,
    -0.000907
  ],
  "kOffset": [
    20000,
    20000
  ],
  "noiseAmp": 4.58e-06,
  "inkStatus": 5,
  "title": "Triumph of Bitcoin",
  "wear": 46.1,
  "sourceId": "11e0ab1f653675211944593bb87d1b875050c2f328ab175595d2e7189da9b2f8i0",
  "variationId": 129,
  "outliers": [
    "inkStatus"
  ],
  "isOutlier": true
}