{
  "radius": 0.014544355818443981,
  "cOffset": [
    0.0023075430781732136,
    -0.0003863136130277931
  ],
  "mOffset": [
    -0.004282661050288784,
    -0.001949380374423582
  ],
  "yOffset": [
    0.0021150027512159084,
    -0.002137240066557925
  ],
  "kOffset": [
    95.13090123420614,
    102.39792517370311
  ],
  "noiseAmp": 2.3416034182512322e-07,
  "colorMode": 0,
  "sourceId": "ba4b86348a6e7bad9deeb21752cf790694355b639650c679ce5b1c61feeab004i0",
  "variationId": 174,
  "outliers": [],
  "isOutlier": false
}