{
  "radius": 2.27,
  "cOffset": [
    -0.00316,
    0.00312
  ],
  "mOffset": [
    0.000719,
    1.3e-05
  ],
  "yOffset": [
    -0.00186,
    0.00127
  ],
  "kOffset": [
    20000,
    20000
  ],
  "noiseAmp": 1.53e-06,
  "inkStatus": 0,
  "title": "Triumph of Bitcoin",
  "sourceId": "11e0ab1f653675211944593bb87d1b875050c2f328ab175595d2e7189da9b2f8i0"
}