{
  "radius": 2.15,
  "cOffset": [
    -0.00087,
    0.002
  ],
  "mOffset": [
    -0.00671,
    -0.00463
  ],
  "yOffset": [
    -0.000926,
    0.00347
  ],
  "kOffset": [
    20000,
    20000
  ],
  "noiseAmp": 6.07e-06,
  "inkStatus": 0,
  "title": "Triumph of Bitcoin",
  "wear": 30.7,
  "sourceId": "a4fca8cd68283460126b88cce9a4d7462917eae4e6c1a5f91300fb9280eae7dbi0",
  "variationId": 95,
  "outliers": [],
  "isOutlier": false
}