{
  "radius": 0.015054394798220953,
  "cOffset": [
    -0.005936756647625754,
    -8.90905469344065e-05
  ],
  "mOffset": [
    0.00045867375499916436,
    -0.005711624015738439
  ],
  "yOffset": [
    -0.0015984617921570641,
    0.000943147828180917
  ],
  "kOffset": [
    108.13307690089833,
    109.77184214340451
  ],
  "noiseAmp": 2.883001956767987e-06,
  "colorMode": 0,
  "sourceId": "b1ff3531357fc4703e14454c8cfc606c79f88f87f908ec0d34a3e7eb02a843adi0",
  "variationId": 296,
  "outliers": [],
  "isOutlier": false
}