{
  "radius": 0.015936152851172298,
  "cOffset": [
    0.0017835317588999772,
    0.00013247453623242643
  ],
  "mOffset": [
    0.002470962058829304,
    0.0009174247396089405
  ],
  "yOffset": [
    0.00046804197239938306,
    0.0002691637737577741
  ],
  "kOffset": [
    130.26342917325468,
    92.80867169758355
  ],
  "noiseAmp": 2.0243550961956708e-06,
  "colorMode": 0,
  "sourceId": "7fcc33c4cb0081cfa85c5d1d541aad5d8c631debbb29c65c95f4d30137ed2aa0i0",
  "variationId": 242,
  "outliers": [],
  "isOutlier": false
}