{
  "radius": 2.321789470464805,
  "cOffset": [
    -0.002978318161896291,
    -0.0028871441139830534
  ],
  "mOffset": [
    0.005305141157869101,
    -0.004994318634398758
  ],
  "yOffset": [
    0.0015699790001273803,
    -0.003177668465591681
  ],
  "kOffset": [
    20000,
    20000
  ],
  "noiseAmp": 2.025907989205812e-06,
  "colorMode": 0,
  "title": "Triumph of Bitcoin",
  "sourceId": "ba4b86348a6e7bad9deeb21752cf790694355b639650c679ce5b1c61feeab004i0",
  "variationId": 169,
  "outliers": [],
  "isOutlier": false
}