{
  "radius": 0.01556088192219895,
  "cOffset": [
    -0.0014462757318021893,
    0.00011023784045846887
  ],
  "mOffset": [
    -0.0004303999680137866,
    0.004345361020104705
  ],
  "yOffset": [
    0.0005880288983502416,
    -0.001532532395738412
  ],
  "kOffset": [
    99.44666097977314,
    105.4925287640672
  ],
  "noiseAmp": 7.920340948375623e-07,
  "colorMode": 0,
  "sourceId": "ba4b86348a6e7bad9deeb21752cf790694355b639650c679ce5b1c61feeab004i0",
  "variationId": 172,
  "outliers": [],
  "isOutlier": false
}