{
  "radius": 2.15,
  "cOffset": [
    -0.00196,
    0.00361
  ],
  "mOffset": [
    0.00219,
    -0.00268
  ],
  "yOffset": [
    0.00609,
    -0.00196
  ],
  "kOffset": [
    20000,
    20000
  ],
  "noiseAmp": 5.46e-06,
  "inkStatus": 0,
  "title": "Triumph of Science",
  "wear": 58.4,
  "sourceId": "b1ff3531357fc4703e14454c8cfc606c79f88f87f908ec0d34a3e7eb02a843adi0",
  "variationId": 288,
  "outliers": [],
  "isOutlier": false
}