{
  "radius": 2.29,
  "cOffset": [
    -0.000158,
    0.00208
  ],
  "mOffset": [
    -0.00428,
    -0.00406
  ],
  "yOffset": [
    -0.0033,
    0.000255
  ],
  "kOffset": [
    20000,
    20000
  ],
  "noiseAmp": 4.31e-06,
  "inkStatus": 0,
  "title": "Triumph of Bitcoin",
  "wear": 51.7,
  "sourceId": "7fcc33c4cb0081cfa85c5d1d541aad5d8c631debbb29c65c95f4d30137ed2aa0i0",
  "variationId": 262,
  "outliers": [],
  "isOutlier": false
}