{
  "radius": 0.014361671480534478,
  "cOffset": [
    0.002738659148310729,
    0.0003066677701961966
  ],
  "mOffset": [
    -0.0018763228697014948,
    -0.006467345301647008
  ],
  "yOffset": [
    0.0016179286033278634,
    0.00042246038998474056
  ],
  "kOffset": [
    113.86512942753986,
    105.8162750438507
  ],
  "noiseAmp": 1.5341669421183009e-06,
  "colorMode": 0,
  "sourceId": "ba4b86348a6e7bad9deeb21752cf790694355b639650c679ce5b1c61feeab004i0",
  "variationId": 176,
  "outliers": [],
  "isOutlier": false
}