{
  "radius": 2.15,
  "cOffset": [
    -0.000844,
    0.00774
  ],
  "mOffset": [
    0.00294,
    -0.0031
  ],
  "yOffset": [
    -0.00126,
    0.000731
  ],
  "kOffset": [
    20000,
    20000
  ],
  "noiseAmp": 0.000143,
  "inkStatus": 2,
  "title": "Triumph of Bitcoin",
  "sourceId": "cf3ae616cfa57b2304a43445a0025e16d1c36943ed15cb1af5898185cf0d88efi0"
}