{
  "radius": 2.29,
  "cOffset": [
    -0.00377,
    0.0026
  ],
  "mOffset": [
    -0.00208,
    -0.00616
  ],
  "yOffset": [
    0.00201,
    -0.00243
  ],
  "kOffset": [
    20000,
    20000
  ],
  "noiseAmp": 3.61e-06,
  "inkStatus": 0,
  "title": "Triumph of Bitcoin",
  "sourceId": "ff08f64a29c957c1f376ca1d35c2ccb5851379da3df9618b8108f55ed65dfb39i0"
}