{
  "radius": 2.16,
  "cOffset": [
    -0.00239,
    0.00139
  ],
  "mOffset": [
    0.000851,
    0.000677
  ],
  "yOffset": [
    -6.38e-06,
    0.00207
  ],
  "kOffset": [
    20000,
    20000
  ],
  "noiseAmp": 1.17e-05,
  "inkStatus": 4,
  "title": "Triumph of Bitcoin",
  "wear": 44.6,
  "sourceId": "11e0ab1f653675211944593bb87d1b875050c2f328ab175595d2e7189da9b2f8i0",
  "variationId": 124,
  "outliers": [
    "inkStatus"
  ],
  "isOutlier": true
}