{
  "radius": 2.32,
  "cOffset": [
    -0.00251,
    0.00175
  ],
  "mOffset": [
    0.00105,
    0.00922
  ],
  "yOffset": [
    -0.00108,
    0.00165
  ],
  "kOffset": [
    20000,
    20000
  ],
  "noiseAmp": 2.06e-06,
  "inkStatus": 0,
  "title": "Triumph of Bitcoin",
  "wear": 70.9,
  "sourceId": "fbab7ffde03428ed7c11dc268605241b6e33ea212229b03fb1d8f21e289fae54i0",
  "variationId": 4,
  "outliers": [
    "wear"
  ],
  "isOutlier": true
}