{
  "radius": 2.23,
  "cOffset": [
    -0.00339,
    0.0459
  ],
  "mOffset": [
    -0.00675,
    -0.00401
  ],
  "yOffset": [
    -0.0003,
    -0.00186
  ],
  "kOffset": [
    20000,
    20000
  ],
  "noiseAmp": 7.43e-06,
  "inkStatus": 5,
  "title": "Triumph of Bitcoin",
  "wear": 34.5,
  "sourceId": "7fcc33c4cb0081cfa85c5d1d541aad5d8c631debbb29c65c95f4d30137ed2aa0i0",
  "variationId": 254,
  "outliers": [
    "inkStatus",
    "cOffset"
  ],
  "isOutlier": true
}