{
  "radius": 0.014849843036116295,
  "cOffset": [
    0.006619461318556635,
    -9.373806655640457e-05
  ],
  "mOffset": [
    0.001690571622026762,
    -0.005842593589014609
  ],
  "yOffset": [
    -0.000794127038975105,
    0.004357503095670381
  ],
  "kOffset": [
    105.95321594634055,
    104.06325692018032
  ],
  "noiseAmp": 1.3911296595950364e-06,
  "colorMode": 0,
  "sourceId": "5f53dd709a8d2e350674d86679ff550763502a0ff8c2b567cefa4b52f736aa7fi0",
  "variationId": 58,
  "outliers": [],
  "isOutlier": false
}