{
  "radius": 2.141840161488809,
  "cOffset": [
    -0.0008247174041407233,
    0.0016021375401324876
  ],
  "mOffset": [
    0.003121574882559665,
    0.0044718112721722734
  ],
  "yOffset": [
    -0.002443027600800829,
    3.8526453080485526e-06
  ],
  "kOffset": [
    20000,
    20000
  ],
  "noiseAmp": 1.0169570208521129e-05,
  "colorMode": 0,
  "title": "Triumph of Bitcoin",
  "sourceId": "cf3ae616cfa57b2304a43445a0025e16d1c36943ed15cb1af5898185cf0d88efi0",
  "variationId": 118,
  "outliers": [],
  "isOutlier": false
}