{
  "radius": 2.1,
  "cOffset": [
    0.00424,
    0.00238
  ],
  "mOffset": [
    0.00218,
    -0.00199
  ],
  "yOffset": [
    -0.00429,
    0.000669
  ],
  "kOffset": [
    20000,
    20000
  ],
  "noiseAmp": 4.49e-07,
  "inkStatus": 0,
  "title": "Triumph of Bitcoin",
  "sourceId": "ba4b86348a6e7bad9deeb21752cf790694355b639650c679ce5b1c61feeab004i0"
}