{
  "radius": 2.2434373500052454,
  "cOffset": [
    0.0010473517747729734,
    -0.004761160643433426
  ],
  "mOffset": [
    -0.0031450724624200407,
    -0.003871685721431442
  ],
  "yOffset": [
    -0.0025276661294166046,
    0.0024075142688829644
  ],
  "kOffset": [
    20000,
    20000
  ],
  "noiseAmp": 1.530328975249043e-05,
  "colorMode": 0,
  "title": "Triumph of Bitcoin",
  "sourceId": "cf3ae616cfa57b2304a43445a0025e16d1c36943ed15cb1af5898185cf0d88efi0",
  "variationId": 98,
  "outliers": [],
  "isOutlier": false
}