{
  "radius": 2.2225686690302657,
  "cOffset": [
    -9.124805975189663e-05,
    0.0037753278868921437
  ],
  "mOffset": [
    -0.0034619323073820703,
    -0.0009709432165516007
  ],
  "yOffset": [
    0.0021480218946388387,
    -0.001858175812764406
  ],
  "kOffset": [
    20000,
    20000
  ],
  "noiseAmp": 1.3927581238490758e-05,
  "colorMode": 0,
  "title": "Triumph of Science",
  "sourceId": "6461c2a49eba6c8220bf472d9a504554a0592470f0cdddddb0969e896a1a6ca9i0",
  "variationId": 286,
  "outliers": [],
  "isOutlier": false
}