{
  "radius": 2.28,
  "cOffset": [
    9.95e-05,
    0.00088
  ],
  "mOffset": [
    -0.0034,
    -0.000711
  ],
  "yOffset": [
    -0.0193,
    -0.0224
  ],
  "kOffset": [
    20000,
    20000
  ],
  "noiseAmp": 2.2e-05,
  "inkStatus": 0,
  "title": "Triumph of Science",
  "sourceId": "b1ff3531357fc4703e14454c8cfc606c79f88f87f908ec0d34a3e7eb02a843adi0"
}