{
  "radius": 2.14,
  "cOffset": [
    -0.00152,
    -0.00229
  ],
  "mOffset": [
    0.000396,
    -0.00556
  ],
  "yOffset": [
    7.9e-05,
    0.000873
  ],
  "kOffset": [
    20000,
    20000
  ],
  "noiseAmp": 2.45e-06,
  "inkStatus": 0,
  "title": "Triumph of Bitcoin",
  "wear": 32.1,
  "sourceId": "ff08f64a29c957c1f376ca1d35c2ccb5851379da3df9618b8108f55ed65dfb39i0",
  "variationId": 227,
  "outliers": [],
  "isOutlier": false
}