{
  "radius": 2.25,
  "cOffset": [
    -0.00198,
    0.000436
  ],
  "mOffset": [
    0.00153,
    -0.00707
  ],
  "yOffset": [
    0.00224,
    0.00185
  ],
  "kOffset": [
    20000,
    20000
  ],
  "noiseAmp": 6.8e-06,
  "inkStatus": 5,
  "title": "Triumph of Bitcoin",
  "wear": 65.9,
  "sourceId": "ba4b86348a6e7bad9deeb21752cf790694355b639650c679ce5b1c61feeab004i0",
  "variationId": 183,
  "outliers": [
    "inkStatus",
    "wear"
  ],
  "isOutlier": true
}