{
  "radius": 2.15,
  "cOffset": [
    -0.000621,
    0.00147
  ],
  "mOffset": [
    0.0382,
    -0.112
  ],
  "yOffset": [
    -0.00244,
    -0.000693
  ],
  "kOffset": [
    20000,
    20000
  ],
  "noiseAmp": 1.03e-05,
  "inkStatus": 0,
  "title": "Triumph of Bitcoin",
  "sourceId": "5f53dd709a8d2e350674d86679ff550763502a0ff8c2b567cefa4b52f736aa7fi0"
}