{
  "radius": 2.19,
  "cOffset": [
    0.00852,
    0.00695
  ],
  "mOffset": [
    0.00131,
    -0.00765
  ],
  "yOffset": [
    -0.00384,
    -0.00135
  ],
  "kOffset": [
    20000,
    20000
  ],
  "noiseAmp": 7.49e-06,
  "inkStatus": 0,
  "title": "Triumph of Science",
  "sourceId": "6461c2a49eba6c8220bf472d9a504554a0592470f0cdddddb0969e896a1a6ca9i0"
}