{
  "radius": 2.22,
  "cOffset": [
    0.000646,
    -0.00223
  ],
  "mOffset": [
    0.00219,
    0.00619
  ],
  "yOffset": [
    -0.00129,
    0.000126
  ],
  "kOffset": [
    20000,
    20000
  ],
  "noiseAmp": 7.53e-06,
  "inkStatus": 0,
  "title": "Triumph of Bitcoin",
  "sourceId": "fbab7ffde03428ed7c11dc268605241b6e33ea212229b03fb1d8f21e289fae54i0"
}