{
  "radius": 2.29,
  "cOffset": [
    -0.000847,
    -0.00152
  ],
  "mOffset": [
    -0.00229,
    0.00328
  ],
  "yOffset": [
    0.000854,
    0.000861
  ],
  "kOffset": [
    20000,
    20000
  ],
  "noiseAmp": 3.5e-06,
  "inkStatus": 0,
  "title": "Triumph of Bitcoin",
  "wear": 58.1,
  "sourceId": "ec11a3e19cb22adf6a880c63b1daf19568cf5a6717572bfd123d91f15fe4d241i0",
  "variationId": 160,
  "outliers": [],
  "isOutlier": false
}