{
  "radius": 2.17,
  "cOffset": [
    -0.00229,
    0.00142
  ],
  "mOffset": [
    -0.00321,
    -0.00467
  ],
  "yOffset": [
    0.00256,
    -0.00232
  ],
  "kOffset": [
    20000,
    20000
  ],
  "noiseAmp": 9.56e-06,
  "inkStatus": 4,
  "title": "Triumph of Science",
  "wear": 46.1,
  "sourceId": "b1ff3531357fc4703e14454c8cfc606c79f88f87f908ec0d34a3e7eb02a843adi0",
  "variationId": 295,
  "outliers": [
    "inkStatus"
  ],
  "isOutlier": true
}