{
  "radius": 2.24,
  "cOffset": [
    0.00214,
    -0.00336
  ],
  "mOffset": [
    0.00514,
    0.00517
  ],
  "yOffset": [
    -0.000479,
    -0.00231
  ],
  "kOffset": [
    20000,
    20000
  ],
  "noiseAmp": 6.29e-07,
  "inkStatus": 0,
  "title": "Triumph of Bitcoin",
  "sourceId": "7fcc33c4cb0081cfa85c5d1d541aad5d8c631debbb29c65c95f4d30137ed2aa0i0"
}