{
  "radius": 2.1,
  "cOffset": [
    0.00401,
    -0.00155
  ],
  "mOffset": [
    0.00193,
    0.0037
  ],
  "yOffset": [
    0.000113,
    -0.00107
  ],
  "kOffset": [
    20000,
    20000
  ],
  "noiseAmp": 5.79e-06,
  "inkStatus": 0,
  "title": "Triumph of Bitcoin",
  "wear": 48.7,
  "sourceId": "fbab7ffde03428ed7c11dc268605241b6e33ea212229b03fb1d8f21e289fae54i0",
  "variationId": 3,
  "outliers": [],
  "isOutlier": false
}