{
  "radius": 2.27,
  "cOffset": [
    0.000458,
    0.00241
  ],
  "mOffset": [
    -4.46e-05,
    0.00434
  ],
  "yOffset": [
    0.000701,
    -0.00309
  ],
  "kOffset": [
    20000,
    20000
  ],
  "noiseAmp": 0.000127,
  "inkStatus": 6,
  "title": "Triumph of Bitcoin",
  "wear": 58.1,
  "sourceId": "63594e1b8512a5ad3215acfb7470f181444c773c0953d875f9713fca3d896774i0",
  "variationId": 24,
  "outliers": [
    "inkStatus",
    "noiseAmp"
  ],
  "isOutlier": true
}