{
  "radius": 2.122881712535463,
  "cOffset": [
    0.002977766890805751,
    0.00042270687538448193
  ],
  "mOffset": [
    -3.842060251061998e-06,
    0.003030896601037751
  ],
  "yOffset": [
    0.002419322247352062,
    -0.0006492959460405737
  ],
  "kOffset": [
    20000,
    20000
  ],
  "noiseAmp": 2.1578140224186628e-05,
  "colorMode": 0,
  "title": "Triumph of Bitcoin",
  "sourceId": "fbab7ffde03428ed7c11dc268605241b6e33ea212229b03fb1d8f21e289fae54i0",
  "variationId": 1,
  "outliers": [],
  "isOutlier": false
}