{
  "radius": 0.014666611589129757,
  "cOffset": [
    0.0001265142166554187,
    0.0003055714905536951
  ],
  "mOffset": [
    -0.003930569833520251,
    -0.0008215016471377003
  ],
  "yOffset": [
    0.0017883295989579555,
    -0.00286421721220474
  ],
  "kOffset": [
    99.4025361979175,
    115.45684362000391
  ],
  "noiseAmp": 1.187384954753281e-07,
  "colorMode": 0,
  "sourceId": "ff08f64a29c957c1f376ca1d35c2ccb5851379da3df9618b8108f55ed65dfb39i0",
  "variationId": 233,
  "outliers": [],
  "isOutlier": false
}