{
  "radius": 2.32,
  "cOffset": [
    0.00105,
    0.000685
  ],
  "mOffset": [
    -0.00245,
    -0.00343
  ],
  "yOffset": [
    0.0025,
    0.00438
  ],
  "kOffset": [
    20000,
    20000
  ],
  "noiseAmp": 2.28e-05,
  "inkStatus": 0,
  "title": "Triumph of Science",
  "sourceId": "b1ff3531357fc4703e14454c8cfc606c79f88f87f908ec0d34a3e7eb02a843adi0"
}