{
  "radius": 1.91,
  "cOffset": [
    0.000196,
    -0.00128
  ],
  "mOffset": [
    0.00552,
    0.00115
  ],
  "yOffset": [
    -0.00313,
    -0.00385
  ],
  "kOffset": [
    20000,
    20000
  ],
  "noiseAmp": 3.34e-06,
  "inkStatus": 0,
  "title": "Triumph of Science",
  "sourceId": "806d80e7cf7f39208eccf59102e0086d6b593dbe3152777ef31dfc869a02340fi0"
}