{
  "radius": 2.1814388247938297,
  "cOffset": [
    0.005379747820536849,
    0.003412443073137988
  ],
  "mOffset": [
    -0.0035421345412084025,
    0.008128113396166111
  ],
  "yOffset": [
    -0.0012932105573952924,
    -0.001828176101909238
  ],
  "kOffset": [
    20000,
    20000
  ],
  "noiseAmp": 6.622634306680851e-06,
  "colorMode": 0,
  "title": "Triumph of Science",
  "sourceId": "b1ff3531357fc4703e14454c8cfc606c79f88f87f908ec0d34a3e7eb02a843adi0",
  "variationId": 292,
  "outliers": [],
  "isOutlier": false
}