{
  "radius": 2.2573431530809063,
  "cOffset": [
    0.0004082862758126261,
    -0.002410466970171471
  ],
  "mOffset": [
    -0.0005511422079812054,
    0.0010091995630933086
  ],
  "yOffset": [
    -0.004203766613734426,
    -0.006574447716684785
  ],
  "kOffset": [
    20000,
    20000
  ],
  "noiseAmp": 4.103444640079588e-06,
  "colorMode": 0,
  "title": "Triumph of Bitcoin",
  "sourceId": "ec11a3e19cb22adf6a880c63b1daf19568cf5a6717572bfd123d91f15fe4d241i0",
  "variationId": 160,
  "outliers": [],
  "isOutlier": false
}