{
  "radius": 2.11,
  "cOffset": [
    0.00182,
    0.00412
  ],
  "mOffset": [
    0.00107,
    -0.00852
  ],
  "yOffset": [
    -0.00165,
    -0.00197
  ],
  "kOffset": [
    20000,
    20000
  ],
  "noiseAmp": 1.11e-06,
  "inkStatus": 0,
  "title": "Triumph of Bitcoin",
  "wear": 52.0,
  "sourceId": "ec11a3e19cb22adf6a880c63b1daf19568cf5a6717572bfd123d91f15fe4d241i0",
  "variationId": 164,
  "outliers": [],
  "isOutlier": false
}