{
  "radius": 2.17,
  "cOffset": [
    -0.0374,
    0.0318
  ],
  "mOffset": [
    0.00511,
    -0.00648
  ],
  "yOffset": [
    -0.00784,
    0.00313
  ],
  "kOffset": [
    20000,
    20000
  ],
  "noiseAmp": 1.99e-06,
  "inkStatus": 1,
  "title": "Triumph of Science",
  "wear": 36.0,
  "sourceId": "6461c2a49eba6c8220bf472d9a504554a0592470f0cdddddb0969e896a1a6ca9i0",
  "variationId": 286,
  "outliers": [
    "inkStatus",
    "cOffset"
  ],
  "isOutlier": true
}