{
  "radius": 2.19,
  "cOffset": [
    -0.00161,
    0.00407
  ],
  "mOffset": [
    -0.0023,
    0.00459
  ],
  "yOffset": [
    0.00183,
    0.00115
  ],
  "kOffset": [
    20000,
    20000
  ],
  "noiseAmp": 1.18e-05,
  "inkStatus": 0,
  "title": "Triumph of Bitcoin",
  "wear": 47.2,
  "sourceId": "ff08f64a29c957c1f376ca1d35c2ccb5851379da3df9618b8108f55ed65dfb39i0",
  "variationId": 238,
  "outliers": [],
  "isOutlier": false
}