{
  "radius": 0.014363857924457324,
  "cOffset": [
    0.0010840622443349772,
    0.00012541784762409015
  ],
  "mOffset": [
    0.0007242211635848223,
    0.0022657901976361147
  ],
  "yOffset": [
    0.00026556793566306745,
    0.0005095867354942385
  ],
  "kOffset": [
    99.2564192686547,
    132.26467426016694
  ],
  "noiseAmp": 7.217577865788968e-07,
  "colorMode": 0,
  "sourceId": "6461c2a49eba6c8220bf472d9a504554a0592470f0cdddddb0969e896a1a6ca9i0",
  "variationId": 269,
  "outliers": [],
  "isOutlier": false
}