{
  "radius": 2.15,
  "cOffset": [
    0.00198,
    -0.00407
  ],
  "mOffset": [
    -0.00133,
    0.00184
  ],
  "yOffset": [
    0.00117,
    -0.00212
  ],
  "kOffset": [
    20000,
    20000
  ],
  "noiseAmp": 2.43e-05,
  "inkStatus": 0,
  "title": "Triumph of Bitcoin",
  "sourceId": "fb9fad20ede2f27b013efe9b408e6be1b3ff546dfca53eac86c7e0f1a632d551i0"
}