{
  "radius": 2.09,
  "cOffset": [
    -0.00183,
    -0.0013
  ],
  "mOffset": [
    0.0236,
    -0.0022
  ],
  "yOffset": [
    0.00406,
    0.000892
  ],
  "kOffset": [
    20000,
    20000
  ],
  "noiseAmp": 1.82e-06,
  "inkStatus": 3,
  "title": "Triumph of Bitcoin",
  "wear": 40.0,
  "sourceId": "63594e1b8512a5ad3215acfb7470f181444c773c0953d875f9713fca3d896774i0",
  "variationId": 25,
  "outliers": [
    "inkStatus",
    "mOffset"
  ],
  "isOutlier": true
}