{
  "radius": 2.2484128740714877,
  "cOffset": [
    -0.0036291247272515655,
    -0.002335887756978252
  ],
  "mOffset": [
    -0.0008027096713480389,
    -0.0034826778331792604
  ],
  "yOffset": [
    0.00024248728085869687,
    0.003432557648124297
  ],
  "kOffset": [
    20000,
    20000
  ],
  "noiseAmp": 1.8634783518871187e-05,
  "colorMode": 0,
  "title": "Triumph of Bitcoin",
  "sourceId": "cf3ae616cfa57b2304a43445a0025e16d1c36943ed15cb1af5898185cf0d88efi0",
  "variationId": 103,
  "outliers": [],
  "isOutlier": false
}