{
  "radius": 2.3262135908429165,
  "cOffset": [
    -0.0022804422372785693,
    0.00017874421823232744
  ],
  "mOffset": [
    -0.0017139255273553133,
    -0.004395274148000144
  ],
  "yOffset": [
    0.004124386300419865,
    0.0036006112678904356
  ],
  "kOffset": [
    20000,
    20000
  ],
  "noiseAmp": 3.760186638935428e-06,
  "colorMode": 0,
  "title": "Triumph of Science",
  "sourceId": "6461c2a49eba6c8220bf472d9a504554a0592470f0cdddddb0969e896a1a6ca9i0",
  "variationId": 274,
  "outliers": [],
  "isOutlier": false
}