{
  "radius": 2.2010851763649826,
  "cOffset": [
    0.0025785156879474646,
    0.0011812518803386695
  ],
  "mOffset": [
    -4.13793521038689e-05,
    0.002054595938156873
  ],
  "yOffset": [
    1.2132998665513963e-05,
    -0.0018325073615285746
  ],
  "kOffset": [
    20000,
    20000
  ],
  "noiseAmp": 2.1682237946081113e-05,
  "colorMode": 0,
  "title": "Triumph of Bitcoin",
  "sourceId": "cf3ae616cfa57b2304a43445a0025e16d1c36943ed15cb1af5898185cf0d88efi0",
  "variationId": 106,
  "outliers": [],
  "isOutlier": false
}