{
  "radius": 2.11,
  "cOffset": [
    -0.00328,
    -0.00077
  ],
  "mOffset": [
    0.000661,
    4.29e-05
  ],
  "yOffset": [
    0.000821,
    0.00192
  ],
  "kOffset": [
    20000,
    20000
  ],
  "noiseAmp": 4.92e-06,
  "inkStatus": 0,
  "title": "Triumph of Bitcoin",
  "wear": 62.2,
  "sourceId": "ec11a3e19cb22adf6a880c63b1daf19568cf5a6717572bfd123d91f15fe4d241i0",
  "variationId": 161,
  "outliers": [],
  "isOutlier": false
}