{
  "radius": 2.26,
  "cOffset": [
    -0.0016,
    -0.00144
  ],
  "mOffset": [
    -0.00369,
    0.00208
  ],
  "yOffset": [
    0.000132,
    0.000808
  ],
  "kOffset": [
    20000,
    20000
  ],
  "noiseAmp": 1.89e-05,
  "inkStatus": 0,
  "title": "Triumph of Bitcoin",
  "wear": 48.7,
  "sourceId": "cf3ae616cfa57b2304a43445a0025e16d1c36943ed15cb1af5898185cf0d88efi0",
  "variationId": 108,
  "outliers": [],
  "isOutlier": false
}