{
  "radius": 2.185895218204823,
  "cOffset": [
    0.002221504857553941,
    0.0006138594986610511
  ],
  "mOffset": [
    0.0013665519569992658,
    0.003363420446833628
  ],
  "yOffset": [
    -0.0016637763230788996,
    0.003318061586982975
  ],
  "kOffset": [
    20000,
    20000
  ],
  "noiseAmp": 6.104406367081608e-06,
  "colorMode": 0,
  "title": "Triumph of Science",
  "sourceId": "806d80e7cf7f39208eccf59102e0086d6b593dbe3152777ef31dfc869a02340fi0",
  "variationId": 321,
  "outliers": [],
  "isOutlier": false
}