{
  "radius": 2.16,
  "cOffset": [
    0.000361,
    -0.00322
  ],
  "mOffset": [
    0.00249,
    -0.00385
  ],
  "yOffset": [
    -0.00177,
    -0.00115
  ],
  "kOffset": [
    20000,
    20000
  ],
  "noiseAmp": 9.84e-06,
  "inkStatus": 3,
  "title": "Triumph of Bitcoin",
  "wear": 50.1,
  "sourceId": "cf3ae616cfa57b2304a43445a0025e16d1c36943ed15cb1af5898185cf0d88efi0",
  "variationId": 97,
  "outliers": [
    "inkStatus"
  ],
  "isOutlier": true
}