{
  "radius": 2.21,
  "cOffset": [
    0.00297,
    -0.00208
  ],
  "mOffset": [
    -0.00718,
    0.00631
  ],
  "yOffset": [
    -0.00511,
    -0.00135
  ],
  "kOffset": [
    20000,
    20000
  ],
  "noiseAmp": 1.99e-05,
  "inkStatus": 6,
  "title": "Triumph of Science",
  "wear": 51.0,
  "sourceId": "806d80e7cf7f39208eccf59102e0086d6b593dbe3152777ef31dfc869a02340fi0",
  "variationId": 324,
  "outliers": [
    "inkStatus"
  ],
  "isOutlier": true
}