{
  "radius": 2.26,
  "cOffset": [
    0.00507,
    0.00175
  ],
  "mOffset": [
    0.00182,
    0.00432
  ],
  "yOffset": [
    0.00377,
    0.00252
  ],
  "kOffset": [
    20000,
    20000
  ],
  "noiseAmp": 1.68e-06,
  "inkStatus": 0,
  "title": "Triumph of Bitcoin",
  "sourceId": "11e0ab1f653675211944593bb87d1b875050c2f328ab175595d2e7189da9b2f8i0"
}