{
  "radius": 0.014937970650181095,
  "cOffset": [
    0.002611170781213601,
    0.0002849847142353078
  ],
  "mOffset": [
    -0.0020441308520734547,
    0.001547735301454933
  ],
  "yOffset": [
    0.00075099792547731,
    -0.0011313272859081842
  ],
  "kOffset": [
    95.14847533103395,
    90.99745371711334
  ],
  "noiseAmp": 1.1552353237483414e-06,
  "colorMode": 0,
  "sourceId": "a4fca8cd68283460126b88cce9a4d7462917eae4e6c1a5f91300fb9280eae7dbi0",
  "variationId": 77,
  "outliers": [],
  "isOutlier": false
}