{
  "radius": 2.153042601357937,
  "cOffset": [
    0.0012490294349272826,
    0.00032346560696027115
  ],
  "mOffset": [
    0.0043472996612590395,
    -0.000907387763367226
  ],
  "yOffset": [
    -0.0013032495342624984,
    0.0017655931123881988
  ],
  "kOffset": [
    20000,
    20000
  ],
  "noiseAmp": 6.191080941531841e-06,
  "colorMode": 0,
  "title": "Triumph of Bitcoin",
  "sourceId": "11e0ab1f653675211944593bb87d1b875050c2f328ab175595d2e7189da9b2f8i0",
  "variationId": 130,
  "outliers": [],
  "isOutlier": false
}