{
  "radius": 2.14,
  "cOffset": [
    -0.00481,
    -0.00218
  ],
  "mOffset": [
    0.00795,
    0.00535
  ],
  "yOffset": [
    0.00173,
    0.000536
  ],
  "kOffset": [
    20000,
    20000
  ],
  "noiseAmp": 2.26e-06,
  "inkStatus": 0,
  "title": "Triumph of Bitcoin",
  "wear": 44.2,
  "sourceId": "63594e1b8512a5ad3215acfb7470f181444c773c0953d875f9713fca3d896774i0",
  "variationId": 34,
  "outliers": [],
  "isOutlier": false
}