{
  "radius": 2.08,
  "cOffset": [
    0.000397,
    -0.00106
  ],
  "mOffset": [
    -0.00626,
    0.00113
  ],
  "yOffset": [
    0.00112,
    -0.00123
  ],
  "kOffset": [
    20000,
    20000
  ],
  "noiseAmp": 2.09e-05,
  "inkStatus": 0,
  "title": "Triumph of Bitcoin",
  "sourceId": "ff08f64a29c957c1f376ca1d35c2ccb5851379da3df9618b8108f55ed65dfb39i0"
}