{
  "radius": 2.17,
  "cOffset": [
    -0.002,
    -0.000135
  ],
  "mOffset": [
    -0.000602,
    0.00261
  ],
  "yOffset": [
    0.000541,
    0.00108
  ],
  "kOffset": [
    20000,
    20000
  ],
  "noiseAmp": 6.86e-06,
  "inkStatus": 3,
  "title": "Triumph of Bitcoin",
  "wear": 60.7,
  "sourceId": "fbab7ffde03428ed7c11dc268605241b6e33ea212229b03fb1d8f21e289fae54i0",
  "variationId": 9,
  "outliers": [
    "inkStatus"
  ],
  "isOutlier": true
}