{
  "radius": 0.01488681047454536,
  "cOffset": [
    0.009170770261436239,
    0.003119281511077182
  ],
  "mOffset": [
    -0.005362016239611396,
    -6.986748270895504e-05
  ],
  "yOffset": [
    0.00041162986884730546,
    -0.0001528220260951546
  ],
  "kOffset": [
    100.10158518338844,
    99.25148622565045
  ],
  "noiseAmp": 4.735952807022943e-07,
  "colorMode": 0,
  "sourceId": "6461c2a49eba6c8220bf472d9a504554a0592470f0cdddddb0969e896a1a6ca9i0",
  "variationId": 268,
  "outliers": [
    "cOffset"
  ],
  "isOutlier": true
}