{
  "radius": 2.18,
  "cOffset": [
    -0.00159,
    -0.00145
  ],
  "mOffset": [
    -0.000381,
    -0.00554
  ],
  "yOffset": [
    -0.00157,
    -0.000257
  ],
  "kOffset": [
    20000,
    20000
  ],
  "noiseAmp": 2.38e-05,
  "inkStatus": 0,
  "title": "Triumph of Bitcoin",
  "wear": 54.2,
  "sourceId": "a4fca8cd68283460126b88cce9a4d7462917eae4e6c1a5f91300fb9280eae7dbi0",
  "variationId": 72,
  "outliers": [
    "noiseAmp"
  ],
  "isOutlier": true
}