{
  "radius": 2.03,
  "cOffset": [
    0.00177,
    0.00131
  ],
  "mOffset": [
    -0.00201,
    -0.00144
  ],
  "yOffset": [
    -4.53e-05,
    -0.00262
  ],
  "kOffset": [
    20000,
    20000
  ],
  "noiseAmp": 3.67e-07,
  "inkStatus": 0,
  "title": "Triumph of Bitcoin",
  "wear": 41.3,
  "sourceId": "a4fca8cd68283460126b88cce9a4d7462917eae4e6c1a5f91300fb9280eae7dbi0",
  "variationId": 83,
  "outliers": [],
  "isOutlier": false
}