{
  "radius": 0.014542491447640466,
  "cOffset": [
    0.0008399240649495608,
    0.00015855399561541156
  ],
  "mOffset": [
    0.0013754588014780694,
    -0.007127578495378723
  ],
  "yOffset": [
    -0.0008106214565278783,
    0.002096972254880562
  ],
  "kOffset": [
    87.79314221614848,
    89.46063550653221
  ],
  "noiseAmp": 1.724489785802454e-06,
  "colorMode": 0,
  "sourceId": "b1ff3531357fc4703e14454c8cfc606c79f88f87f908ec0d34a3e7eb02a843adi0",
  "variationId": 287,
  "outliers": [],
  "isOutlier": false
}