{
  "radius": 2.04,
  "cOffset": [
    0.00844,
    -0.0292
  ],
  "mOffset": [
    0.000949,
    0.00465
  ],
  "yOffset": [
    -0.000845,
    -0.00234
  ],
  "kOffset": [
    20000,
    20000
  ],
  "noiseAmp": 4.01e-06,
  "inkStatus": 3,
  "title": "Triumph of Bitcoin",
  "wear": 51.2,
  "sourceId": "ba4b86348a6e7bad9deeb21752cf790694355b639650c679ce5b1c61feeab004i0",
  "variationId": 176,
  "outliers": [
    "inkStatus",
    "cOffset"
  ],
  "isOutlier": true
}