{
  "radius": 2.18,
  "cOffset": [
    0.00154,
    -0.000954
  ],
  "mOffset": [
    0.00991,
    -0.00472
  ],
  "yOffset": [
    0.000357,
    -0.00271
  ],
  "kOffset": [
    20000,
    20000
  ],
  "noiseAmp": 1.56e-05,
  "inkStatus": 0,
  "title": "Triumph of Science",
  "sourceId": "b1ff3531357fc4703e14454c8cfc606c79f88f87f908ec0d34a3e7eb02a843adi0"
}