{
  "radius": 2.32,
  "cOffset": [
    -0.000665,
    0.00301
  ],
  "mOffset": [
    0.0015,
    0.00448
  ],
  "yOffset": [
    -0.000191,
    -0.00198
  ],
  "kOffset": [
    20000,
    20000
  ],
  "noiseAmp": 1.32e-05,
  "inkStatus": 0,
  "title": "Triumph of Bitcoin",
  "sourceId": "ba4b86348a6e7bad9deeb21752cf790694355b639650c679ce5b1c61feeab004i0"
}