{
  "radius": 2.35,
  "cOffset": [
    -0.00085,
    -0.00302
  ],
  "mOffset": [
    0.000812,
    -0.00284
  ],
  "yOffset": [
    -0.000503,
    0.00121
  ],
  "kOffset": [
    20000,
    20000
  ],
  "noiseAmp": 5.31e-06,
  "inkStatus": 0,
  "title": "Triumph of Bitcoin",
  "sourceId": "63594e1b8512a5ad3215acfb7470f181444c773c0953d875f9713fca3d896774i0"
}