{
  "radius": 0.014874034611163784,
  "cOffset": [
    -0.0027868455821107173,
    0.0001646548711552242
  ],
  "mOffset": [
    0.011613265054175351,
    0.01860272787484472
  ],
  "yOffset": [
    -0.0015962657291864449,
    8.545271361754773e-05
  ],
  "kOffset": [
    99.67131402453082,
    107.36791037152236
  ],
  "noiseAmp": 1.3096815794397724e-06,
  "colorMode": 3,
  "sourceId": "ec11a3e19cb22adf6a880c63b1daf19568cf5a6717572bfd123d91f15fe4d241i0",
  "variationId": 148,
  "outliers": [
    "colorMode",
    "mOffset"
  ],
  "isOutlier": true
}