{
  "radius": 2.1160070749574715,
  "cOffset": [
    0.0003197553943038906,
    0.0027891412308306824
  ],
  "mOffset": [
    0.007478216458880267,
    -0.0047488422976753545
  ],
  "yOffset": [
    0.000789756107331191,
    0.00023833696323677744
  ],
  "kOffset": [
    20000,
    20000
  ],
  "noiseAmp": 6.363128596499893e-06,
  "colorMode": 0,
  "title": "Triumph of Science",
  "sourceId": "806d80e7cf7f39208eccf59102e0086d6b593dbe3152777ef31dfc869a02340fi0",
  "variationId": 318,
  "outliers": [],
  "isOutlier": false
}