{
  "radius": 2.0362550291377404,
  "cOffset": [
    0.0001539182925779038,
    -0.00172824524587628
  ],
  "mOffset": [
    -0.0020966395076652024,
    -0.002608294729211976
  ],
  "yOffset": [
    -0.0009606923248199523,
    -0.001967977897965275
  ],
  "kOffset": [
    20000,
    20000
  ],
  "noiseAmp": 1.4989207675144859e-05,
  "colorMode": 0,
  "title": "Triumph of Bitcoin",
  "sourceId": "ba4b86348a6e7bad9deeb21752cf790694355b639650c679ce5b1c61feeab004i0",
  "variationId": 170,
  "outliers": [],
  "isOutlier": false
}