{
  "radius": 2.24,
  "cOffset": [
    -0.00299,
    -0.000193
  ],
  "mOffset": [
    -0.00397,
    0.00832
  ],
  "yOffset": [
    -0.00439,
    -0.000841
  ],
  "kOffset": [
    20000,
    20000
  ],
  "noiseAmp": 1.52e-05,
  "inkStatus": 3,
  "title": "Triumph of Bitcoin",
  "sourceId": "a4fca8cd68283460126b88cce9a4d7462917eae4e6c1a5f91300fb9280eae7dbi0"
}