{
  "radius": 2.0212479428601897,
  "cOffset": [
    0.05640159428063384,
    -0.006976875121022063
  ],
  "mOffset": [
    0.03809925487685576,
    0.0010720292281433707
  ],
  "yOffset": [
    -0.0008408454060839936,
    0.003904176424341581
  ],
  "kOffset": [
    20000,
    20000
  ],
  "noiseAmp": 1.598295568373985e-05,
  "colorMode": 0,
  "title": "Triumph of Science",
  "sourceId": "6461c2a49eba6c8220bf472d9a504554a0592470f0cdddddb0969e896a1a6ca9i0",
  "variationId": 269,
  "outliers": [
    "cOffset",
    "mOffset"
  ],
  "isOutlier": true
}