{
  "radius": 0.015461169301436789,
  "cOffset": [
    -0.000768502770827646,
    0.00040982119642034195
  ],
  "mOffset": [
    -0.001003365027776269,
    -0.010121691662560914
  ],
  "yOffset": [
    0.0009803065250626054,
    0.0023444601803660533
  ],
  "kOffset": [
    105.70132843639841,
    94.92827227604525
  ],
  "noiseAmp": 1.6750497995522589e-06,
  "colorMode": 0,
  "sourceId": "fbab7ffde03428ed7c11dc268605241b6e33ea212229b03fb1d8f21e289fae54i0",
  "variationId": 19,
  "outliers": [],
  "isOutlier": false
}