{
  "radius": 2.19,
  "cOffset": [
    -0.00818,
    -0.0289
  ],
  "mOffset": [
    0.0014,
    -0.00072
  ],
  "yOffset": [
    -0.00454,
    -0.00029
  ],
  "kOffset": [
    20000,
    20000
  ],
  "noiseAmp": 7.47e-07,
  "inkStatus": 3,
  "title": "Triumph of Bitcoin",
  "wear": 59.2,
  "sourceId": "fb9fad20ede2f27b013efe9b408e6be1b3ff546dfca53eac86c7e0f1a632d551i0",
  "variationId": 204,
  "outliers": [
    "inkStatus",
    "wear",
    "cOffset"
  ],
  "isOutlier": true
}