{
  "radius": 0.07009761635452044,
  "cOffset": [
    -0.04261140173962896,
    0.005851079767035628
  ],
  "mOffset": [
    0.016447020968527366,
    -0.008660278249624296
  ],
  "yOffset": [
    0.01555994522922976,
    -0.007269204795978957
  ],
  "kOffset": [
    116.44289997240095,
    97.54411655762797
  ],
  "noiseAmp": 3.5174478615260484e-07,
  "colorMode": 0,
  "sourceId": "fbab7ffde03428ed7c11dc268605241b6e33ea212229b03fb1d8f21e289fae54i0",
  "variationId": 0,
  "outliers": [
    "radius",
    "cOffset",
    "mOffset",
    "yOffset"
  ],
  "isOutlier": true
}