{
  "radius": 0.015248222710547002,
  "cOffset": [
    0.0043509465534003365,
    0.00016289300237822354
  ],
  "mOffset": [
    0.0008177902121442078,
    0.0018692358331944506
  ],
  "yOffset": [
    0.00012567155427399177,
    -0.0015742026644117537
  ],
  "kOffset": [
    113.9531417686426,
    103.24401606824773
  ],
  "noiseAmp": 9.329652949802297e-07,
  "colorMode": 0,
  "sourceId": "6461c2a49eba6c8220bf472d9a504554a0592470f0cdddddb0969e896a1a6ca9i0",
  "variationId": 272,
  "outliers": [],
  "isOutlier": false
}