{
  "radius": 2.0826208399372463,
  "cOffset": [
    0.0029275642194905417,
    -0.0007611484500571322
  ],
  "mOffset": [
    -0.0017075093905654173,
    0.0014802555782238245
  ],
  "yOffset": [
    -0.001702917675732175,
    0.0008413590397969767
  ],
  "kOffset": [
    20000,
    20000
  ],
  "noiseAmp": 4.2321184156037576e-06,
  "colorMode": 0,
  "title": "Triumph of Bitcoin",
  "sourceId": "7fcc33c4cb0081cfa85c5d1d541aad5d8c631debbb29c65c95f4d30137ed2aa0i0",
  "variationId": 251,
  "outliers": [],
  "isOutlier": false
}