{
  "radius": 2.16,
  "cOffset": [
    0.00571,
    0.00154
  ],
  "mOffset": [
    0.00293,
    0.00574
  ],
  "yOffset": [
    0.00454,
    0.00427
  ],
  "kOffset": [
    20000,
    20000
  ],
  "noiseAmp": 2.11e-05,
  "inkStatus": 0,
  "title": "Triumph of Bitcoin",
  "sourceId": "ba4b86348a6e7bad9deeb21752cf790694355b639650c679ce5b1c61feeab004i0"
}