{
  "radius": 0.014968950346676588,
  "cOffset": [
    -0.00039289325025928726,
    0.00020394391340244924
  ],
  "mOffset": [
    0.0047316864928909855,
    -0.0011327902449572564
  ],
  "yOffset": [
    0.0007093213990491201,
    -0.0006410107831597474
  ],
  "kOffset": [
    75.75382308475437,
    104.15428112734946
  ],
  "noiseAmp": 7.093924468550834e-07,
  "colorMode": 0,
  "sourceId": "11e0ab1f653675211944593bb87d1b875050c2f328ab175595d2e7189da9b2f8i0",
  "variationId": 138,
  "outliers": [],
  "isOutlier": false
}