{
  "radius": 0.014906496592835022,
  "cOffset": [
    0.0009819300972888887,
    -0.00015686433832762088
  ],
  "mOffset": [
    0.0002816168904220602,
    0.002082978991811558
  ],
  "yOffset": [
    0.0009228217069906511,
    -0.001925815158496106
  ],
  "kOffset": [
    106.34999180848963,
    104.78894271903089
  ],
  "noiseAmp": 4.1718670206035316e-07,
  "colorMode": 0,
  "sourceId": "11e0ab1f653675211944593bb87d1b875050c2f328ab175595d2e7189da9b2f8i0",
  "variationId": 137,
  "outliers": [],
  "isOutlier": false
}