{
  "radius": 2.33,
  "cOffset": [
    0.00356,
    -0.0011
  ],
  "mOffset": [
    -0.00546,
    -0.000861
  ],
  "yOffset": [
    -0.000565,
    -0.00476
  ],
  "kOffset": [
    20000,
    20000
  ],
  "noiseAmp": 2.83e-06,
  "inkStatus": 0,
  "title": "Triumph of Science",
  "wear": 27.1,
  "sourceId": "806d80e7cf7f39208eccf59102e0086d6b593dbe3152777ef31dfc869a02340fi0",
  "variationId": 314,
  "outliers": [],
  "isOutlier": false
}