{
  "radius": 2.26,
  "cOffset": [
    0.003,
    0.000229
  ],
  "mOffset": [
    0.00562,
    0.00464
  ],
  "yOffset": [
    -0.000998,
    -0.000983
  ],
  "kOffset": [
    20000,
    20000
  ],
  "noiseAmp": 5.66e-06,
  "inkStatus": 0,
  "title": "Triumph of Bitcoin",
  "sourceId": "7fcc33c4cb0081cfa85c5d1d541aad5d8c631debbb29c65c95f4d30137ed2aa0i0"
}