{
  "radius": 0.016225180121818103,
  "cOffset": [
    0.0002393706827944881,
    -4.107719022486406e-05
  ],
  "mOffset": [
    -0.007641424587247017,
    -0.0029753280511892856
  ],
  "yOffset": [
    -0.0006956239001612285,
    0.000739501979953916
  ],
  "kOffset": [
    114.67827768678623,
    94.35723459366547
  ],
  "noiseAmp": 1.1675325481927726e-06,
  "colorMode": 0,
  "sourceId": "11e0ab1f653675211944593bb87d1b875050c2f328ab175595d2e7189da9b2f8i0",
  "variationId": 125,
  "outliers": [],
  "isOutlier": false
}