{
  "radius": 0.013650466089698365,
  "cOffset": [
    -0.00372810918004383,
    -0.0004507177035704661
  ],
  "mOffset": [
    0.007618961939347835,
    9.041564495344874e-05
  ],
  "yOffset": [
    -0.001236532948217761,
    0.00026906868585797905
  ],
  "kOffset": [
    91.66725617241929,
    92.63313363138057
  ],
  "noiseAmp": 7.325357248823531e-07,
  "colorMode": 0,
  "sourceId": "63594e1b8512a5ad3215acfb7470f181444c773c0953d875f9713fca3d896774i0",
  "variationId": 28,
  "outliers": [],
  "isOutlier": false
}