{
  "radius": 2.1353024540991,
  "cOffset": [
    -0.0021256086725210043,
    -0.0012083433549762942
  ],
  "mOffset": [
    0.0038889404591745795,
    0.0003873996328236908
  ],
  "yOffset": [
    -0.002275477719153674,
    -0.0002110491808553054
  ],
  "kOffset": [
    20000,
    20000
  ],
  "noiseAmp": 4.976479946727005e-07,
  "colorMode": 0,
  "title": "Triumph of Bitcoin",
  "sourceId": "63594e1b8512a5ad3215acfb7470f181444c773c0953d875f9713fca3d896774i0",
  "variationId": 26,
  "outliers": [],
  "isOutlier": false
}