{
  "radius": 2.1871590165721497,
  "cOffset": [
    0.0035850173313019206,
    0.002266276746527543
  ],
  "mOffset": [
    -0.0038676697963456997,
    -0.0015026712777069509
  ],
  "yOffset": [
    -0.0030809708202200465,
    -0.0019453597325813897
  ],
  "kOffset": [
    20000,
    20000
  ],
  "noiseAmp": 3.5892264991114415e-06,
  "colorMode": 6,
  "title": "Triumph of Bitcoin",
  "sourceId": "7fcc33c4cb0081cfa85c5d1d541aad5d8c631debbb29c65c95f4d30137ed2aa0i0",
  "variationId": 240,
  "outliers": [
    "colorMode"
  ],
  "isOutlier": true
}