{
  "radius": 2.15,
  "cOffset": [
    -0.00093,
    -0.000244
  ],
  "mOffset": [
    -0.000589,
    -0.00233
  ],
  "yOffset": [
    0.00088,
    -0.00199
  ],
  "kOffset": [
    20000,
    20000
  ],
  "noiseAmp": 1.14e-05,
  "inkStatus": 0,
  "title": "Triumph of Science",
  "sourceId": "6461c2a49eba6c8220bf472d9a504554a0592470f0cdddddb0969e896a1a6ca9i0"
}