{
  "radius": 2.0798820376210174,
  "cOffset": [
    -0.003485871575507929,
    3.740813165353239e-05
  ],
  "mOffset": [
    0.0015113880182764077,
    -0.006898394596737719
  ],
  "yOffset": [
    -0.0014032616810950116,
    -0.0008703459793551272
  ],
  "kOffset": [
    20000,
    20000
  ],
  "noiseAmp": 1.4395131482577635e-06,
  "colorMode": 0,
  "title": "Triumph of Bitcoin",
  "sourceId": "cf3ae616cfa57b2304a43445a0025e16d1c36943ed15cb1af5898185cf0d88efi0",
  "variationId": 110,
  "outliers": [],
  "isOutlier": false
}