{
  "radius": 0.014205798949189313,
  "cOffset": [
    -0.003704314150589834,
    0.0002778517094558767
  ],
  "mOffset": [
    0.003041584040834757,
    0.003931422645970262
  ],
  "yOffset": [
    -0.0005233455057157941,
    0.0008007299528787495
  ],
  "kOffset": [
    102.25106175685686,
    107.47426189928005
  ],
  "noiseAmp": 9.144513982440093e-07,
  "colorMode": 0,
  "sourceId": "fbab7ffde03428ed7c11dc268605241b6e33ea212229b03fb1d8f21e289fae54i0",
  "variationId": 8,
  "outliers": [],
  "isOutlier": false
}