{
  "radius": 2.05,
  "cOffset": [
    -0.00377,
    0.00195
  ],
  "mOffset": [
    0.00733,
    -0.00426
  ],
  "yOffset": [
    -0.00141,
    -0.000603
  ],
  "kOffset": [
    20000,
    20000
  ],
  "noiseAmp": 5.94e-06,
  "inkStatus": 0,
  "title": "Triumph of Bitcoin",
  "wear": 37.8,
  "sourceId": "fb9fad20ede2f27b013efe9b408e6be1b3ff546dfca53eac86c7e0f1a632d551i0",
  "variationId": 203,
  "outliers": [],
  "isOutlier": false
}