{
  "radius": 1.87,
  "cOffset": [
    0.000926,
    0.001
  ],
  "mOffset": [
    -0.00357,
    0.00993
  ],
  "yOffset": [
    0.00185,
    -0.0027
  ],
  "kOffset": [
    20000,
    20000
  ],
  "noiseAmp": 4.4e-06,
  "inkStatus": 5,
  "title": "Triumph of Science",
  "wear": 50.4,
  "sourceId": "b1ff3531357fc4703e14454c8cfc606c79f88f87f908ec0d34a3e7eb02a843adi0",
  "variationId": 302,
  "outliers": [
    "inkStatus"
  ],
  "isOutlier": true
}