{
  "radius": 0.015731148727097185,
  "cOffset": [
    -0.003129695185027735,
    0.00028557295419092934
  ],
  "mOffset": [
    -0.004313917669387181,
    -0.003102334745899097
  ],
  "yOffset": [
    -0.00018056052134541684,
    0.0011878333489525248
  ],
  "kOffset": [
    83.72200557415972,
    122.64851451468778
  ],
  "noiseAmp": 2.5193462725395035e-06,
  "colorMode": 0,
  "sourceId": "ff08f64a29c957c1f376ca1d35c2ccb5851379da3df9618b8108f55ed65dfb39i0",
  "variationId": 219,
  "outliers": [],
  "isOutlier": false
}