{
  "radius": 2.23,
  "cOffset": [
    -0.00316,
    0.00104
  ],
  "mOffset": [
    -0.000552,
    0.00348
  ],
  "yOffset": [
    0.000835,
    0.00251
  ],
  "kOffset": [
    20000,
    20000
  ],
  "noiseAmp": 1.36e-05,
  "inkStatus": 0,
  "title": "Triumph of Science",
  "sourceId": "806d80e7cf7f39208eccf59102e0086d6b593dbe3152777ef31dfc869a02340fi0"
}