{
  "radius": 2.46,
  "cOffset": [
    0.00877,
    -0.00131
  ],
  "mOffset": [
    -0.00183,
    -0.00567
  ],
  "yOffset": [
    -0.000545,
    -3.99e-05
  ],
  "kOffset": [
    20000,
    20000
  ],
  "noiseAmp": 2.64e-06,
  "inkStatus": 0,
  "title": "Triumph of Science",
  "sourceId": "806d80e7cf7f39208eccf59102e0086d6b593dbe3152777ef31dfc869a02340fi0"
}