{
  "radius": 0.016223628809033268,
  "cOffset": [
    -0.005889790958849445,
    0.00010587048709589086
  ],
  "mOffset": [
    0.026908573143581523,
    0.037137775319296754
  ],
  "yOffset": [
    -0.00036750992494732996,
    0.0011619353027785462
  ],
  "kOffset": [
    108.65346602107452,
    115.35837415793969
  ],
  "noiseAmp": 3.7682285531520943e-07,
  "colorMode": 0,
  "sourceId": "cf3ae616cfa57b2304a43445a0025e16d1c36943ed15cb1af5898185cf0d88efi0",
  "variationId": 112,
  "outliers": [
    "mOffset"
  ],
  "isOutlier": true
}