{
  "radius": 2.23,
  "cOffset": [
    0.00297,
    -0.0103
  ],
  "mOffset": [
    -0.0167,
    0.054
  ],
  "yOffset": [
    -0.00208,
    0.00701
  ],
  "kOffset": [
    20000,
    20000
  ],
  "noiseAmp": 7.97e-06,
  "inkStatus": 0,
  "title": "Triumph of Bitcoin",
  "wear": 54.1,
  "sourceId": "ec11a3e19cb22adf6a880c63b1daf19568cf5a6717572bfd123d91f15fe4d241i0",
  "variationId": 151,
  "outliers": [
    "cOffset",
    "mOffset"
  ],
  "isOutlier": true
}