{
  "radius": 2.16,
  "cOffset": [
    -0.00506,
    -0.0345
  ],
  "mOffset": [
    0.00523,
    0.00714
  ],
  "yOffset": [
    0.00229,
    0.000514
  ],
  "kOffset": [
    20000,
    20000
  ],
  "noiseAmp": 1.53e-05,
  "inkStatus": 0,
  "title": "Triumph of Bitcoin",
  "sourceId": "5f53dd709a8d2e350674d86679ff550763502a0ff8c2b567cefa4b52f736aa7fi0"
}