{
  "radius": 2.0708977254224594,
  "cOffset": [
    -0.001084185693495652,
    -0.0027787132651804864
  ],
  "mOffset": [
    -0.0051340110142112805,
    0.00417309334788494
  ],
  "yOffset": [
    0.001395073935833867,
    0.0022426609937762332
  ],
  "kOffset": [
    20000,
    20000
  ],
  "noiseAmp": 8.001919609199731e-07,
  "colorMode": 0,
  "title": "Triumph of Bitcoin",
  "sourceId": "ff08f64a29c957c1f376ca1d35c2ccb5851379da3df9618b8108f55ed65dfb39i0",
  "variationId": 220,
  "outliers": [],
  "isOutlier": false
}