{
  "radius": 0.015355709993994238,
  "cOffset": [
    0.0013803190933263862,
    -0.0002527146687759764
  ],
  "mOffset": [
    -0.0018924340891562227,
    0.003270034930034827
  ],
  "yOffset": [
    -0.0002636972780713949,
    -0.0018041849099466635
  ],
  "kOffset": [
    98.02912228054532,
    92.23328287452082
  ],
  "noiseAmp": 2.7317301087044877e-07,
  "colorMode": 0,
  "sourceId": "63594e1b8512a5ad3215acfb7470f181444c773c0953d875f9713fca3d896774i0",
  "variationId": 37,
  "outliers": [],
  "isOutlier": false
}