{
  "radius": 2.03,
  "cOffset": [
    0.00268,
    0.00213
  ],
  "mOffset": [
    0.00132,
    0.0013
  ],
  "yOffset": [
    0.000296,
    -0.00258
  ],
  "kOffset": [
    20000,
    20000
  ],
  "noiseAmp": 1.57e-05,
  "inkStatus": 0,
  "title": "Triumph of Science",
  "sourceId": "806d80e7cf7f39208eccf59102e0086d6b593dbe3152777ef31dfc869a02340fi0"
}