{
  "radius": 2.11,
  "cOffset": [
    0.00412,
    -0.00489
  ],
  "mOffset": [
    0.00186,
    -0.00237
  ],
  "yOffset": [
    -0.000631,
    0.000677
  ],
  "kOffset": [
    20000,
    20000
  ],
  "noiseAmp": 1.54e-05,
  "inkStatus": 0,
  "title": "Triumph of Bitcoin",
  "sourceId": "ec11a3e19cb22adf6a880c63b1daf19568cf5a6717572bfd123d91f15fe4d241i0"
}