{
  "radius": 0.015800320566970016,
  "cOffset": [
    0.0016745596547876123,
    0.0003475655777900128
  ],
  "mOffset": [
    -0.004292381360606561,
    0.003092922542377211
  ],
  "yOffset": [
    0.00023097055647515325,
    6.230657834229849e-05
  ],
  "kOffset": [
    107.33195659521061,
    111.01459793508009
  ],
  "noiseAmp": 1.882729964177453e-06,
  "colorMode": 0,
  "sourceId": "11e0ab1f653675211944593bb87d1b875050c2f328ab175595d2e7189da9b2f8i0",
  "variationId": 122,
  "outliers": [],
  "isOutlier": false
}