{
  "radius": 2.17,
  "cOffset": [
    0.00109,
    -0.00233
  ],
  "mOffset": [
    0.0016,
    -0.00098
  ],
  "yOffset": [
    -0.00476,
    0.00516
  ],
  "kOffset": [
    20000,
    20000
  ],
  "noiseAmp": 1.05e-05,
  "inkStatus": 3,
  "title": "Triumph of Bitcoin",
  "wear": 52.2,
  "sourceId": "ec11a3e19cb22adf6a880c63b1daf19568cf5a6717572bfd123d91f15fe4d241i0",
  "variationId": 152,
  "outliers": [
    "inkStatus"
  ],
  "isOutlier": true
}