{
  "radius": 2.01,
  "cOffset": [
    -0.000309,
    -1.63e-05
  ],
  "mOffset": [
    -0.000814,
    0.00854
  ],
  "yOffset": [
    0.00232,
    0.00282
  ],
  "kOffset": [
    20000,
    20000
  ],
  "noiseAmp": 6.61e-06,
  "inkStatus": 6,
  "title": "Triumph of Bitcoin",
  "wear": 69.7,
  "sourceId": "63594e1b8512a5ad3215acfb7470f181444c773c0953d875f9713fca3d896774i0",
  "variationId": 28,
  "outliers": [
    "inkStatus",
    "wear"
  ],
  "isOutlier": true
}