{
  "radius": 2.2,
  "cOffset": [
    -0.000514,
    -0.00343
  ],
  "mOffset": [
    0.00209,
    -0.00424
  ],
  "yOffset": [
    0.00133,
    -0.00109
  ],
  "kOffset": [
    20000,
    20000
  ],
  "noiseAmp": 6.19e-06,
  "inkStatus": 0,
  "title": "Triumph of Bitcoin",
  "sourceId": "ff08f64a29c957c1f376ca1d35c2ccb5851379da3df9618b8108f55ed65dfb39i0"
}