{
  "radius": 2.35,
  "cOffset": [
    -0.000794,
    -0.000796
  ],
  "mOffset": [
    0.000611,
    0.000217
  ],
  "yOffset": [
    -0.00182,
    -0.000488
  ],
  "kOffset": [
    20000,
    20000
  ],
  "noiseAmp": 1.16e-05,
  "inkStatus": 0,
  "title": "Triumph of Bitcoin",
  "wear": 37.8,
  "sourceId": "7fcc33c4cb0081cfa85c5d1d541aad5d8c631debbb29c65c95f4d30137ed2aa0i0",
  "variationId": 261,
  "outliers": [],
  "isOutlier": false
}