{
  "radius": 2.23,
  "cOffset": [
    -0.0011,
    -0.00134
  ],
  "mOffset": [
    -0.000795,
    0.00351
  ],
  "yOffset": [
    -0.00199,
    -0.00206
  ],
  "kOffset": [
    20000,
    20000
  ],
  "noiseAmp": 1.99e-05,
  "inkStatus": 0,
  "title": "Triumph of Bitcoin",
  "wear": 47.3,
  "sourceId": "7fcc33c4cb0081cfa85c5d1d541aad5d8c631debbb29c65c95f4d30137ed2aa0i0",
  "variationId": 258,
  "outliers": [],
  "isOutlier": false
}