{
  "radius": 2.455856385622791,
  "cOffset": [
    0.0005555551334338132,
    -0.0016766976327174386
  ],
  "mOffset": [
    -0.07280681731676608,
    0.0005669807553165188
  ],
  "yOffset": [
    0.05761214145382707,
    0.012430347127395942
  ],
  "kOffset": [
    20000,
    20000
  ],
  "noiseAmp": 1.3511102241533314e-05,
  "colorMode": 0,
  "title": "Triumph of Bitcoin",
  "sourceId": "fb9fad20ede2f27b013efe9b408e6be1b3ff546dfca53eac86c7e0f1a632d551i0",
  "variationId": 205,
  "outliers": [
    "yOffset",
    "mOffset"
  ],
  "isOutlier": true
}