{
  "radius": 0.014502400167631942,
  "cOffset": [
    0.004944808902982204,
    0.00043490767194224723
  ],
  "mOffset": [
    -0.002436368867813714,
    0.004079849288575979
  ],
  "yOffset": [
    0.0004747719833771489,
    0.0003746685701692681
  ],
  "kOffset": [
    99.23786703367809,
    87.08743959397317
  ],
  "noiseAmp": 4.632875182806541e-07,
  "colorMode": 0,
  "sourceId": "fb9fad20ede2f27b013efe9b408e6be1b3ff546dfca53eac86c7e0f1a632d551i0",
  "variationId": 197,
  "outliers": [],
  "isOutlier": false
}