{
  "radius": 2.13,
  "cOffset": [
    -0.00035,
    -0.00262
  ],
  "mOffset": [
    -0.00159,
    -0.0134
  ],
  "yOffset": [
    0.00214,
    -0.00129
  ],
  "kOffset": [
    20000,
    20000
  ],
  "noiseAmp": 1.22e-05,
  "inkStatus": 0,
  "title": "Triumph of Bitcoin",
  "sourceId": "ec11a3e19cb22adf6a880c63b1daf19568cf5a6717572bfd123d91f15fe4d241i0"
}