{
  "radius": 0.015258027786417286,
  "cOffset": [
    -0.002681255010643178,
    -9.984408000304645e-06
  ],
  "mOffset": [
    0.005585010337075594,
    0.0031310868883888216
  ],
  "yOffset": [
    0.0017862394532271156,
    2.5820265045540342e-05
  ],
  "kOffset": [
    88.3797465465215,
    101.74938203646167
  ],
  "noiseAmp": 7.876913174472127e-07,
  "colorMode": 0,
  "sourceId": "5f53dd709a8d2e350674d86679ff550763502a0ff8c2b567cefa4b52f736aa7fi0",
  "variationId": 55,
  "outliers": [],
  "isOutlier": false
}