{
  "radius": 2.08,
  "cOffset": [
    0.0032,
    0.00056
  ],
  "mOffset": [
    0.00723,
    -0.006
  ],
  "yOffset": [
    -0.00304,
    -0.00033
  ],
  "kOffset": [
    20000,
    20000
  ],
  "noiseAmp": 7.99e-06,
  "inkStatus": 0,
  "title": "Triumph of Science",
  "sourceId": "b1ff3531357fc4703e14454c8cfc606c79f88f87f908ec0d34a3e7eb02a843adi0"
}