{
  "radius": 2.02,
  "cOffset": [
    0.00381,
    -0.00293
  ],
  "mOffset": [
    0.00297,
    0.00489
  ],
  "yOffset": [
    -0.00449,
    -0.00113
  ],
  "kOffset": [
    20000,
    20000
  ],
  "noiseAmp": 3.69e-06,
  "inkStatus": 0,
  "title": "Triumph of Bitcoin",
  "sourceId": "ec11a3e19cb22adf6a880c63b1daf19568cf5a6717572bfd123d91f15fe4d241i0"
}