{
  "radius": 2.32,
  "cOffset": [
    -0.00437,
    0.00497
  ],
  "mOffset": [
    0.00332,
    -0.00437
  ],
  "yOffset": [
    0.0173,
    0.0375
  ],
  "kOffset": [
    20000,
    20000
  ],
  "noiseAmp": 2.12e-06,
  "inkStatus": 0,
  "title": "Triumph of Bitcoin",
  "sourceId": "ec11a3e19cb22adf6a880c63b1daf19568cf5a6717572bfd123d91f15fe4d241i0"
}