{
  "radius": 2.1443014046267526,
  "cOffset": [
    -0.00028743151544617976,
    0.00011732148406073417
  ],
  "mOffset": [
    -0.0014539563204205175,
    0.007325784869408765
  ],
  "yOffset": [
    0.006488474218292647,
    -0.006751189535110867
  ],
  "kOffset": [
    20000,
    20000
  ],
  "noiseAmp": 3.2443973039716496e-06,
  "colorMode": 0,
  "title": "Triumph of Bitcoin",
  "sourceId": "cf3ae616cfa57b2304a43445a0025e16d1c36943ed15cb1af5898185cf0d88efi0",
  "variationId": 96,
  "outliers": [],
  "isOutlier": false
}