{
  "radius": 2.138939107341838,
  "cOffset": [
    -0.0009444308460124089,
    0.002475595445890259
  ],
  "mOffset": [
    -0.0002556418088890867,
    -0.004165382704877972
  ],
  "yOffset": [
    0.0020404912029764423,
    0.005464603514003424
  ],
  "kOffset": [
    20000,
    20000
  ],
  "noiseAmp": 1.2995702119378781e-05,
  "colorMode": 0,
  "title": "Triumph of Bitcoin",
  "sourceId": "ff08f64a29c957c1f376ca1d35c2ccb5851379da3df9618b8108f55ed65dfb39i0",
  "variationId": 216,
  "outliers": [],
  "isOutlier": false
}