{
  "radius": 2.0754976043659537,
  "cOffset": [
    -0.0007238856209277809,
    -0.0022563546823068568
  ],
  "mOffset": [
    0.0005760447223320506,
    -0.002041996981081127
  ],
  "yOffset": [
    -0.002270418468708576,
    -0.0015959668823719076
  ],
  "kOffset": [
    20000,
    20000
  ],
  "noiseAmp": 5.28170937140149e-06,
  "colorMode": 0,
  "title": "Triumph of Science",
  "sourceId": "b1ff3531357fc4703e14454c8cfc606c79f88f87f908ec0d34a3e7eb02a843adi0",
  "variationId": 300,
  "outliers": [],
  "isOutlier": false
}