{
  "radius": 2.31,
  "cOffset": [
    -0.00193,
    0.0018
  ],
  "mOffset": [
    -0.0079,
    0.00109
  ],
  "yOffset": [
    -0.000825,
    0.00303
  ],
  "kOffset": [
    20000,
    20000
  ],
  "noiseAmp": 1.36e-05,
  "inkStatus": 1,
  "title": "Triumph of Bitcoin",
  "wear": 44.1,
  "sourceId": "63594e1b8512a5ad3215acfb7470f181444c773c0953d875f9713fca3d896774i0",
  "variationId": 43,
  "outliers": [
    "inkStatus"
  ],
  "isOutlier": true
}