{
  "radius": 0.014695002639996832,
  "cOffset": [
    -0.003734042132987448,
    -4.3952147455380116e-05
  ],
  "mOffset": [
    -0.00431088220982098,
    -0.003103615083214865
  ],
  "yOffset": [
    -0.00016109166598107284,
    0.0012773517979572694
  ],
  "kOffset": [
    79.01212859274884,
    90.89625887236878
  ],
  "noiseAmp": 5.302617728364379e-07,
  "colorMode": 0,
  "sourceId": "b1ff3531357fc4703e14454c8cfc606c79f88f87f908ec0d34a3e7eb02a843adi0",
  "variationId": 308,
  "outliers": [],
  "isOutlier": false
}