{
  "radius": 2.23,
  "cOffset": [
    0.00584,
    -0.000154
  ],
  "mOffset": [
    -0.00151,
    0.00509
  ],
  "yOffset": [
    -0.00234,
    -0.000892
  ],
  "kOffset": [
    20000,
    20000
  ],
  "noiseAmp": 1.03e-07,
  "inkStatus": 0,
  "title": "Triumph of Bitcoin",
  "sourceId": "7fcc33c4cb0081cfa85c5d1d541aad5d8c631debbb29c65c95f4d30137ed2aa0i0"
}