{
  "radius": 0.014669053703991328,
  "cOffset": [
    -0.0014735206145020882,
    0.00047246196973623004
  ],
  "mOffset": [
    0.0011547501714358932,
    -0.0008955367046595726
  ],
  "yOffset": [
    0.0005370512772569349,
    0.0005977336977940765
  ],
  "kOffset": [
    106.23047870848698,
    88.26740097218173
  ],
  "noiseAmp": 2.1532611674291725e-08,
  "colorMode": 0,
  "sourceId": "63594e1b8512a5ad3215acfb7470f181444c773c0953d875f9713fca3d896774i0",
  "variationId": 29,
  "outliers": [],
  "isOutlier": false
}