{
  "radius": 2.1912750293526195,
  "cOffset": [
    -0.00016666986269561697,
    -0.0005676494169343795
  ],
  "mOffset": [
    0.005990157476584821,
    -0.00016092185682074677
  ],
  "yOffset": [
    -0.0017011432202026727,
    -0.001192428238059978
  ],
  "kOffset": [
    20000,
    20000
  ],
  "noiseAmp": 3.1941395548153016e-06,
  "colorMode": 0,
  "title": "Triumph of Bitcoin",
  "sourceId": "11e0ab1f653675211944593bb87d1b875050c2f328ab175595d2e7189da9b2f8i0",
  "variationId": 134,
  "outliers": [],
  "isOutlier": false
}