{
  "radius": 2.23,
  "cOffset": [
    0.00347,
    -0.00369
  ],
  "mOffset": [
    -0.00185,
    0.006
  ],
  "yOffset": [
    0.00243,
    0.000116
  ],
  "kOffset": [
    20000,
    20000
  ],
  "noiseAmp": 1.18e-05,
  "inkStatus": 0,
  "title": "Triumph of Bitcoin",
  "sourceId": "fbab7ffde03428ed7c11dc268605241b6e33ea212229b03fb1d8f21e289fae54i0"
}