{
  "radius": 2.3,
  "cOffset": [
    -7.38e-05,
    -0.00388
  ],
  "mOffset": [
    0.00572,
    -0.00581
  ],
  "yOffset": [
    0.00238,
    0.000799
  ],
  "kOffset": [
    20000,
    20000
  ],
  "noiseAmp": 2.23e-05,
  "inkStatus": 0,
  "title": "Triumph of Bitcoin",
  "sourceId": "a4fca8cd68283460126b88cce9a4d7462917eae4e6c1a5f91300fb9280eae7dbi0"
}