{
  "radius": 0.016452663168794016,
  "cOffset": [
    -0.0015689115648580892,
    0.00034587106063556453
  ],
  "mOffset": [
    -0.007208257750089928,
    -0.00041164769791686385
  ],
  "yOffset": [
    -0.0004903687177841377,
    -0.0016119816397442645
  ],
  "kOffset": [
    104.13318187220017,
    115.0118843311397
  ],
  "noiseAmp": 3.2790048785154973e-07,
  "colorMode": 0,
  "sourceId": "63594e1b8512a5ad3215acfb7470f181444c773c0953d875f9713fca3d896774i0",
  "variationId": 43,
  "outliers": [],
  "isOutlier": false
}