{
  "radius": 2.11,
  "cOffset": [
    0.0027,
    -0.000428
  ],
  "mOffset": [
    -0.00189,
    -0.00146
  ],
  "yOffset": [
    -0.00312,
    -0.0015
  ],
  "kOffset": [
    20000,
    20000
  ],
  "noiseAmp": 1.89e-05,
  "inkStatus": 0,
  "title": "Triumph of Science",
  "wear": 68.8,
  "sourceId": "806d80e7cf7f39208eccf59102e0086d6b593dbe3152777ef31dfc869a02340fi0",
  "variationId": 320,
  "outliers": [],
  "isOutlier": false
}