{
  "radius": 2.2176020970989825,
  "cOffset": [
    0.0030666964092160675,
    -0.0014329780033259124
  ],
  "mOffset": [
    -0.001518784965445625,
    0.00288711460567869
  ],
  "yOffset": [
    0.00010488633246037422,
    0.007348809213435872
  ],
  "kOffset": [
    20000,
    20000
  ],
  "noiseAmp": 5.437978699490161e-06,
  "colorMode": 0,
  "title": "Triumph of Bitcoin",
  "sourceId": "ba4b86348a6e7bad9deeb21752cf790694355b639650c679ce5b1c61feeab004i0",
  "variationId": 182,
  "outliers": [],
  "isOutlier": false
}