{
  "radius": 0.014516887333721638,
  "cOffset": [
    0.00258432378293855,
    -0.00027525084491543655
  ],
  "mOffset": [
    0.001111117495545267,
    0.002861358576223039
  ],
  "yOffset": [
    0.0031607475458351425,
    -0.0030193532665673006
  ],
  "kOffset": [
    89.86320878275592,
    100.60772496774048
  ],
  "noiseAmp": 1.7357373562494677e-06,
  "colorMode": 0,
  "sourceId": "63594e1b8512a5ad3215acfb7470f181444c773c0953d875f9713fca3d896774i0",
  "variationId": 39,
  "outliers": [],
  "isOutlier": false
}