{
  "radius": 2.274073168839437,
  "cOffset": [
    -0.0036862516078432213,
    -0.0011864502246115315
  ],
  "mOffset": [
    -0.0007584117850951012,
    -0.00041164672484391237
  ],
  "yOffset": [
    0.00031103052082182014,
    -0.004985137812232535
  ],
  "kOffset": [
    20000,
    20000
  ],
  "noiseAmp": 1.112836589327515e-05,
  "colorMode": 0,
  "title": "Triumph of Bitcoin",
  "sourceId": "ff08f64a29c957c1f376ca1d35c2ccb5851379da3df9618b8108f55ed65dfb39i0",
  "variationId": 234,
  "outliers": [],
  "isOutlier": false
}