{
  "radius": 0.0149231032594946,
  "cOffset": [
    -0.0015129968865444483,
    6.800636509174563e-05
  ],
  "mOffset": [
    0.001395409915990742,
    -0.003677262156718873
  ],
  "yOffset": [
    -0.0012928710254011763,
    6.605488366698243e-06
  ],
  "kOffset": [
    117.22086955542133,
    82.2099150806115
  ],
  "noiseAmp": 7.543220455933635e-07,
  "colorMode": 0,
  "sourceId": "11e0ab1f653675211944593bb87d1b875050c2f328ab175595d2e7189da9b2f8i0",
  "variationId": 140,
  "outliers": [],
  "isOutlier": false
}