{
  "radius": 2.26,
  "cOffset": [
    -0.00482,
    0.00118
  ],
  "mOffset": [
    -0.0011,
    0.0036
  ],
  "yOffset": [
    -0.00392,
    -0.000977
  ],
  "kOffset": [
    20000,
    20000
  ],
  "noiseAmp": 4.17e-05,
  "inkStatus": 4,
  "title": "Triumph of Bitcoin",
  "wear": 47.6,
  "sourceId": "a4fca8cd68283460126b88cce9a4d7462917eae4e6c1a5f91300fb9280eae7dbi0",
  "variationId": 75,
  "outliers": [
    "inkStatus",
    "noiseAmp"
  ],
  "isOutlier": true
}