{
  "radius": 2.24,
  "cOffset": [
    0.0021,
    -0.00281
  ],
  "mOffset": [
    -0.000251,
    -0.00439
  ],
  "yOffset": [
    -0.00315,
    0.000376
  ],
  "kOffset": [
    20000,
    20000
  ],
  "noiseAmp": 2.94e-06,
  "inkStatus": 0,
  "title": "Triumph of Bitcoin",
  "sourceId": "7fcc33c4cb0081cfa85c5d1d541aad5d8c631debbb29c65c95f4d30137ed2aa0i0"
}