{
  "radius": 2.27452091125284,
  "cOffset": [
    0.00038711096399754496,
    -0.00039989162631165503
  ],
  "mOffset": [
    -0.0024095040260010614,
    0.0023284189142646337
  ],
  "yOffset": [
    0.003191168313830307,
    0.0027675686001936107
  ],
  "kOffset": [
    20000,
    20000
  ],
  "noiseAmp": 1.425969857837583e-06,
  "colorMode": 0,
  "title": "Triumph of Bitcoin",
  "sourceId": "63594e1b8512a5ad3215acfb7470f181444c773c0953d875f9713fca3d896774i0",
  "variationId": 28,
  "outliers": [],
  "isOutlier": false
}