{
  "radius": 2.19,
  "cOffset": [
    -0.00196,
    0.00135
  ],
  "mOffset": [
    0.00215,
    0.00595
  ],
  "yOffset": [
    0.00103,
    9.69e-05
  ],
  "kOffset": [
    20000,
    20000
  ],
  "noiseAmp": 4.36e-06,
  "inkStatus": 0,
  "title": "Triumph of Bitcoin",
  "wear": 56.2,
  "sourceId": "63594e1b8512a5ad3215acfb7470f181444c773c0953d875f9713fca3d896774i0",
  "variationId": 33,
  "outliers": [],
  "isOutlier": false
}