{
  "radius": 0.014832798233908444,
  "cOffset": [
    0.004288194127758867,
    -0.00015632271320395648
  ],
  "mOffset": [
    0.00373778553879203,
    -0.006671997882749482
  ],
  "yOffset": [
    -2.0790425160232116e-05,
    -0.00017590071812435254
  ],
  "kOffset": [
    100.64072412073449,
    95.63373432295978
  ],
  "noiseAmp": 6.562470620419839e-07,
  "colorMode": 0,
  "sourceId": "7fcc33c4cb0081cfa85c5d1d541aad5d8c631debbb29c65c95f4d30137ed2aa0i0",
  "variationId": 253,
  "outliers": [],
  "isOutlier": false
}