{
  "radius": 0.01625337075508444,
  "cOffset": [
    -0.0023552844435250158,
    2.9548858236729252e-05
  ],
  "mOffset": [
    -0.004140243404761218,
    -0.003919192476976326
  ],
  "yOffset": [
    5.674651547933461e-05,
    -3.449514588371336e-05
  ],
  "kOffset": [
    85.17272293320133,
    115.13030296208278
  ],
  "noiseAmp": 4.491108705010456e-07,
  "colorMode": 0,
  "sourceId": "11e0ab1f653675211944593bb87d1b875050c2f328ab175595d2e7189da9b2f8i0",
  "variationId": 127,
  "outliers": [],
  "isOutlier": false
}