{
  "radius": 2.3330283272151227,
  "cOffset": [
    0.0011082330742539328,
    0.003650045080261006
  ],
  "mOffset": [
    0.004725417073133525,
    0.005279982340907837
  ],
  "yOffset": [
    -0.0021089795838401563,
    0.0015982892092849484
  ],
  "kOffset": [
    20000,
    20000
  ],
  "noiseAmp": 6.168698328252851e-06,
  "colorMode": 0,
  "title": "Triumph of Bitcoin",
  "sourceId": "5f53dd709a8d2e350674d86679ff550763502a0ff8c2b567cefa4b52f736aa7fi0",
  "variationId": 71,
  "outliers": [],
  "isOutlier": false
}