{
  "radius": 2.2518767311922008,
  "cOffset": [
    -0.0013004030764146382,
    0.0006354793884089268
  ],
  "mOffset": [
    -0.006298745400127424,
    0.010037988622223734
  ],
  "yOffset": [
    -0.00048462197461503236,
    0.001485994600546173
  ],
  "kOffset": [
    20000,
    20000
  ],
  "noiseAmp": 1.447352435237359e-05,
  "colorMode": 0,
  "title": "Triumph of Science",
  "sourceId": "806d80e7cf7f39208eccf59102e0086d6b593dbe3152777ef31dfc869a02340fi0",
  "variationId": 322,
  "outliers": [],
  "isOutlier": false
}