{
  "radius": 2.13,
  "cOffset": [
    -0.00206,
    -0.0051
  ],
  "mOffset": [
    -0.000925,
    0.00335
  ],
  "yOffset": [
    0.00166,
    -0.00347
  ],
  "kOffset": [
    20000,
    20000
  ],
  "noiseAmp": 6.99e-07,
  "inkStatus": 0,
  "title": "Triumph of Bitcoin",
  "sourceId": "5f53dd709a8d2e350674d86679ff550763502a0ff8c2b567cefa4b52f736aa7fi0"
}