{
  "radius": 1.9,
  "cOffset": [
    -0.00142,
    0.00111
  ],
  "mOffset": [
    -0.00197,
    -0.00606
  ],
  "yOffset": [
    0.00145,
    -0.000571
  ],
  "kOffset": [
    20000,
    20000
  ],
  "noiseAmp": 1.04e-05,
  "inkStatus": 0,
  "title": "Triumph of Bitcoin",
  "wear": 51.8,
  "sourceId": "fbab7ffde03428ed7c11dc268605241b6e33ea212229b03fb1d8f21e289fae54i0",
  "variationId": 14,
  "outliers": [],
  "isOutlier": false
}