{
  "radius": 2.13,
  "cOffset": [
    0.00221,
    -0.00222
  ],
  "mOffset": [
    -0.00378,
    -0.000541
  ],
  "yOffset": [
    0.000763,
    0.00493
  ],
  "kOffset": [
    20000,
    20000
  ],
  "noiseAmp": 6.02e-06,
  "inkStatus": 0,
  "title": "Triumph of Science",
  "wear": 63.3,
  "sourceId": "806d80e7cf7f39208eccf59102e0086d6b593dbe3152777ef31dfc869a02340fi0",
  "variationId": 323,
  "outliers": [],
  "isOutlier": false
}