{
  "radius": 2.27,
  "cOffset": [
    -3.85e-05,
    0.00173
  ],
  "mOffset": [
    0.066,
    -0.0169
  ],
  "yOffset": [
    0.00203,
    0.00114
  ],
  "kOffset": [
    20000,
    20000
  ],
  "noiseAmp": 3.07e-05,
  "inkStatus": 0,
  "title": "Triumph of Science",
  "sourceId": "b1ff3531357fc4703e14454c8cfc606c79f88f87f908ec0d34a3e7eb02a843adi0"
}