{
  "radius": 2.216682448552652,
  "cOffset": [
    0.0005334375357387708,
    0.0009038468169760088
  ],
  "mOffset": [
    0.0009379253458689048,
    -0.004262574570311001
  ],
  "yOffset": [
    0.00018190793127365517,
    -0.0007922381130736608
  ],
  "kOffset": [
    20000,
    20000
  ],
  "noiseAmp": 1.0204131348378316e-05,
  "colorMode": 0,
  "title": "Triumph of Bitcoin",
  "sourceId": "ec11a3e19cb22adf6a880c63b1daf19568cf5a6717572bfd123d91f15fe4d241i0",
  "variationId": 155,
  "outliers": [],
  "isOutlier": false
}