{
  "radius": 2.0648341395715044,
  "cOffset": [
    -0.0002716013813586958,
    -0.0014813419790462765
  ],
  "mOffset": [
    0.0027608644751832964,
    -0.0011048876485265603
  ],
  "yOffset": [
    -0.0011544637463621287,
    0.0005070555693045023
  ],
  "kOffset": [
    20000,
    20000
  ],
  "noiseAmp": 1.0962764801170412e-05,
  "colorMode": 0,
  "title": "Triumph of Science",
  "sourceId": "6461c2a49eba6c8220bf472d9a504554a0592470f0cdddddb0969e896a1a6ca9i0",
  "variationId": 265,
  "outliers": [],
  "isOutlier": false
}