{
  "radius": 2.35,
  "cOffset": [
    0.00232,
    -0.00147
  ],
  "mOffset": [
    -0.00559,
    0.00207
  ],
  "yOffset": [
    0.000234,
    -0.00132
  ],
  "kOffset": [
    20000,
    20000
  ],
  "noiseAmp": 6.78e-06,
  "inkStatus": 0,
  "title": "Triumph of Science",
  "sourceId": "806d80e7cf7f39208eccf59102e0086d6b593dbe3152777ef31dfc869a02340fi0"
}