{
  "radius": 2.05,
  "cOffset": [
    -0.00392,
    -0.00244
  ],
  "mOffset": [
    -0.000688,
    -0.00437
  ],
  "yOffset": [
    -0.00623,
    -0.036
  ],
  "kOffset": [
    20000,
    20000
  ],
  "noiseAmp": 1.14e-05,
  "inkStatus": 0,
  "title": "Triumph of Bitcoin",
  "wear": 48.2,
  "sourceId": "ec11a3e19cb22adf6a880c63b1daf19568cf5a6717572bfd123d91f15fe4d241i0",
  "variationId": 144,
  "outliers": [
    "yOffset"
  ],
  "isOutlier": true
}