{
  "radius": 2.18,
  "cOffset": [
    0.000515,
    5.57e-05
  ],
  "mOffset": [
    -0.0127,
    -0.00427
  ],
  "yOffset": [
    -0.00199,
    0.00461
  ],
  "kOffset": [
    20000,
    20000
  ],
  "noiseAmp": 4.66e-06,
  "inkStatus": 0,
  "title": "Triumph of Bitcoin",
  "sourceId": "fb9fad20ede2f27b013efe9b408e6be1b3ff546dfca53eac86c7e0f1a632d551i0"
}