{
  "radius": 2.0122224785549045,
  "cOffset": [
    0.00189417460667923,
    -0.002655211057145524
  ],
  "mOffset": [
    0.0009470059386506743,
    0.0073372952675658755
  ],
  "yOffset": [
    0.002360411235624062,
    -0.005088389015290081
  ],
  "kOffset": [
    20000,
    20000
  ],
  "noiseAmp": 1.3519678844098766e-06,
  "colorMode": 0,
  "title": "Triumph of Bitcoin",
  "sourceId": "fb9fad20ede2f27b013efe9b408e6be1b3ff546dfca53eac86c7e0f1a632d551i0",
  "variationId": 206,
  "outliers": [],
  "isOutlier": false
}