{
  "radius": 2.16621523217619,
  "cOffset": [
    -0.0005609726967166615,
    -0.001126649087529435
  ],
  "mOffset": [
    -0.001687935327926812,
    0.0005538156107639852
  ],
  "yOffset": [
    -0.004464484091399135,
    0.0026470520788481507
  ],
  "kOffset": [
    20000,
    20000
  ],
  "noiseAmp": 4.6223096434160695e-06,
  "colorMode": 0,
  "title": "Triumph of Science",
  "sourceId": "6461c2a49eba6c8220bf472d9a504554a0592470f0cdddddb0969e896a1a6ca9i0",
  "variationId": 264,
  "outliers": [],
  "isOutlier": false
}