{
  "radius": 2.36,
  "cOffset": [
    0.000164,
    0.00394
  ],
  "mOffset": [
    -0.00512,
    -0.000411
  ],
  "yOffset": [
    0.00256,
    -5.23e-05
  ],
  "kOffset": [
    20000,
    20000
  ],
  "noiseAmp": 4.32e-06,
  "inkStatus": 6,
  "title": "Triumph of Science",
  "wear": 29.5,
  "sourceId": "b1ff3531357fc4703e14454c8cfc606c79f88f87f908ec0d34a3e7eb02a843adi0",
  "variationId": 298,
  "outliers": [
    "inkStatus"
  ],
  "isOutlier": true
}