{
  "radius": 1.94,
  "cOffset": [
    0.00165,
    -0.00273
  ],
  "mOffset": [
    0.00145,
    -0.000652
  ],
  "yOffset": [
    -0.000629,
    -0.00046
  ],
  "kOffset": [
    20000,
    20000
  ],
  "noiseAmp": 2.49e-06,
  "inkStatus": 0,
  "title": "Triumph of Bitcoin",
  "wear": 44.1,
  "sourceId": "ec11a3e19cb22adf6a880c63b1daf19568cf5a6717572bfd123d91f15fe4d241i0",
  "variationId": 167,
  "outliers": [],
  "isOutlier": false
}