{
  "radius": 2.09,
  "cOffset": [
    -0.00558,
    -0.00185
  ],
  "mOffset": [
    -0.00432,
    0.00212
  ],
  "yOffset": [
    0.00175,
    0.00276
  ],
  "kOffset": [
    20000,
    20000
  ],
  "noiseAmp": 5.35e-06,
  "inkStatus": 0,
  "title": "Triumph of Bitcoin",
  "wear": 65.0,
  "sourceId": "a4fca8cd68283460126b88cce9a4d7462917eae4e6c1a5f91300fb9280eae7dbi0",
  "variationId": 85,
  "outliers": [],
  "isOutlier": false
}