{
  "radius": 2.137091711216845,
  "cOffset": [
    0.00044748868101202467,
    -0.0018361303509921826
  ],
  "mOffset": [
    -0.0015407623124079725,
    -0.004109327230251324
  ],
  "yOffset": [
    -0.0005405358898228025,
    0.005241752432491138
  ],
  "kOffset": [
    20000,
    20000
  ],
  "noiseAmp": 9.29005843128997e-06,
  "colorMode": 0,
  "title": "Triumph of Bitcoin",
  "sourceId": "63594e1b8512a5ad3215acfb7470f181444c773c0953d875f9713fca3d896774i0",
  "variationId": 38,
  "outliers": [],
  "isOutlier": false
}