{
  "radius": 2.1753337362571887,
  "cOffset": [
    0.0006735733586128782,
    -0.0018839583439799286
  ],
  "mOffset": [
    0.00012502362025441875,
    -0.00025250727585481757
  ],
  "yOffset": [
    -4.0467732216128906e-05,
    -0.0007596526333237983
  ],
  "kOffset": [
    20000,
    20000
  ],
  "noiseAmp": 1.5012008491077205e-05,
  "colorMode": 0,
  "title": "Triumph of Science",
  "sourceId": "6461c2a49eba6c8220bf472d9a504554a0592470f0cdddddb0969e896a1a6ca9i0",
  "variationId": 275,
  "outliers": [],
  "isOutlier": false
}