{
  "radius": 0.015027549288731764,
  "cOffset": [
    0.0004115245231938235,
    0.00036442709092607685
  ],
  "mOffset": [
    -0.0016100873708955246,
    -0.0035810862900243316
  ],
  "yOffset": [
    -0.0017404347307833927,
    -0.00026464834028066224
  ],
  "kOffset": [
    93.51742517475702,
    76.7014466104826
  ],
  "noiseAmp": 1.147656941140596e-06,
  "colorMode": 0,
  "sourceId": "a4fca8cd68283460126b88cce9a4d7462917eae4e6c1a5f91300fb9280eae7dbi0",
  "variationId": 95,
  "outliers": [],
  "isOutlier": false
}