{
  "radius": 2.2366355011308006,
  "cOffset": [
    0.0034429573209111774,
    -0.0022528539972436405
  ],
  "mOffset": [
    -0.00489114204871181,
    -0.0005641673281765583
  ],
  "yOffset": [
    0.001756462227980115,
    0.000857086955224104
  ],
  "kOffset": [
    20000,
    20000
  ],
  "noiseAmp": 1.3092458167763028e-05,
  "colorMode": 0,
  "title": "Triumph of Bitcoin",
  "sourceId": "5f53dd709a8d2e350674d86679ff550763502a0ff8c2b567cefa4b52f736aa7fi0",
  "variationId": 49,
  "outliers": [],
  "isOutlier": false
}