{
  "radius": 2.083582060389601,
  "cOffset": [
    -0.0011364540447775387,
    0.0006959758111886275
  ],
  "mOffset": [
    -0.0007846001665064148,
    0.007931061550835467
  ],
  "yOffset": [
    0.001239969868226275,
    0.00030729746816767005
  ],
  "kOffset": [
    20000,
    20000
  ],
  "noiseAmp": 9.41787723065129e-06,
  "colorMode": 0,
  "title": "Triumph of Bitcoin",
  "sourceId": "11e0ab1f653675211944593bb87d1b875050c2f328ab175595d2e7189da9b2f8i0",
  "variationId": 141,
  "outliers": [],
  "isOutlier": false
}