{
  "radius": 0.015551147119071811,
  "cOffset": [
    -0.004771788274300505,
    -8.53945099040051e-05
  ],
  "mOffset": [
    -0.00040490179931520744,
    -0.008180279739568119
  ],
  "yOffset": [
    0.0012405455310898108,
    -0.0001917806944637825
  ],
  "kOffset": [
    132.57128297578882,
    112.96830467400592
  ],
  "noiseAmp": 3.2519067958010676e-07,
  "colorMode": 0,
  "sourceId": "ff08f64a29c957c1f376ca1d35c2ccb5851379da3df9618b8108f55ed65dfb39i0",
  "variationId": 234,
  "outliers": [],
  "isOutlier": false
}