{
  "radius": 2.353034608592589,
  "cOffset": [
    0.0002365970835024521,
    0.006275800650910209
  ],
  "mOffset": [
    0.002110695162231946,
    0.006679266576271912
  ],
  "yOffset": [
    -0.001834089911860231,
    -0.0006501215949315301
  ],
  "kOffset": [
    20000,
    20000
  ],
  "noiseAmp": 1.1462468930839119e-05,
  "colorMode": 0,
  "title": "Triumph of Bitcoin",
  "sourceId": "5f53dd709a8d2e350674d86679ff550763502a0ff8c2b567cefa4b52f736aa7fi0",
  "variationId": 50,
  "outliers": [],
  "isOutlier": false
}