{
  "radius": 2.12,
  "cOffset": [
    -0.00115,
    -0.00234
  ],
  "mOffset": [
    0.00184,
    0.00356
  ],
  "yOffset": [
    -0.00511,
    0.00271
  ],
  "kOffset": [
    20000,
    20000
  ],
  "noiseAmp": 3.39e-06,
  "inkStatus": 0,
  "title": "Triumph of Science",
  "sourceId": "806d80e7cf7f39208eccf59102e0086d6b593dbe3152777ef31dfc869a02340fi0"
}