{
  "radius": 2.23,
  "cOffset": [
    -0.00348,
    -0.00534
  ],
  "mOffset": [
    0.00607,
    -0.00328
  ],
  "yOffset": [
    -0.000675,
    -0.0019
  ],
  "kOffset": [
    20000,
    20000
  ],
  "noiseAmp": 1.18e-05,
  "inkStatus": 0,
  "title": "Triumph of Bitcoin",
  "sourceId": "ec11a3e19cb22adf6a880c63b1daf19568cf5a6717572bfd123d91f15fe4d241i0"
}