{
  "radius": 2.4131280461029596,
  "cOffset": [
    -0.00013367121511450276,
    0.0034910789912050767
  ],
  "mOffset": [
    0.008074254028010625,
    0.0029923750559967964
  ],
  "yOffset": [
    -0.0001345362552585611,
    0.002900907967014417
  ],
  "kOffset": [
    20000,
    20000
  ],
  "noiseAmp": 9.399810675146324e-07,
  "colorMode": 0,
  "title": "Triumph of Science",
  "sourceId": "806d80e7cf7f39208eccf59102e0086d6b593dbe3152777ef31dfc869a02340fi0",
  "variationId": 327,
  "outliers": [],
  "isOutlier": false
}