{
  "radius": 2.13,
  "cOffset": [
    -0.000644,
    -0.00238
  ],
  "mOffset": [
    0.00237,
    0.00404
  ],
  "yOffset": [
    -0.00192,
    -0.00185
  ],
  "kOffset": [
    20000,
    20000
  ],
  "noiseAmp": 5.83e-06,
  "inkStatus": 0,
  "title": "Triumph of Bitcoin",
  "wear": 38.1,
  "sourceId": "ba4b86348a6e7bad9deeb21752cf790694355b639650c679ce5b1c61feeab004i0",
  "variationId": 172,
  "outliers": [],
  "isOutlier": false
}