{
  "radius": 0.015001809575397092,
  "cOffset": [
    -0.0013625349432345062,
    -0.0004731091572358831
  ],
  "mOffset": [
    0.0031134093837542494,
    0.006213391656059179
  ],
  "yOffset": [
    0.0004348552535080597,
    -0.0014274307473544374
  ],
  "kOffset": [
    111.99273769713972,
    80.36880652477927
  ],
  "noiseAmp": 5.576164918126824e-07,
  "colorMode": 0,
  "sourceId": "ba4b86348a6e7bad9deeb21752cf790694355b639650c679ce5b1c61feeab004i0",
  "variationId": 189,
  "outliers": [],
  "isOutlier": false
}