{
  "radius": 2.34,
  "cOffset": [
    -3.83e-05,
    0.00245
  ],
  "mOffset": [
    0.00496,
    0.00479
  ],
  "yOffset": [
    -0.00664,
    -0.000788
  ],
  "kOffset": [
    20000,
    20000
  ],
  "noiseAmp": 6.97e-06,
  "inkStatus": 0,
  "title": "Triumph of Bitcoin",
  "wear": 42.4,
  "sourceId": "63594e1b8512a5ad3215acfb7470f181444c773c0953d875f9713fca3d896774i0",
  "variationId": 26,
  "outliers": [],
  "isOutlier": false
}