{
  "radius": 2.1382598977233687,
  "cOffset": [
    -0.0011348169773166595,
    0.003993725182516365
  ],
  "mOffset": [
    -0.004888144312405677,
    -0.007445473544904972
  ],
  "yOffset": [
    0.0016372489558646177,
    0.0002944235470562519
  ],
  "kOffset": [
    20000,
    20000
  ],
  "noiseAmp": 6.885753260044243e-07,
  "colorMode": 0,
  "title": "Triumph of Bitcoin",
  "sourceId": "7fcc33c4cb0081cfa85c5d1d541aad5d8c631debbb29c65c95f4d30137ed2aa0i0",
  "variationId": 258,
  "outliers": [],
  "isOutlier": false
}