{
  "radius": 0.01575448121834421,
  "cOffset": [
    0.0033917845160536552,
    0.00036079614032757094
  ],
  "mOffset": [
    0.0006533163529633642,
    0.0002841986193201103
  ],
  "yOffset": [
    -0.00021381275956388262,
    0.0001178021595494707
  ],
  "kOffset": [
    92.0486167951488,
    106.75843026047444
  ],
  "noiseAmp": 7.473137879765699e-07,
  "colorMode": 0,
  "sourceId": "ba4b86348a6e7bad9deeb21752cf790694355b639650c679ce5b1c61feeab004i0",
  "variationId": 168,
  "outliers": [],
  "isOutlier": false
}