{
  "radius": 1.9843546783538302,
  "cOffset": [
    -0.001400183730746878,
    0.003893238886520059
  ],
  "mOffset": [
    0.00399832845112546,
    0.00011079779755588055
  ],
  "yOffset": [
    -0.003355897155790305,
    0.005138328677215938
  ],
  "kOffset": [
    20000,
    20000
  ],
  "noiseAmp": 0.00015986085195640506,
  "colorMode": 5,
  "title": "Triumph of Bitcoin",
  "sourceId": "fb9fad20ede2f27b013efe9b408e6be1b3ff546dfca53eac86c7e0f1a632d551i0",
  "variationId": 213,
  "outliers": [
    "colorMode",
    "noiseAmp"
  ],
  "isOutlier": true
}