{
  "radius": 2.0528576919996007,
  "cOffset": [
    0.00045039974924174686,
    -0.0034041425640189936
  ],
  "mOffset": [
    -0.00475606046414794,
    0.0072673370080653865
  ],
  "yOffset": [
    -0.00035928248096674445,
    2.872866065930507e-05
  ],
  "kOffset": [
    20000,
    20000
  ],
  "noiseAmp": 9.170150060976616e-05,
  "colorMode": 0,
  "title": "Triumph of Bitcoin",
  "sourceId": "63594e1b8512a5ad3215acfb7470f181444c773c0953d875f9713fca3d896774i0",
  "variationId": 42,
  "outliers": [
    "noiseAmp"
  ],
  "isOutlier": true
}