{
  "radius": 0.014692429816919369,
  "cOffset": [
    0.0014740112747648507,
    8.563195633306968e-05
  ],
  "mOffset": [
    -0.01341275962565093,
    0.0027651618079310557
  ],
  "yOffset": [
    0.0007406984446782048,
    -7.264100702113851e-05
  ],
  "kOffset": [
    101.55511509355848,
    108.45585739106316
  ],
  "noiseAmp": 6.34552057462027e-07,
  "colorMode": 0,
  "sourceId": "63594e1b8512a5ad3215acfb7470f181444c773c0953d875f9713fca3d896774i0",
  "variationId": 47,
  "outliers": [
    "mOffset"
  ],
  "isOutlier": true
}