{
  "radius": 2.3064748950313296,
  "cOffset": [
    0.0024398678055668204,
    -0.0016224027893102866
  ],
  "mOffset": [
    -0.0013027199436660753,
    -0.0003463537943821773
  ],
  "yOffset": [
    -0.001882565718689982,
    -0.001448899945103587
  ],
  "kOffset": [
    20000,
    20000
  ],
  "noiseAmp": 1.1436609295812407e-05,
  "colorMode": 0,
  "title": "Triumph of Bitcoin",
  "sourceId": "fb9fad20ede2f27b013efe9b408e6be1b3ff546dfca53eac86c7e0f1a632d551i0",
  "variationId": 203,
  "outliers": [],
  "isOutlier": false
}