{
  "radius": 2.17,
  "cOffset": [
    0.00365,
    0.00474
  ],
  "mOffset": [
    0.000628,
    0.00263
  ],
  "yOffset": [
    -0.00553,
    -0.00352
  ],
  "kOffset": [
    20000,
    20000
  ],
  "noiseAmp": 6.48e-07,
  "inkStatus": 0,
  "title": "Triumph of Bitcoin",
  "wear": 52.1,
  "sourceId": "ec11a3e19cb22adf6a880c63b1daf19568cf5a6717572bfd123d91f15fe4d241i0",
  "variationId": 162,
  "outliers": [],
  "isOutlier": false
}