{
  "radius": 2.314586338126813,
  "cOffset": [
    0.00035278493186050676,
    0.002910371362290754
  ],
  "mOffset": [
    0.0001580775042321167,
    0.0016758220992254848
  ],
  "yOffset": [
    0.004441824928694466,
    -0.00019893859502811948
  ],
  "kOffset": [
    20000,
    20000
  ],
  "noiseAmp": 1.60665575583581e-05,
  "colorMode": 0,
  "title": "Triumph of Bitcoin",
  "sourceId": "7fcc33c4cb0081cfa85c5d1d541aad5d8c631debbb29c65c95f4d30137ed2aa0i0",
  "variationId": 249,
  "outliers": [],
  "isOutlier": false
}