{
  "radius": 2.13,
  "cOffset": [
    -0.000205,
    0.00198
  ],
  "mOffset": [
    0.00314,
    -0.00807
  ],
  "yOffset": [
    0.00275,
    0.00342
  ],
  "kOffset": [
    20000,
    20000
  ],
  "noiseAmp": 2.85e-06,
  "inkStatus": 0,
  "title": "Triumph of Bitcoin",
  "sourceId": "63594e1b8512a5ad3215acfb7470f181444c773c0953d875f9713fca3d896774i0"
}