{
  "radius": 2.2,
  "cOffset": [
    0.00137,
    -0.000943
  ],
  "mOffset": [
    -0.00221,
    -0.00167
  ],
  "yOffset": [
    0.00493,
    0.000946
  ],
  "kOffset": [
    20000,
    20000
  ],
  "noiseAmp": 1.57e-06,
  "inkStatus": 0,
  "title": "Triumph of Bitcoin",
  "sourceId": "ba4b86348a6e7bad9deeb21752cf790694355b639650c679ce5b1c61feeab004i0"
}