{
  "radius": 2.22,
  "cOffset": [
    0.00133,
    0.00117
  ],
  "mOffset": [
    -0.00224,
    0.0018
  ],
  "yOffset": [
    0.00169,
    -0.000594
  ],
  "kOffset": [
    20000,
    20000
  ],
  "noiseAmp": 8.75e-06,
  "inkStatus": 1,
  "title": "Triumph of Bitcoin",
  "wear": 54.2,
  "sourceId": "ba4b86348a6e7bad9deeb21752cf790694355b639650c679ce5b1c61feeab004i0",
  "variationId": 186,
  "outliers": [
    "inkStatus"
  ],
  "isOutlier": true
}