{
  "radius": 2.4010279975434763,
  "cOffset": [
    -0.000408165119591801,
    -4.008710858163513e-05
  ],
  "mOffset": [
    -0.002370870342681311,
    0.004452045793531703
  ],
  "yOffset": [
    -0.003559131057030268,
    -0.0040092351069444445
  ],
  "kOffset": [
    20000,
    20000
  ],
  "noiseAmp": 8.472745714598205e-06,
  "colorMode": 0,
  "title": "Triumph of Bitcoin",
  "sourceId": "7fcc33c4cb0081cfa85c5d1d541aad5d8c631debbb29c65c95f4d30137ed2aa0i0",
  "variationId": 261,
  "outliers": [],
  "isOutlier": false
}