{
  "radius": 2.269483682013611,
  "cOffset": [
    -0.0016786726697829452,
    0.0018726949934227868
  ],
  "mOffset": [
    -0.0035087111161659235,
    -0.0013406629706480002
  ],
  "yOffset": [
    0.004564413956677892,
    -0.0013084036373159742
  ],
  "kOffset": [
    20000,
    20000
  ],
  "noiseAmp": 2.8598761400313895e-06,
  "colorMode": 0,
  "title": "Triumph of Science",
  "sourceId": "b1ff3531357fc4703e14454c8cfc606c79f88f87f908ec0d34a3e7eb02a843adi0",
  "variationId": 297,
  "outliers": [],
  "isOutlier": false
}