{
  "radius": 0.014905128962363002,
  "cOffset": [
    0.002193871704278247,
    -6.881496030290487e-05
  ],
  "mOffset": [
    0.0008970325701269445,
    3.9334276602196334e-05
  ],
  "yOffset": [
    -0.001946261127240411,
    0.0009373215071349137
  ],
  "kOffset": [
    100.22050154306905,
    100.73954939033912
  ],
  "noiseAmp": 2.164525739339854e-06,
  "colorMode": 0,
  "sourceId": "fb9fad20ede2f27b013efe9b408e6be1b3ff546dfca53eac86c7e0f1a632d551i0",
  "variationId": 203,
  "outliers": [],
  "isOutlier": false
}