{
  "radius": 2.25,
  "cOffset": [
    0.000266,
    -0.000766
  ],
  "mOffset": [
    -0.00433,
    -0.00573
  ],
  "yOffset": [
    0.00114,
    0.0022
  ],
  "kOffset": [
    20000,
    20000
  ],
  "noiseAmp": 3.22e-06,
  "inkStatus": 3,
  "title": "Triumph of Science",
  "wear": 63.3,
  "sourceId": "b1ff3531357fc4703e14454c8cfc606c79f88f87f908ec0d34a3e7eb02a843adi0",
  "variationId": 289,
  "outliers": [
    "inkStatus",
    "wear"
  ],
  "isOutlier": true
}