{
  "radius": 0.014246473496578873,
  "cOffset": [
    -0.050003648625045416,
    -0.0007796403148342321
  ],
  "mOffset": [
    -0.019072694684897116,
    -0.09203329759329194
  ],
  "yOffset": [
    0.023909543078175773,
    0.009952707123449504
  ],
  "kOffset": [
    92.96390143199781,
    104.73898335319038
  ],
  "noiseAmp": 1.0851188260622604e-06,
  "colorMode": 0,
  "sourceId": "fbab7ffde03428ed7c11dc268605241b6e33ea212229b03fb1d8f21e289fae54i0",
  "variationId": 14,
  "outliers": [
    "yOffset",
    "mOffset",
    "cOffset"
  ],
  "isOutlier": true
}