{
  "radius": 0.06508322065029574,
  "cOffset": [
    -0.02154081255888183,
    -0.005418244777484399
  ],
  "mOffset": [
    0.05084497674335108,
    0.07408411356300704
  ],
  "yOffset": [
    -0.016848279369480336,
    -0.041063746965616356
  ],
  "kOffset": [
    97.37619804007626,
    106.19240252134738
  ],
  "noiseAmp": 6.8163924755005545e-06,
  "colorMode": 0,
  "sourceId": "ff08f64a29c957c1f376ca1d35c2ccb5851379da3df9618b8108f55ed65dfb39i0",
  "variationId": 237,
  "outliers": [
    "radius",
    "mOffset",
    "cOffset",
    "yOffset",
    "noiseAmp"
  ],
  "isOutlier": true
}