{
  "radius": 2.18,
  "cOffset": [
    0.00556,
    0.00559
  ],
  "mOffset": [
    -0.00046,
    -0.000423
  ],
  "yOffset": [
    -0.00269,
    0.0022
  ],
  "kOffset": [
    20000,
    20000
  ],
  "noiseAmp": 7.27e-06,
  "inkStatus": 0,
  "title": "Triumph of Bitcoin",
  "sourceId": "cf3ae616cfa57b2304a43445a0025e16d1c36943ed15cb1af5898185cf0d88efi0"
}