{
  "radius": 2.23,
  "cOffset": [
    -0.00135,
    -0.00208
  ],
  "mOffset": [
    0.00611,
    -0.000493
  ],
  "yOffset": [
    -0.00437,
    0.00514
  ],
  "kOffset": [
    20000,
    20000
  ],
  "noiseAmp": 3.27e-06,
  "inkStatus": 0,
  "title": "Triumph of Bitcoin",
  "sourceId": "cf3ae616cfa57b2304a43445a0025e16d1c36943ed15cb1af5898185cf0d88efi0"
}