{
  "radius": 2.01,
  "cOffset": [
    -0.00036,
    0.000955
  ],
  "mOffset": [
    0.00184,
    0.00397
  ],
  "yOffset": [
    0.00268,
    0.00121
  ],
  "kOffset": [
    20000,
    20000
  ],
  "noiseAmp": 1.24e-05,
  "inkStatus": 0,
  "title": "Triumph of Bitcoin",
  "sourceId": "11e0ab1f653675211944593bb87d1b875050c2f328ab175595d2e7189da9b2f8i0"
}