{
  "radius": 2.41,
  "cOffset": [
    0.004,
    -0.00154
  ],
  "mOffset": [
    0.00615,
    -0.00158
  ],
  "yOffset": [
    0.00212,
    0.00262
  ],
  "kOffset": [
    20000,
    20000
  ],
  "noiseAmp": 1.41e-05,
  "inkStatus": 0,
  "title": "Triumph of Bitcoin",
  "sourceId": "fbab7ffde03428ed7c11dc268605241b6e33ea212229b03fb1d8f21e289fae54i0"
}