{
  "radius": 1.99,
  "cOffset": [
    0.000479,
    0.00316
  ],
  "mOffset": [
    -0.00484,
    0.000743
  ],
  "yOffset": [
    0.000391,
    -0.000462
  ],
  "kOffset": [
    20000,
    20000
  ],
  "noiseAmp": 1.76e-06,
  "inkStatus": 0,
  "title": "Triumph of Bitcoin",
  "sourceId": "fbab7ffde03428ed7c11dc268605241b6e33ea212229b03fb1d8f21e289fae54i0"
}