{
  "radius": 2.4516213616272,
  "cOffset": [
    0.004249923626367007,
    -0.001672987250075029
  ],
  "mOffset": [
    0.002733460923422536,
    0.0008925961391052826
  ],
  "yOffset": [
    -0.0018783216674257688,
    -0.0022616350041258695
  ],
  "kOffset": [
    20000,
    20000
  ],
  "noiseAmp": 4.688998425695926e-06,
  "colorMode": 0,
  "title": "Triumph of Bitcoin",
  "sourceId": "ba4b86348a6e7bad9deeb21752cf790694355b639650c679ce5b1c61feeab004i0",
  "variationId": 177,
  "outliers": [],
  "isOutlier": false
}