{
  "radius": 0.01593397909874965,
  "cOffset": [
    0.002570570482761604,
    -1.5685217337438343e-05
  ],
  "mOffset": [
    0.003340249619368175,
    -0.004018112643797952
  ],
  "yOffset": [
    0.00025880669604920253,
    -0.0021644094275869393
  ],
  "kOffset": [
    91.7827020598418,
    103.49240853740726
  ],
  "noiseAmp": 4.1314052032349823e-07,
  "colorMode": 0,
  "sourceId": "806d80e7cf7f39208eccf59102e0086d6b593dbe3152777ef31dfc869a02340fi0",
  "variationId": 327,
  "outliers": [],
  "isOutlier": false
}