{
  "radius": 2.11,
  "cOffset": [
    0.0244,
    0.0206
  ],
  "mOffset": [
    0.00469,
    0.00211
  ],
  "yOffset": [
    0.00456,
    0.00459
  ],
  "kOffset": [
    20000,
    20000
  ],
  "noiseAmp": 9.71e-06,
  "inkStatus": 0,
  "title": "Triumph of Bitcoin",
  "sourceId": "7fcc33c4cb0081cfa85c5d1d541aad5d8c631debbb29c65c95f4d30137ed2aa0i0"
}