{
  "radius": 2.0281070205471816,
  "cOffset": [
    0.0015315897246915345,
    0.000259867019748006
  ],
  "mOffset": [
    -9.370108747213933e-05,
    -0.002608975006893439
  ],
  "yOffset": [
    -0.002001523264503943,
    0.0014488418438601605
  ],
  "kOffset": [
    20000,
    20000
  ],
  "noiseAmp": 8.179262017725575e-06,
  "colorMode": 0,
  "title": "Triumph of Bitcoin",
  "sourceId": "a4fca8cd68283460126b88cce9a4d7462917eae4e6c1a5f91300fb9280eae7dbi0",
  "variationId": 80,
  "outliers": [],
  "isOutlier": false
}