{
  "radius": 2.076387480020328,
  "cOffset": [
    -0.00048722323611419125,
    -0.004585069276689233
  ],
  "mOffset": [
    -0.0025744744209502115,
    0.003537848979320376
  ],
  "yOffset": [
    0.0021856350507746536,
    0.002420992683830081
  ],
  "kOffset": [
    20000,
    20000
  ],
  "noiseAmp": 3.4123249420643504e-07,
  "colorMode": 0,
  "title": "Triumph of Bitcoin",
  "sourceId": "fb9fad20ede2f27b013efe9b408e6be1b3ff546dfca53eac86c7e0f1a632d551i0",
  "variationId": 192,
  "outliers": [],
  "isOutlier": false
}