{
  "radius": 2.15,
  "cOffset": [
    0.00404,
    -0.00327
  ],
  "mOffset": [
    0.00038,
    0.00278
  ],
  "yOffset": [
    0.00342,
    0.0027
  ],
  "kOffset": [
    20000,
    20000
  ],
  "noiseAmp": 1.62e-06,
  "inkStatus": 0,
  "title": "Triumph of Bitcoin",
  "sourceId": "5f53dd709a8d2e350674d86679ff550763502a0ff8c2b567cefa4b52f736aa7fi0"
}