{
  "radius": 0.015174293872826958,
  "cOffset": [
    -0.0007157701275070467,
    -0.00018547193305360575
  ],
  "mOffset": [
    -0.002910377125977109,
    -0.005018664845171437
  ],
  "yOffset": [
    -0.0007004871034709777,
    0.0008526596311397483
  ],
  "kOffset": [
    106.81120454884876,
    99.43397956500357
  ],
  "noiseAmp": 3.0169992625703146e-07,
  "colorMode": 0,
  "sourceId": "7fcc33c4cb0081cfa85c5d1d541aad5d8c631debbb29c65c95f4d30137ed2aa0i0",
  "variationId": 240,
  "outliers": [],
  "isOutlier": false
}