{
  "radius": 0.0649058619737495,
  "cOffset": [
    0.009336313764931218,
    -0.0013877186575076935
  ],
  "mOffset": [
    -0.09376784965199016,
    0.08580465287856404
  ],
  "yOffset": [
    0.0015648728276806561,
    0.00036608462844020084
  ],
  "kOffset": [
    113.02746242296178,
    98.74264445404832
  ],
  "noiseAmp": 3.4258499008909244e-07,
  "colorMode": 0,
  "sourceId": "a4fca8cd68283460126b88cce9a4d7462917eae4e6c1a5f91300fb9280eae7dbi0",
  "variationId": 94,
  "outliers": [
    "mOffset",
    "radius",
    "cOffset"
  ],
  "isOutlier": true
}