{
  "radius": 2.07,
  "cOffset": [
    0.00447,
    0.000762
  ],
  "mOffset": [
    0.00264,
    -0.000618
  ],
  "yOffset": [
    0.0038,
    0.0034
  ],
  "kOffset": [
    20000,
    20000
  ],
  "noiseAmp": 1.02e-05,
  "inkStatus": 0,
  "title": "Triumph of Bitcoin",
  "sourceId": "fbab7ffde03428ed7c11dc268605241b6e33ea212229b03fb1d8f21e289fae54i0"
}