{
  "radius": 0.015204972855210658,
  "cOffset": [
    -0.004679679289334103,
    0.00018801923929466052
  ],
  "mOffset": [
    -0.0004129612958274423,
    -0.0025077011148665804
  ],
  "yOffset": [
    -0.0006903071622527226,
    -0.0005146015611591805
  ],
  "kOffset": [
    84.83234844793608,
    105.33971328525992
  ],
  "noiseAmp": 1.3392996551982652e-06,
  "colorMode": 0,
  "sourceId": "6461c2a49eba6c8220bf472d9a504554a0592470f0cdddddb0969e896a1a6ca9i0",
  "variationId": 270,
  "outliers": [],
  "isOutlier": false
}