{
  "radius": 2.23,
  "cOffset": [
    -0.00116,
    -0.00122
  ],
  "mOffset": [
    -0.00219,
    -0.00247
  ],
  "yOffset": [
    -7.48e-05,
    -0.00147
  ],
  "kOffset": [
    20000,
    20000
  ],
  "noiseAmp": 1.51e-05,
  "inkStatus": 6,
  "title": "Triumph of Science",
  "sourceId": "806d80e7cf7f39208eccf59102e0086d6b593dbe3152777ef31dfc869a02340fi0"
}