{
  "radius": 0.014517773338319254,
  "cOffset": [
    -0.005731156271521647,
    -0.00018830456060992356
  ],
  "mOffset": [
    9.785309646189382e-05,
    0.0030727586592654006
  ],
  "yOffset": [
    -0.0010661786242228799,
    -0.001411031946091965
  ],
  "kOffset": [
    104.79469536825019,
    99.1153588294086
  ],
  "noiseAmp": 3.6390277072776553e-07,
  "colorMode": 0,
  "sourceId": "806d80e7cf7f39208eccf59102e0086d6b593dbe3152777ef31dfc869a02340fi0",
  "variationId": 329,
  "outliers": [],
  "isOutlier": false
}