{
  "radius": 2.2188757060405435,
  "cOffset": [
    0.004298769329884737,
    0.0022846426038848682
  ],
  "mOffset": [
    -0.0022151406166781096,
    -0.0008815631090908628
  ],
  "yOffset": [
    0.05650744932661048,
    0.05611126775865066
  ],
  "kOffset": [
    20000,
    20000
  ],
  "noiseAmp": 1.4750346257426216e-05,
  "colorMode": 0,
  "title": "Triumph of Science",
  "sourceId": "806d80e7cf7f39208eccf59102e0086d6b593dbe3152777ef31dfc869a02340fi0",
  "variationId": 316,
  "outliers": [
    "yOffset"
  ],
  "isOutlier": true
}