{
  "radius": 2.41,
  "cOffset": [
    -0.00101,
    0.00524
  ],
  "mOffset": [
    -0.00223,
    0.00219
  ],
  "yOffset": [
    0.00439,
    0.00307
  ],
  "kOffset": [
    20000,
    20000
  ],
  "noiseAmp": 1.03e-05,
  "inkStatus": 0,
  "title": "Triumph of Bitcoin",
  "sourceId": "fb9fad20ede2f27b013efe9b408e6be1b3ff546dfca53eac86c7e0f1a632d551i0"
}