{
  "radius": 0.015495562743106362,
  "cOffset": [
    -0.007237075573885768,
    -4.130063662215845e-05
  ],
  "mOffset": [
    0.01018526162176345,
    -0.003379385188698115
  ],
  "yOffset": [
    -0.0009499285128867316,
    -0.002114287789059351
  ],
  "kOffset": [
    99.20789522932898,
    91.1743690948459
  ],
  "noiseAmp": 4.621978924174491e-07,
  "colorMode": 0,
  "sourceId": "ff08f64a29c957c1f376ca1d35c2ccb5851379da3df9618b8108f55ed65dfb39i0",
  "variationId": 230,
  "outliers": [],
  "isOutlier": false
}