{
  "radius": 2.05,
  "cOffset": [
    0.00182,
    -0.0025
  ],
  "mOffset": [
    -0.00575,
    0.00519
  ],
  "yOffset": [
    -0.00122,
    0.00035
  ],
  "kOffset": [
    20000,
    20000
  ],
  "noiseAmp": 1.21e-05,
  "inkStatus": 0,
  "title": "Triumph of Science",
  "sourceId": "b1ff3531357fc4703e14454c8cfc606c79f88f87f908ec0d34a3e7eb02a843adi0"
}