{
  "radius": 1.9710421906293463,
  "cOffset": [
    -0.0003494051968550308,
    -0.0038570578168184845
  ],
  "mOffset": [
    0.0022372941002996253,
    -0.00034305792258037637
  ],
  "yOffset": [
    -0.00016417645756563667,
    0.00043596795017747326
  ],
  "kOffset": [
    20000,
    20000
  ],
  "noiseAmp": 2.189600767076422e-06,
  "colorMode": 0,
  "title": "Triumph of Bitcoin",
  "sourceId": "63594e1b8512a5ad3215acfb7470f181444c773c0953d875f9713fca3d896774i0",
  "variationId": 25,
  "outliers": [],
  "isOutlier": false
}