{
  "radius": 0.015478070990656241,
  "cOffset": [
    0.001221280822312191,
    -0.00017691907813639603
  ],
  "mOffset": [
    -0.0006118470129147574,
    -1.6387666082651817e-05
  ],
  "yOffset": [
    0.0010405509889739805,
    -0.0004314249881339401
  ],
  "kOffset": [
    111.93837232302228,
    105.92504515587592
  ],
  "noiseAmp": 2.4348865432846833e-06,
  "colorMode": 0,
  "sourceId": "cf3ae616cfa57b2304a43445a0025e16d1c36943ed15cb1af5898185cf0d88efi0",
  "variationId": 113,
  "outliers": [],
  "isOutlier": false
}