{
  "radius": 2.27,
  "cOffset": [
    0.00332,
    0.00111
  ],
  "mOffset": [
    -0.00563,
    0.00722
  ],
  "yOffset": [
    0.00123,
    0.00112
  ],
  "kOffset": [
    20000,
    20000
  ],
  "noiseAmp": 6.05e-06,
  "inkStatus": 2,
  "title": "Triumph of Bitcoin",
  "wear": 59.3,
  "sourceId": "ec11a3e19cb22adf6a880c63b1daf19568cf5a6717572bfd123d91f15fe4d241i0",
  "variationId": 156,
  "outliers": [
    "inkStatus"
  ],
  "isOutlier": true
}