{
  "radius": 2.26,
  "cOffset": [
    -0.000705,
    -0.00115
  ],
  "mOffset": [
    0.00145,
    -0.00029
  ],
  "yOffset": [
    -0.00166,
    0.000307
  ],
  "kOffset": [
    20000,
    20000
  ],
  "noiseAmp": 1.72e-06,
  "inkStatus": 3,
  "title": "Triumph of Bitcoin",
  "wear": 57.4,
  "sourceId": "ba4b86348a6e7bad9deeb21752cf790694355b639650c679ce5b1c61feeab004i0",
  "variationId": 169,
  "outliers": [
    "inkStatus",
    "wear"
  ],
  "isOutlier": true
}