{
  "radius": 2.2351495436668443,
  "cOffset": [
    -0.001565100078955677,
    0.0029083001546167868
  ],
  "mOffset": [
    0.002689575551884372,
    -0.003849513280352136
  ],
  "yOffset": [
    -0.0003378354377285541,
    -0.0015901219860423078
  ],
  "kOffset": [
    20000,
    20000
  ],
  "noiseAmp": 1.1008486252147376e-05,
  "colorMode": 0,
  "title": "Triumph of Bitcoin",
  "sourceId": "7fcc33c4cb0081cfa85c5d1d541aad5d8c631debbb29c65c95f4d30137ed2aa0i0",
  "variationId": 253,
  "outliers": [],
  "isOutlier": false
}