{
  "radius": 0.014864107952147324,
  "cOffset": [
    -0.0011063530966472718,
    -0.000516797993231019
  ],
  "mOffset": [
    0.003891096102107127,
    -0.002032107241252725
  ],
  "yOffset": [
    -0.0016909124471061912,
    -0.0010947547685216952
  ],
  "kOffset": [
    110.6751929526165,
    118.63655513224457
  ],
  "noiseAmp": 2.7891287231366714e-07,
  "colorMode": 0,
  "sourceId": "63594e1b8512a5ad3215acfb7470f181444c773c0953d875f9713fca3d896774i0",
  "variationId": 42,
  "outliers": [],
  "isOutlier": false
}