{
  "radius": 2.19,
  "cOffset": [
    0.000753,
    0.0015
  ],
  "mOffset": [
    0.000149,
    -0.00469
  ],
  "yOffset": [
    0.000732,
    -0.000921
  ],
  "kOffset": [
    20000,
    20000
  ],
  "noiseAmp": 1.03e-05,
  "inkStatus": 0,
  "title": "Triumph of Bitcoin",
  "wear": 51.9,
  "sourceId": "7fcc33c4cb0081cfa85c5d1d541aad5d8c631debbb29c65c95f4d30137ed2aa0i0",
  "variationId": 250,
  "outliers": [],
  "isOutlier": false
}