{
  "radius": 0.06569717595291259,
  "cOffset": [
    0.01373367347750076,
    -0.005371879116321051
  ],
  "mOffset": [
    0.0012400100903574177,
    -0.005314917101067405
  ],
  "yOffset": [
    0.0003079198916322554,
    -0.0007445725349309115
  ],
  "kOffset": [
    122.92083743105863,
    113.91959245351556
  ],
  "noiseAmp": 2.2189928792145547e-05,
  "colorMode": 0,
  "sourceId": "ba4b86348a6e7bad9deeb21752cf790694355b639650c679ce5b1c61feeab004i0",
  "variationId": 181,
  "outliers": [
    "noiseAmp",
    "cOffset",
    "radius"
  ],
  "isOutlier": true
}