{
  "radius": 2.28,
  "cOffset": [
    -0.00328,
    -0.00173
  ],
  "mOffset": [
    -0.00233,
    -0.00872
  ],
  "yOffset": [
    -0.000825,
    -0.00147
  ],
  "kOffset": [
    20000,
    20000
  ],
  "noiseAmp": 1.18e-05,
  "inkStatus": 0,
  "title": "Triumph of Science",
  "sourceId": "806d80e7cf7f39208eccf59102e0086d6b593dbe3152777ef31dfc869a02340fi0"
}