{
  "radius": 0.015647325061282302,
  "cOffset": [
    0.0034373470908751333,
    -1.6084324277101614e-05
  ],
  "mOffset": [
    0.004322246271562891,
    -0.0007529246886868437
  ],
  "yOffset": [
    -0.0009395459102150011,
    0.0014811675361885365
  ],
  "kOffset": [
    104.9064119987791,
    92.21960292810397
  ],
  "noiseAmp": 1.4151572512338595e-06,
  "colorMode": 0,
  "sourceId": "a4fca8cd68283460126b88cce9a4d7462917eae4e6c1a5f91300fb9280eae7dbi0",
  "variationId": 76,
  "outliers": [],
  "isOutlier": false
}