{
  "radius": 2.099472102353311,
  "cOffset": [
    0.0006001391586368628,
    -0.0012721526500369643
  ],
  "mOffset": [
    0.008319854267735034,
    -0.005893765350725192
  ],
  "yOffset": [
    -0.0006009362694380361,
    0.0020040741287911663
  ],
  "kOffset": [
    20000,
    20000
  ],
  "noiseAmp": 4.185194301291985e-06,
  "colorMode": 0,
  "title": "Triumph of Bitcoin",
  "sourceId": "ba4b86348a6e7bad9deeb21752cf790694355b639650c679ce5b1c61feeab004i0",
  "variationId": 178,
  "outliers": [],
  "isOutlier": false
}