{
  "radius": 2.29,
  "cOffset": [
    0.000525,
    -0.000702
  ],
  "mOffset": [
    0.00349,
    -0.00123
  ],
  "yOffset": [
    0.00119,
    -0.00531
  ],
  "kOffset": [
    20000,
    20000
  ],
  "noiseAmp": 1.9e-06,
  "inkStatus": 0,
  "title": "Triumph of Science",
  "wear": 56.1,
  "sourceId": "6461c2a49eba6c8220bf472d9a504554a0592470f0cdddddb0969e896a1a6ca9i0",
  "variationId": 272,
  "outliers": [],
  "isOutlier": false
}