{
  "radius": 2.4,
  "cOffset": [
    -0.00271,
    0.000799
  ],
  "mOffset": [
    0.00104,
    -0.00439
  ],
  "yOffset": [
    0.0014,
    0.00134
  ],
  "kOffset": [
    20000,
    20000
  ],
  "noiseAmp": 1.57e-05,
  "inkStatus": 0,
  "title": "Triumph of Bitcoin",
  "sourceId": "5f53dd709a8d2e350674d86679ff550763502a0ff8c2b567cefa4b52f736aa7fi0"
}