{
  "radius": 2.36,
  "cOffset": [
    -0.000574,
    0.00382
  ],
  "mOffset": [
    -0.00598,
    0.0102
  ],
  "yOffset": [
    0.000146,
    -0.00111
  ],
  "kOffset": [
    20000,
    20000
  ],
  "noiseAmp": 4.43e-06,
  "inkStatus": 0,
  "title": "Triumph of Science",
  "sourceId": "6461c2a49eba6c8220bf472d9a504554a0592470f0cdddddb0969e896a1a6ca9i0"
}