{
  "radius": 0.014693196515619851,
  "cOffset": [
    -0.0020350241662620903,
    0.00018549463650105932
  ],
  "mOffset": [
    0.001643560248930847,
    -0.0033673848141708043
  ],
  "yOffset": [
    0.0021383395330347266,
    0.0020886254973647915
  ],
  "kOffset": [
    89.51908677727253,
    97.62234732670692
  ],
  "noiseAmp": 5.42031382954603e-07,
  "colorMode": 0,
  "sourceId": "11e0ab1f653675211944593bb87d1b875050c2f328ab175595d2e7189da9b2f8i0",
  "variationId": 134,
  "outliers": [],
  "isOutlier": false
}