{
  "radius": 2.195794703292294,
  "cOffset": [
    -0.006352801234264487,
    -0.005334034611948012
  ],
  "mOffset": [
    -0.007943931102981328,
    -0.0012317429268195645
  ],
  "yOffset": [
    0.0009804752390539955,
    0.0017802854777880328
  ],
  "kOffset": [
    20000,
    20000
  ],
  "noiseAmp": 7.82065991532955e-06,
  "colorMode": 0,
  "title": "Triumph of Bitcoin",
  "sourceId": "a4fca8cd68283460126b88cce9a4d7462917eae4e6c1a5f91300fb9280eae7dbi0",
  "variationId": 92,
  "outliers": [],
  "isOutlier": false
}