{
  "radius": 2.3002716709424478,
  "cOffset": [
    0.0016295131482434253,
    -0.0002480814960053073
  ],
  "mOffset": [
    0.0020920587866522862,
    -0.004944842202232068
  ],
  "yOffset": [
    -0.0030659093317507396,
    0.00011146514393104866
  ],
  "kOffset": [
    20000,
    20000
  ],
  "noiseAmp": 1.8062400871126476e-06,
  "colorMode": 0,
  "title": "Triumph of Science",
  "sourceId": "b1ff3531357fc4703e14454c8cfc606c79f88f87f908ec0d34a3e7eb02a843adi0",
  "variationId": 295,
  "outliers": [],
  "isOutlier": false
}