{
  "radius": 0.015472771938114738,
  "cOffset": [
    0.0005806329046266857,
    -0.0005912769011777188
  ],
  "mOffset": [
    0.0015277270502079999,
    0.00429774527017068
  ],
  "yOffset": [
    -1.56944636189135e-05,
    0.0018982761096022732
  ],
  "kOffset": [
    103.1806905108453,
    95.77900224609142
  ],
  "noiseAmp": 1.958192264989428e-06,
  "colorMode": 0,
  "sourceId": "6461c2a49eba6c8220bf472d9a504554a0592470f0cdddddb0969e896a1a6ca9i0",
  "variationId": 281,
  "outliers": [],
  "isOutlier": false
}