{
  "radius": 2.05,
  "cOffset": [
    -0.00564,
    -0.00273
  ],
  "mOffset": [
    0.004,
    -0.00299
  ],
  "yOffset": [
    -0.00285,
    0.000668
  ],
  "kOffset": [
    20000,
    20000
  ],
  "noiseAmp": 6.12e-06,
  "inkStatus": 0,
  "title": "Triumph of Bitcoin",
  "sourceId": "ba4b86348a6e7bad9deeb21752cf790694355b639650c679ce5b1c61feeab004i0"
}