{
  "radius": 2.1178065326508744,
  "cOffset": [
    0.002832926446252374,
    0.004090950756592938
  ],
  "mOffset": [
    0.0037405192874374357,
    0.00012086959705671208
  ],
  "yOffset": [
    -0.0006486613577695892,
    -0.0011687152777978317
  ],
  "kOffset": [
    20000,
    20000
  ],
  "noiseAmp": 8.426289483141069e-07,
  "colorMode": 0,
  "title": "Triumph of Bitcoin",
  "sourceId": "fbab7ffde03428ed7c11dc268605241b6e33ea212229b03fb1d8f21e289fae54i0",
  "variationId": 6,
  "outliers": [],
  "isOutlier": false
}