{
  "radius": 2.11,
  "cOffset": [
    0.00163,
    -0.00343
  ],
  "mOffset": [
    -0.00103,
    0.00127
  ],
  "yOffset": [
    0.00243,
    -0.00367
  ],
  "kOffset": [
    20000,
    20000
  ],
  "noiseAmp": 2.26e-06,
  "inkStatus": 0,
  "title": "Triumph of Bitcoin",
  "wear": 35.4,
  "sourceId": "cf3ae616cfa57b2304a43445a0025e16d1c36943ed15cb1af5898185cf0d88efi0",
  "variationId": 106,
  "outliers": [],
  "isOutlier": false
}