{
  "radius": 2.101690430136307,
  "cOffset": [
    -0.002570080949828474,
    0.004820562224256699
  ],
  "mOffset": [
    -0.0021668663439833183,
    -0.002249682878613985
  ],
  "yOffset": [
    0.0027120147005589806,
    -0.00132164414686262
  ],
  "kOffset": [
    20000,
    20000
  ],
  "noiseAmp": 4.634387423766425e-06,
  "colorMode": 0,
  "title": "Triumph of Bitcoin",
  "sourceId": "fb9fad20ede2f27b013efe9b408e6be1b3ff546dfca53eac86c7e0f1a632d551i0",
  "variationId": 201,
  "outliers": [],
  "isOutlier": false
}