{
  "radius": 2.0572381716692694,
  "cOffset": [
    0.002099427827402772,
    1.1241513941402253e-05
  ],
  "mOffset": [
    -0.0031956631473667773,
    0.0013579065616175809
  ],
  "yOffset": [
    0.0008568316255616838,
    -0.002256357593397973
  ],
  "kOffset": [
    20000,
    20000
  ],
  "noiseAmp": 6.608100872980634e-06,
  "colorMode": 3,
  "title": "Triumph of Science",
  "sourceId": "806d80e7cf7f39208eccf59102e0086d6b593dbe3152777ef31dfc869a02340fi0",
  "variationId": 317,
  "outliers": [
    "colorMode"
  ],
  "isOutlier": true
}