{
  "radius": 2.346198184812094,
  "cOffset": [
    0.000684370163066928,
    0.0015541923051605633
  ],
  "mOffset": [
    0.007175273880662933,
    0.0018105868553711323
  ],
  "yOffset": [
    -0.0027330269430659005,
    -0.0016147394012280456
  ],
  "kOffset": [
    20000,
    20000
  ],
  "noiseAmp": 5.909502155868384e-06,
  "colorMode": 0,
  "title": "Triumph of Bitcoin",
  "sourceId": "fbab7ffde03428ed7c11dc268605241b6e33ea212229b03fb1d8f21e289fae54i0",
  "variationId": 10,
  "outliers": [],
  "isOutlier": false
}