{
  "radius": 2.3,
  "cOffset": [
    -0.00452,
    -0.00166
  ],
  "mOffset": [
    -0.00326,
    0.00464
  ],
  "yOffset": [
    0.00443,
    -0.00179
  ],
  "kOffset": [
    20000,
    20000
  ],
  "noiseAmp": 5.85e-06,
  "inkStatus": 4,
  "title": "Triumph of Bitcoin",
  "wear": 41.5,
  "sourceId": "5f53dd709a8d2e350674d86679ff550763502a0ff8c2b567cefa4b52f736aa7fi0",
  "variationId": 68,
  "outliers": [
    "inkStatus"
  ],
  "isOutlier": true
}