{
  "radius": 2.0634245315476996,
  "cOffset": [
    -0.0048073138816061,
    -0.0024047310777621403
  ],
  "mOffset": [
    0.005844475002050258,
    -0.0032512551780599004
  ],
  "yOffset": [
    0.0011439859359109548,
    -0.0014742751688518142
  ],
  "kOffset": [
    20000,
    20000
  ],
  "noiseAmp": 1.6540056283405683e-06,
  "colorMode": 4,
  "title": "Triumph of Bitcoin",
  "sourceId": "ff08f64a29c957c1f376ca1d35c2ccb5851379da3df9618b8108f55ed65dfb39i0",
  "variationId": 233,
  "outliers": [
    "colorMode"
  ],
  "isOutlier": true
}