{
  "radius": 0.014535378316495987,
  "cOffset": [
    0.0010223614338721574,
    0.00039554462674681336
  ],
  "mOffset": [
    0.004956891864802201,
    0.0012280570926144106
  ],
  "yOffset": [
    0.0012121658237824874,
    0.0021241824810608583
  ],
  "kOffset": [
    105.98955534511181,
    81.91018622098966
  ],
  "noiseAmp": 1.2440087134834752e-06,
  "colorMode": 0,
  "sourceId": "b1ff3531357fc4703e14454c8cfc606c79f88f87f908ec0d34a3e7eb02a843adi0",
  "variationId": 299,
  "outliers": [],
  "isOutlier": false
}