{
  "radius": 2.2,
  "cOffset": [
    6.51e-05,
    0.004
  ],
  "mOffset": [
    -6.5e-05,
    0.00171
  ],
  "yOffset": [
    0.00143,
    0.00144
  ],
  "kOffset": [
    20000,
    20000
  ],
  "noiseAmp": 7.5e-08,
  "inkStatus": 0,
  "title": "Triumph of Bitcoin",
  "sourceId": "5f53dd709a8d2e350674d86679ff550763502a0ff8c2b567cefa4b52f736aa7fi0"
}