{
  "radius": 1.99,
  "cOffset": [
    -0.00634,
    0.00734
  ],
  "mOffset": [
    0.000671,
    -0.000903
  ],
  "yOffset": [
    0.000542,
    0.00188
  ],
  "kOffset": [
    20000,
    20000
  ],
  "noiseAmp": 3.03e-06,
  "inkStatus": 0,
  "title": "Triumph of Bitcoin",
  "wear": 57.0,
  "sourceId": "11e0ab1f653675211944593bb87d1b875050c2f328ab175595d2e7189da9b2f8i0",
  "variationId": 131,
  "outliers": [],
  "isOutlier": false
}