{
  "radius": 2.3,
  "cOffset": [
    0.000495,
    0.00447
  ],
  "mOffset": [
    0.00458,
    0.00428
  ],
  "yOffset": [
    -0.0028,
    0.00199
  ],
  "kOffset": [
    20000,
    20000
  ],
  "noiseAmp": 6.23e-06,
  "inkStatus": 0,
  "title": "Triumph of Bitcoin",
  "sourceId": "cf3ae616cfa57b2304a43445a0025e16d1c36943ed15cb1af5898185cf0d88efi0"
}