{
  "radius": 2.0,
  "cOffset": [
    -0.001,
    0.0015
  ],
  "mOffset": [
    -0.000631,
    0.00492
  ],
  "yOffset": [
    -0.00105,
    0.000581
  ],
  "kOffset": [
    20000,
    20000
  ],
  "noiseAmp": 9.87e-06,
  "inkStatus": 1,
  "title": "Triumph of Science",
  "wear": 54.0,
  "sourceId": "6461c2a49eba6c8220bf472d9a504554a0592470f0cdddddb0969e896a1a6ca9i0",
  "variationId": 275,
  "outliers": [
    "inkStatus"
  ],
  "isOutlier": true
}