{
  "radius": 2.3947483156890534,
  "cOffset": [
    -0.0013520448911499322,
    -0.0013501340247866961
  ],
  "mOffset": [
    0.003192815897139987,
    0.001480012253228027
  ],
  "yOffset": [
    -0.0003757569284722292,
    -5.493457084273171e-05
  ],
  "kOffset": [
    20000,
    20000
  ],
  "noiseAmp": 1.1454924754346633e-05,
  "colorMode": 0,
  "title": "Triumph of Bitcoin",
  "sourceId": "fbab7ffde03428ed7c11dc268605241b6e33ea212229b03fb1d8f21e289fae54i0",
  "variationId": 19,
  "outliers": [],
  "isOutlier": false
}