{
  "radius": 2.03,
  "cOffset": [
    -0.00279,
    -0.00208
  ],
  "mOffset": [
    -0.00173,
    -0.00625
  ],
  "yOffset": [
    -0.00324,
    0.00109
  ],
  "kOffset": [
    20000,
    20000
  ],
  "noiseAmp": 7.56e-06,
  "inkStatus": 0,
  "title": "Triumph of Science",
  "wear": 54.8,
  "sourceId": "806d80e7cf7f39208eccf59102e0086d6b593dbe3152777ef31dfc869a02340fi0",
  "variationId": 332,
  "outliers": [],
  "isOutlier": false
}