{
  "radius": 2.21,
  "cOffset": [
    0.000487,
    0.00142
  ],
  "mOffset": [
    0.00578,
    -0.00479
  ],
  "yOffset": [
    0.00291,
    -0.00164
  ],
  "kOffset": [
    20000,
    20000
  ],
  "noiseAmp": 1.13e-05,
  "inkStatus": 0,
  "title": "Triumph of Bitcoin",
  "sourceId": "7fcc33c4cb0081cfa85c5d1d541aad5d8c631debbb29c65c95f4d30137ed2aa0i0"
}