{
  "radius": 2.0348184603687494,
  "cOffset": [
    0.001340657908424081,
    0.0007591876112371836
  ],
  "mOffset": [
    -0.0002402358407051844,
    0.01338285787066808
  ],
  "yOffset": [
    -0.003862844384409193,
    0.0008918819663534295
  ],
  "kOffset": [
    20000,
    20000
  ],
  "noiseAmp": 1.3654470691454653e-06,
  "colorMode": 0,
  "title": "Triumph of Bitcoin",
  "sourceId": "ff08f64a29c957c1f376ca1d35c2ccb5851379da3df9618b8108f55ed65dfb39i0",
  "variationId": 224,
  "outliers": [
    "mOffset"
  ],
  "isOutlier": true
}