{
  "radius": 0.014803822082541631,
  "cOffset": [
    -0.002015820054468815,
    3.2374926368060764e-05
  ],
  "mOffset": [
    -0.0008923142865831184,
    0.002374667550996713
  ],
  "yOffset": [
    0.00020859036254094026,
    0.0024983210564792756
  ],
  "kOffset": [
    116.73412755673158,
    101.49088297300251
  ],
  "noiseAmp": 1.869348803102147e-07,
  "colorMode": 0,
  "sourceId": "ff08f64a29c957c1f376ca1d35c2ccb5851379da3df9618b8108f55ed65dfb39i0",
  "variationId": 222,
  "outliers": [],
  "isOutlier": false
}