{
  "radius": 0.015005161885351876,
  "cOffset": [
    -0.0023330752925151393,
    -0.00014003795619857776
  ],
  "mOffset": [
    -0.003456702481963026,
    0.005959900237342696
  ],
  "yOffset": [
    0.0027123769341472017,
    0.0004906471126564137
  ],
  "kOffset": [
    104.26225496032725,
    105.86794352914563
  ],
  "noiseAmp": 2.485522785828982e-06,
  "colorMode": 0,
  "sourceId": "b1ff3531357fc4703e14454c8cfc606c79f88f87f908ec0d34a3e7eb02a843adi0",
  "variationId": 309,
  "outliers": [],
  "isOutlier": false
}