{
  "radius": 1.99,
  "cOffset": [
    0.000701,
    0.00158
  ],
  "mOffset": [
    -0.00924,
    0.00372
  ],
  "yOffset": [
    -0.00215,
    -0.00184
  ],
  "kOffset": [
    20000,
    20000
  ],
  "noiseAmp": 1.05e-05,
  "inkStatus": 0,
  "title": "Triumph of Bitcoin",
  "sourceId": "ff08f64a29c957c1f376ca1d35c2ccb5851379da3df9618b8108f55ed65dfb39i0"
}