{
  "radius": 0.014738413913434346,
  "cOffset": [
    -0.001096179861227133,
    -0.00020910872939969332
  ],
  "mOffset": [
    0.0010657371850581298,
    -0.009748650927209973
  ],
  "yOffset": [
    -0.0008358685735880688,
    0.0014408430811109101
  ],
  "kOffset": [
    112.33062165015237,
    105.92628735142682
  ],
  "noiseAmp": 6.196800650191344e-07,
  "colorMode": 0,
  "sourceId": "a4fca8cd68283460126b88cce9a4d7462917eae4e6c1a5f91300fb9280eae7dbi0",
  "variationId": 88,
  "outliers": [],
  "isOutlier": false
}