{
  "radius": 2.2844854856804484,
  "cOffset": [
    0.0006244144896874966,
    -0.0020965030835527806
  ],
  "mOffset": [
    0.002487159015593965,
    -0.00044106997653394777
  ],
  "yOffset": [
    -0.0024431677814903637,
    0.002700497582970084
  ],
  "kOffset": [
    20000,
    20000
  ],
  "noiseAmp": 1.842535829492338e-05,
  "colorMode": 0,
  "title": "Triumph of Bitcoin",
  "sourceId": "ff08f64a29c957c1f376ca1d35c2ccb5851379da3df9618b8108f55ed65dfb39i0",
  "variationId": 232,
  "outliers": [],
  "isOutlier": false
}