{
  "radius": 2.1123053172557436,
  "cOffset": [
    0.0027689832171529294,
    0.0026485896436562397
  ],
  "mOffset": [
    -0.06186839790010611,
    -0.00627781148017598
  ],
  "yOffset": [
    0.002203092657379148,
    0.0010771082548916707
  ],
  "kOffset": [
    20000,
    20000
  ],
  "noiseAmp": 1.2167662542630497e-05,
  "colorMode": 6,
  "title": "Triumph of Bitcoin",
  "sourceId": "63594e1b8512a5ad3215acfb7470f181444c773c0953d875f9713fca3d896774i0",
  "variationId": 45,
  "outliers": [
    "colorMode",
    "mOffset"
  ],
  "isOutlier": true
}