{
  "radius": 2.1379093733990238,
  "cOffset": [
    0.00037131076969319966,
    0.004731308511556795
  ],
  "mOffset": [
    -0.003128128519602496,
    0.00376941460965721
  ],
  "yOffset": [
    -0.003895400449724615,
    -0.004174709438863592
  ],
  "kOffset": [
    20000,
    20000
  ],
  "noiseAmp": 1.8071413598470635e-06,
  "colorMode": 3,
  "title": "Triumph of Bitcoin",
  "sourceId": "a4fca8cd68283460126b88cce9a4d7462917eae4e6c1a5f91300fb9280eae7dbi0",
  "variationId": 88,
  "outliers": [
    "colorMode"
  ],
  "isOutlier": true
}