{
  "radius": 0.014352160928788346,
  "cOffset": [
    0.0011407213815140707,
    -9.702567829136395e-05
  ],
  "mOffset": [
    -0.004663547086390419,
    0.0015707070670801238
  ],
  "yOffset": [
    0.0008889433923072515,
    -0.00252347003161486
  ],
  "kOffset": [
    119.28657413189458,
    98.77675257348842
  ],
  "noiseAmp": 4.332060147381069e-08,
  "colorMode": 0,
  "sourceId": "ff08f64a29c957c1f376ca1d35c2ccb5851379da3df9618b8108f55ed65dfb39i0",
  "variationId": 236,
  "outliers": [],
  "isOutlier": false
}