{
  "radius": 2.023903835016783,
  "cOffset": [
    0.0004885388720550327,
    0.0026011945861966167
  ],
  "mOffset": [
    0.0004150864750456765,
    0.003811868593743144
  ],
  "yOffset": [
    0.0050622023680699495,
    -0.002758313446303657
  ],
  "kOffset": [
    20000,
    20000
  ],
  "noiseAmp": 7.954585297754667e-06,
  "colorMode": 0,
  "title": "Triumph of Bitcoin",
  "sourceId": "ec11a3e19cb22adf6a880c63b1daf19568cf5a6717572bfd123d91f15fe4d241i0",
  "variationId": 163,
  "outliers": [],
  "isOutlier": false
}