{
  "radius": 0.014842655017080991,
  "cOffset": [
    -0.0009214306054593625,
    -4.600417928448091e-05
  ],
  "mOffset": [
    -0.0034121096054404165,
    -0.0026305775847324515
  ],
  "yOffset": [
    -0.0008912960000547242,
    0.0003026268362854873
  ],
  "kOffset": [
    92.8911360841969,
    90.70122838485666
  ],
  "noiseAmp": 2.9289120696892136e-07,
  "colorMode": 0,
  "sourceId": "5f53dd709a8d2e350674d86679ff550763502a0ff8c2b567cefa4b52f736aa7fi0",
  "variationId": 56,
  "outliers": [],
  "isOutlier": false
}