{
  "radius": 2.2054920840524557,
  "cOffset": [
    0.0010224852508872453,
    -0.002641350225944589
  ],
  "mOffset": [
    -0.0009471738712293749,
    -0.000908681224411796
  ],
  "yOffset": [
    0.0021481898184769897,
    0.004113718004119536
  ],
  "kOffset": [
    20000,
    20000
  ],
  "noiseAmp": 8.892954672746844e-07,
  "colorMode": 0,
  "title": "Triumph of Bitcoin",
  "sourceId": "63594e1b8512a5ad3215acfb7470f181444c773c0953d875f9713fca3d896774i0",
  "variationId": 35,
  "outliers": [],
  "isOutlier": false
}