{
  "radius": 2.35,
  "cOffset": [
    -0.00111,
    0.00344
  ],
  "mOffset": [
    0.00427,
    0.00112
  ],
  "yOffset": [
    -0.000448,
    0.000484
  ],
  "kOffset": [
    20000,
    20000
  ],
  "noiseAmp": 9.61e-06,
  "inkStatus": 5,
  "title": "Triumph of Science",
  "wear": 58.0,
  "sourceId": "b1ff3531357fc4703e14454c8cfc606c79f88f87f908ec0d34a3e7eb02a843adi0",
  "variationId": 296,
  "outliers": [
    "inkStatus"
  ],
  "isOutlier": true
}