{
  "radius": 1.95,
  "cOffset": [
    0.00103,
    -0.004
  ],
  "mOffset": [
    0.00238,
    0.00143
  ],
  "yOffset": [
    -0.000973,
    0.000723
  ],
  "kOffset": [
    20000,
    20000
  ],
  "noiseAmp": 1.1e-05,
  "inkStatus": 0,
  "title": "Triumph of Bitcoin",
  "sourceId": "fb9fad20ede2f27b013efe9b408e6be1b3ff546dfca53eac86c7e0f1a632d551i0"
}