{
  "radius": 2.1615680214186157,
  "cOffset": [
    -0.0033427993610955077,
    0.0029480887277750696
  ],
  "mOffset": [
    -0.0039862423675948696,
    -0.004103331238149436
  ],
  "yOffset": [
    -0.006727564606612596,
    0.02534343507722144
  ],
  "kOffset": [
    20000,
    20000
  ],
  "noiseAmp": 8.972538643619269e-06,
  "colorMode": 0,
  "title": "Triumph of Bitcoin",
  "sourceId": "ba4b86348a6e7bad9deeb21752cf790694355b639650c679ce5b1c61feeab004i0",
  "variationId": 185,
  "outliers": [
    "yOffset"
  ],
  "isOutlier": true
}