{
  "radius": 2.1139653430856633,
  "cOffset": [
    -0.004456235580348531,
    -0.0017411588725465138
  ],
  "mOffset": [
    -0.0008413230232965231,
    0.0025384699006608213
  ],
  "yOffset": [
    0.0006465204149396375,
    -0.002039692771694572
  ],
  "kOffset": [
    20000,
    20000
  ],
  "noiseAmp": 9.441818268736431e-06,
  "colorMode": 0,
  "title": "Triumph of Bitcoin",
  "sourceId": "ec11a3e19cb22adf6a880c63b1daf19568cf5a6717572bfd123d91f15fe4d241i0",
  "variationId": 144,
  "outliers": [],
  "isOutlier": false
}