{
  "radius": 2.06,
  "cOffset": [
    0.00192,
    -0.00182
  ],
  "mOffset": [
    0.00174,
    -0.00603
  ],
  "yOffset": [
    -0.0051,
    -0.00488
  ],
  "kOffset": [
    20000,
    20000
  ],
  "noiseAmp": 3.87e-07,
  "inkStatus": 0,
  "title": "Triumph of Bitcoin",
  "sourceId": "ff08f64a29c957c1f376ca1d35c2ccb5851379da3df9618b8108f55ed65dfb39i0"
}