{
  "radius": 0.015122711551277474,
  "cOffset": [
    -0.0008475732941058588,
    0.00031352816815252455
  ],
  "mOffset": [
    0.00077620571133595,
    0.0020449025231016717
  ],
  "yOffset": [
    -3.455113634986359e-05,
    -0.00029717929479104076
  ],
  "kOffset": [
    107.9087821059499,
    91.68118541796032
  ],
  "noiseAmp": 1.7822821286290283e-06,
  "colorMode": 0,
  "sourceId": "806d80e7cf7f39208eccf59102e0086d6b593dbe3152777ef31dfc869a02340fi0",
  "variationId": 320,
  "outliers": [],
  "isOutlier": false
}