{
  "radius": 0.015380750615586384,
  "cOffset": [
    0.001386115518806477,
    -0.00041135037330882016
  ],
  "mOffset": [
    -0.0023068677761041816,
    -0.00026862977210720835
  ],
  "yOffset": [
    0.0018639336700921989,
    -0.0005818790082586855
  ],
  "kOffset": [
    109.7324603967958,
    102.13990251912651
  ],
  "noiseAmp": 2.1488091561917107e-08,
  "colorMode": 0,
  "sourceId": "a4fca8cd68283460126b88cce9a4d7462917eae4e6c1a5f91300fb9280eae7dbi0",
  "variationId": 82,
  "outliers": [],
  "isOutlier": false
}