{
  "radius": 2.22,
  "cOffset": [
    -0.00218,
    -0.00323
  ],
  "mOffset": [
    0.00717,
    -0.00157
  ],
  "yOffset": [
    -0.00431,
    0.00247
  ],
  "kOffset": [
    20000,
    20000
  ],
  "noiseAmp": 7.62e-06,
  "inkStatus": 0,
  "title": "Triumph of Science",
  "sourceId": "b1ff3531357fc4703e14454c8cfc606c79f88f87f908ec0d34a3e7eb02a843adi0"
}