{
  "radius": 2.34,
  "cOffset": [
    0.00364,
    0.00189
  ],
  "mOffset": [
    -0.00258,
    0.00446
  ],
  "yOffset": [
    0.00299,
    -0.000479
  ],
  "kOffset": [
    20000,
    20000
  ],
  "noiseAmp": 2.81e-05,
  "inkStatus": 0,
  "title": "Triumph of Bitcoin",
  "sourceId": "fbab7ffde03428ed7c11dc268605241b6e33ea212229b03fb1d8f21e289fae54i0"
}