{
  "radius": 2.3,
  "cOffset": [
    0.000409,
    -0.0014
  ],
  "mOffset": [
    -0.00316,
    0.000865
  ],
  "yOffset": [
    0.0553,
    0.0267
  ],
  "kOffset": [
    20000,
    20000
  ],
  "noiseAmp": 1.7e-05,
  "inkStatus": 3,
  "title": "Triumph of Science",
  "wear": 123.9,
  "sourceId": "b1ff3531357fc4703e14454c8cfc606c79f88f87f908ec0d34a3e7eb02a843adi0",
  "variationId": 309,
  "outliers": [
    "inkStatus",
    "wear",
    "yOffset"
  ],
  "isOutlier": true
}