{
  "radius": 2.32,
  "cOffset": [
    0.00014,
    -0.00119
  ],
  "mOffset": [
    0.0121,
    0.000674
  ],
  "yOffset": [
    0.0015,
    0.000771
  ],
  "kOffset": [
    20000,
    20000
  ],
  "noiseAmp": 2.55e-06,
  "inkStatus": 4,
  "title": "Triumph of Bitcoin",
  "wear": 65.8,
  "sourceId": "a4fca8cd68283460126b88cce9a4d7462917eae4e6c1a5f91300fb9280eae7dbi0",
  "variationId": 94,
  "outliers": [
    "inkStatus",
    "wear"
  ],
  "isOutlier": true
}