{
  "radius": 2.36,
  "cOffset": [
    0.0508,
    -0.0164
  ],
  "mOffset": [
    0.00483,
    -0.00375
  ],
  "yOffset": [
    -0.00167,
    -0.000997
  ],
  "kOffset": [
    20000,
    20000
  ],
  "noiseAmp": 7.58e-05,
  "inkStatus": 2,
  "title": "Triumph of Bitcoin",
  "wear": 61.4,
  "sourceId": "cf3ae616cfa57b2304a43445a0025e16d1c36943ed15cb1af5898185cf0d88efi0",
  "variationId": 117,
  "outliers": [
    "inkStatus",
    "noiseAmp",
    "cOffset"
  ],
  "isOutlier": true
}