{
  "radius": 0.014964622760057583,
  "cOffset": [
    -0.00129957796148383,
    0.00012350261771782865
  ],
  "mOffset": [
    0.00016445763884847885,
    0.0013869602179854995
  ],
  "yOffset": [
    2.0079620101756533e-05,
    0.0010065583000708942
  ],
  "kOffset": [
    100.49545777026181,
    100.01151067737503
  ],
  "noiseAmp": 2.323195518932729e-06,
  "colorMode": 0,
  "sourceId": "806d80e7cf7f39208eccf59102e0086d6b593dbe3152777ef31dfc869a02340fi0",
  "variationId": 314,
  "outliers": [],
  "isOutlier": false
}