{
  "radius": 2.15,
  "cOffset": [
    0.00349,
    -0.00071
  ],
  "mOffset": [
    0.00364,
    0.00176
  ],
  "yOffset": [
    -0.00222,
    0.000924
  ],
  "kOffset": [
    20000,
    20000
  ],
  "noiseAmp": 5.07e-06,
  "inkStatus": 0,
  "title": "Triumph of Bitcoin",
  "wear": 48.6,
  "sourceId": "7fcc33c4cb0081cfa85c5d1d541aad5d8c631debbb29c65c95f4d30137ed2aa0i0",
  "variationId": 263,
  "outliers": [],
  "isOutlier": false
}