{
  "radius": 2.26,
  "cOffset": [
    -0.00145,
    0.00593
  ],
  "mOffset": [
    0.00106,
    -0.00563
  ],
  "yOffset": [
    -0.00062,
    0.000692
  ],
  "kOffset": [
    20000,
    20000
  ],
  "noiseAmp": 2.11e-05,
  "inkStatus": 0,
  "title": "Triumph of Bitcoin",
  "sourceId": "fb9fad20ede2f27b013efe9b408e6be1b3ff546dfca53eac86c7e0f1a632d551i0"
}