{
  "radius": 0.015383996132412881,
  "cOffset": [
    0.002220908900519271,
    -3.899478456187347e-06
  ],
  "mOffset": [
    0.0038408528792943644,
    -0.0041876921971152
  ],
  "yOffset": [
    0.0012931895907839844,
    0.00039850941107645403
  ],
  "kOffset": [
    100.7046613661069,
    84.91220281943635
  ],
  "noiseAmp": 8.277111936290532e-07,
  "colorMode": 0,
  "sourceId": "5f53dd709a8d2e350674d86679ff550763502a0ff8c2b567cefa4b52f736aa7fi0",
  "variationId": 71,
  "outliers": [],
  "isOutlier": false
}