{
  "radius": 0.015384924742573901,
  "cOffset": [
    0.0031802018893120456,
    0.0002100364897618753
  ],
  "mOffset": [
    -0.0007427311497727064,
    -0.0026072497792739412
  ],
  "yOffset": [
    -0.0013093275492262893,
    0.00048497011601668426
  ],
  "kOffset": [
    82.08210075200171,
    104.18741858868607
  ],
  "noiseAmp": 8.821739669400492e-07,
  "colorMode": 0,
  "sourceId": "5f53dd709a8d2e350674d86679ff550763502a0ff8c2b567cefa4b52f736aa7fi0",
  "variationId": 64,
  "outliers": [],
  "isOutlier": false
}