{
  "radius": 2.26,
  "cOffset": [
    -5.47e-06,
    0.00244
  ],
  "mOffset": [
    0.00157,
    0.0033
  ],
  "yOffset": [
    -0.000983,
    -0.00129
  ],
  "kOffset": [
    20000,
    20000
  ],
  "noiseAmp": 4.36e-06,
  "inkStatus": 0,
  "title": "Triumph of Bitcoin",
  "wear": 35.3,
  "sourceId": "ba4b86348a6e7bad9deeb21752cf790694355b639650c679ce5b1c61feeab004i0",
  "variationId": 174,
  "outliers": [],
  "isOutlier": false
}