{
  "radius": 2.35,
  "cOffset": [
    -0.00408,
    -0.00362
  ],
  "mOffset": [
    0.00396,
    -0.00498
  ],
  "yOffset": [
    -0.000366,
    0.00284
  ],
  "kOffset": [
    20000,
    20000
  ],
  "noiseAmp": 3.15e-06,
  "inkStatus": 0,
  "title": "Triumph of Bitcoin",
  "sourceId": "5f53dd709a8d2e350674d86679ff550763502a0ff8c2b567cefa4b52f736aa7fi0"
}