{
  "radius": 2.37,
  "cOffset": [
    0.00293,
    -0.000988
  ],
  "mOffset": [
    0.000334,
    -0.00667
  ],
  "yOffset": [
    0.00393,
    0.000181
  ],
  "kOffset": [
    20000,
    20000
  ],
  "noiseAmp": 1.66e-06,
  "inkStatus": 0,
  "title": "Triumph of Bitcoin",
  "sourceId": "a4fca8cd68283460126b88cce9a4d7462917eae4e6c1a5f91300fb9280eae7dbi0"
}