{
  "radius": 2.2537909789125234,
  "cOffset": [
    -0.012629670571741516,
    0.04966951004955026
  ],
  "mOffset": [
    0.0010305466272779516,
    -0.003937572694536252
  ],
  "yOffset": [
    -0.0057693277933335944,
    -0.00036599711904030996
  ],
  "kOffset": [
    20000,
    20000
  ],
  "noiseAmp": 1.882048897042703e-05,
  "colorMode": 0,
  "title": "Triumph of Bitcoin",
  "sourceId": "fb9fad20ede2f27b013efe9b408e6be1b3ff546dfca53eac86c7e0f1a632d551i0",
  "variationId": 215,
  "outliers": [
    "cOffset"
  ],
  "isOutlier": true
}