{
  "radius": 2.32,
  "cOffset": [
    -0.0243,
    0.0564
  ],
  "mOffset": [
    -0.0029,
    -0.000529
  ],
  "yOffset": [
    0.00129,
    0.000178
  ],
  "kOffset": [
    20000,
    20000
  ],
  "noiseAmp": 1.35e-05,
  "inkStatus": 3,
  "title": "Triumph of Science",
  "wear": 58.6,
  "sourceId": "806d80e7cf7f39208eccf59102e0086d6b593dbe3152777ef31dfc869a02340fi0",
  "variationId": 331,
  "outliers": [
    "inkStatus",
    "cOffset"
  ],
  "isOutlier": true
}