{
  "radius": 0.014165383995976416,
  "cOffset": [
    0.003425348008990824,
    7.63433345264885e-05
  ],
  "mOffset": [
    0.005806185857967656,
    0.0009577661723482571
  ],
  "yOffset": [
    0.0006897343620158783,
    0.0010530774282061603
  ],
  "kOffset": [
    92.85680376957885,
    81.21801308445724
  ],
  "noiseAmp": 2.9615597989172013e-07,
  "colorMode": 0,
  "sourceId": "a4fca8cd68283460126b88cce9a4d7462917eae4e6c1a5f91300fb9280eae7dbi0",
  "variationId": 83,
  "outliers": [],
  "isOutlier": false
}