{
  "radius": 2.13,
  "cOffset": [
    0.00262,
    -0.000488
  ],
  "mOffset": [
    -0.0783,
    -0.112
  ],
  "yOffset": [
    -0.00055,
    -0.000915
  ],
  "kOffset": [
    20000,
    20000
  ],
  "noiseAmp": 1.09e-06,
  "inkStatus": 4,
  "title": "Triumph of Science",
  "wear": 54.3,
  "sourceId": "806d80e7cf7f39208eccf59102e0086d6b593dbe3152777ef31dfc869a02340fi0",
  "variationId": 310,
  "outliers": [
    "inkStatus",
    "mOffset"
  ],
  "isOutlier": true
}