{
  "radius": 2.03103325710682,
  "cOffset": [
    0.0013086192041580323,
    0.003252399312379344
  ],
  "mOffset": [
    0.008056186576817535,
    -0.005108541090437943
  ],
  "yOffset": [
    0.002133079737826548,
    -0.0025005936943287626
  ],
  "kOffset": [
    20000,
    20000
  ],
  "noiseAmp": 1.8609378324187947e-05,
  "colorMode": 3,
  "title": "Triumph of Bitcoin",
  "sourceId": "11e0ab1f653675211944593bb87d1b875050c2f328ab175595d2e7189da9b2f8i0",
  "variationId": 140,
  "outliers": [
    "colorMode"
  ],
  "isOutlier": true
}