{
  "radius": 2.440565741407845,
  "cOffset": [
    -0.0017787378152187103,
    -0.0002859663337044594
  ],
  "mOffset": [
    -0.006785830655746365,
    -0.0029152184890072555
  ],
  "yOffset": [
    0.0024401955579028416,
    0.0010410017593031323
  ],
  "kOffset": [
    20000,
    20000
  ],
  "noiseAmp": 7.305157652956889e-06,
  "colorMode": 0,
  "title": "Triumph of Bitcoin",
  "sourceId": "11e0ab1f653675211944593bb87d1b875050c2f328ab175595d2e7189da9b2f8i0",
  "variationId": 122,
  "outliers": [],
  "isOutlier": false
}