{
  "radius": 2.24,
  "cOffset": [
    -0.00521,
    -0.00209
  ],
  "mOffset": [
    -0.00515,
    0.00197
  ],
  "yOffset": [
    -0.00142,
    0.00565
  ],
  "kOffset": [
    20000,
    20000
  ],
  "noiseAmp": 1.55e-06,
  "inkStatus": 0,
  "title": "Triumph of Bitcoin",
  "sourceId": "fb9fad20ede2f27b013efe9b408e6be1b3ff546dfca53eac86c7e0f1a632d551i0"
}