{
  "radius": 0.015618480332900003,
  "cOffset": [
    -0.002371657096065703,
    0.0001711408404133652
  ],
  "mOffset": [
    -0.0029317248688353263,
    -7.388652508456841e-05
  ],
  "yOffset": [
    0.00030342174750898164,
    0.001256542364039053
  ],
  "kOffset": [
    81.36040337665227,
    101.4225639696912
  ],
  "noiseAmp": 5.881027330832581e-07,
  "colorMode": 0,
  "sourceId": "fbab7ffde03428ed7c11dc268605241b6e33ea212229b03fb1d8f21e289fae54i0",
  "variationId": 13,
  "outliers": [],
  "isOutlier": false
}