{
  "radius": 2.3863646039343176,
  "cOffset": [
    -0.0013445882787334101,
    0.0022716733159183823
  ],
  "mOffset": [
    -0.002843853826154497,
    0.00610706328949562
  ],
  "yOffset": [
    0.002762458412447508,
    -0.0010422049563501552
  ],
  "kOffset": [
    20000,
    20000
  ],
  "noiseAmp": 8.791595170881816e-08,
  "colorMode": 0,
  "title": "Triumph of Bitcoin",
  "sourceId": "11e0ab1f653675211944593bb87d1b875050c2f328ab175595d2e7189da9b2f8i0",
  "variationId": 120,
  "outliers": [],
  "isOutlier": false
}