{
  "radius": 0.015635591969540858,
  "cOffset": [
    -0.0014420599622837124,
    -0.00010494768416092667
  ],
  "mOffset": [
    0.0025525194212983136,
    0.0072415521334292295
  ],
  "yOffset": [
    -0.0007421648098850326,
    -0.0017374415825371797
  ],
  "kOffset": [
    76.30931631857953,
    96.66247920513023
  ],
  "noiseAmp": 1.4380660181892109e-06,
  "colorMode": 0,
  "sourceId": "806d80e7cf7f39208eccf59102e0086d6b593dbe3152777ef31dfc869a02340fi0",
  "variationId": 328,
  "outliers": [],
  "isOutlier": false
}