{
  "radius": 2.163914665455132,
  "cOffset": [
    0.002568630365863619,
    -0.0014421134999527102
  ],
  "mOffset": [
    -0.003753007062160918,
    0.004344809894488073
  ],
  "yOffset": [
    0.0021205243564159076,
    -0.0021559758588970534
  ],
  "kOffset": [
    20000,
    20000
  ],
  "noiseAmp": 8.289597000601876e-06,
  "colorMode": 0,
  "title": "Triumph of Bitcoin",
  "sourceId": "a4fca8cd68283460126b88cce9a4d7462917eae4e6c1a5f91300fb9280eae7dbi0",
  "variationId": 84,
  "outliers": [],
  "isOutlier": false
}