{
  "radius": 2.093851956452188,
  "cOffset": [
    -0.0009992156676587,
    -0.00029303072772585354
  ],
  "mOffset": [
    0.0060924442294932385,
    8.929567405906177e-05
  ],
  "yOffset": [
    0.00032325497508614787,
    -0.004501120818946892
  ],
  "kOffset": [
    20000,
    20000
  ],
  "noiseAmp": 4.073918318067302e-06,
  "colorMode": 0,
  "title": "Triumph of Bitcoin",
  "sourceId": "5f53dd709a8d2e350674d86679ff550763502a0ff8c2b567cefa4b52f736aa7fi0",
  "variationId": 51,
  "outliers": [],
  "isOutlier": false
}