{
  "radius": 2.238250848516552,
  "cOffset": [
    2.5717015721240524e-05,
    -0.005750648793387543
  ],
  "mOffset": [
    -0.0061390975153841265,
    -0.002885787763902457
  ],
  "yOffset": [
    -0.0001355455348207571,
    0.0018029282146034364
  ],
  "kOffset": [
    20000,
    20000
  ],
  "noiseAmp": 2.306551147919528e-05,
  "colorMode": 0,
  "title": "Triumph of Science",
  "sourceId": "806d80e7cf7f39208eccf59102e0086d6b593dbe3152777ef31dfc869a02340fi0",
  "variationId": 319,
  "outliers": [],
  "isOutlier": false
}