{
  "radius": 2.2196365272986553,
  "cOffset": [
    0.0024967362128225264,
    0.00026890728651366845
  ],
  "mOffset": [
    -0.002839920157421429,
    0.0015284027606643907
  ],
  "yOffset": [
    -0.0013837580802142976,
    -0.0006064328958238787
  ],
  "kOffset": [
    20000,
    20000
  ],
  "noiseAmp": 1.5269438891614013e-05,
  "colorMode": 0,
  "title": "Triumph of Bitcoin",
  "sourceId": "ff08f64a29c957c1f376ca1d35c2ccb5851379da3df9618b8108f55ed65dfb39i0",
  "variationId": 239,
  "outliers": [],
  "isOutlier": false
}