{
  "radius": 2.38,
  "cOffset": [
    0.00139,
    -0.00432
  ],
  "mOffset": [
    0.00176,
    -0.00352
  ],
  "yOffset": [
    -0.00157,
    -0.00195
  ],
  "kOffset": [
    20000,
    20000
  ],
  "noiseAmp": 1.09e-05,
  "inkStatus": 2,
  "title": "Triumph of Bitcoin",
  "wear": 36.6,
  "sourceId": "ba4b86348a6e7bad9deeb21752cf790694355b639650c679ce5b1c61feeab004i0",
  "variationId": 184,
  "outliers": [
    "inkStatus"
  ],
  "isOutlier": true
}