{
  "radius": 2.301418999810039,
  "cOffset": [
    0.0010661528806870054,
    0.003706524005454158
  ],
  "mOffset": [
    -0.004832608213854441,
    -0.0047721818247938785
  ],
  "yOffset": [
    -0.0010081758486553164,
    0.0025164930871488405
  ],
  "kOffset": [
    20000,
    20000
  ],
  "noiseAmp": 5.847487709591197e-08,
  "colorMode": 0,
  "title": "Triumph of Bitcoin",
  "sourceId": "ba4b86348a6e7bad9deeb21752cf790694355b639650c679ce5b1c61feeab004i0",
  "variationId": 171,
  "outliers": [],
  "isOutlier": false
}