{
  "radius": 0.01534200494172193,
  "cOffset": [
    0.00039905339544902207,
    -7.47598674903419e-05
  ],
  "mOffset": [
    0.002412222865534279,
    -0.0015927628405152773
  ],
  "yOffset": [
    0.0001080682533869521,
    -0.0022315734735395202
  ],
  "kOffset": [
    105.15028406592879,
    113.04180192857213
  ],
  "noiseAmp": 9.716230221908554e-07,
  "colorMode": 0,
  "sourceId": "ba4b86348a6e7bad9deeb21752cf790694355b639650c679ce5b1c61feeab004i0",
  "variationId": 182,
  "outliers": [],
  "isOutlier": false
}