{
  "radius": 0.015028169608514911,
  "cOffset": [
    0.002772096137326174,
    -0.0004014956090860612
  ],
  "mOffset": [
    0.0011328614608029034,
    0.002525488315647892
  ],
  "yOffset": [
    -0.0003838885751625294,
    -0.0006315461315394612
  ],
  "kOffset": [
    101.87205561336329,
    107.61419289310034
  ],
  "noiseAmp": 1.192363879188349e-06,
  "colorMode": 0,
  "sourceId": "ff08f64a29c957c1f376ca1d35c2ccb5851379da3df9618b8108f55ed65dfb39i0",
  "variationId": 228,
  "outliers": [],
  "isOutlier": false
}