{
  "radius": 0.0145311715957905,
  "cOffset": [
    0.002708382333281451,
    0.00024951648589855075
  ],
  "mOffset": [
    -0.0004922992282858441,
    0.002898957663466633
  ],
  "yOffset": [
    -0.001971792584122953,
    0.0007618149599678284
  ],
  "kOffset": [
    99.75850130343476,
    95.96516019124995
  ],
  "noiseAmp": 5.044026706823183e-07,
  "colorMode": 0,
  "sourceId": "a4fca8cd68283460126b88cce9a4d7462917eae4e6c1a5f91300fb9280eae7dbi0",
  "variationId": 81,
  "outliers": [],
  "isOutlier": false
}