{
  "radius": 0.015532775090997106,
  "cOffset": [
    0.0040067443446859,
    -9.785066975639289e-05
  ],
  "mOffset": [
    -0.0018586633085419942,
    0.0037234911406294896
  ],
  "yOffset": [
    -0.0007893283091828903,
    0.0007053341917851451
  ],
  "kOffset": [
    109.70902815454318,
    94.83118593005761
  ],
  "noiseAmp": 9.292312240319128e-07,
  "colorMode": 0,
  "sourceId": "a4fca8cd68283460126b88cce9a4d7462917eae4e6c1a5f91300fb9280eae7dbi0",
  "variationId": 90,
  "outliers": [],
  "isOutlier": false
}