{
  "radius": 0.015132100213115597,
  "cOffset": [
    -0.003998838180347534,
    0.00011677322098383079
  ],
  "mOffset": [
    -0.0012460669960663068,
    -0.0014127862784914353
  ],
  "yOffset": [
    0.0027158860788127426,
    -0.000981251312873351
  ],
  "kOffset": [
    118.37127927430308,
    86.92773128191673
  ],
  "noiseAmp": 6.210030543137616e-08,
  "colorMode": 0,
  "sourceId": "fbab7ffde03428ed7c11dc268605241b6e33ea212229b03fb1d8f21e289fae54i0",
  "variationId": 6,
  "outliers": [],
  "isOutlier": false
}