{
  "radius": 2.29,
  "cOffset": [
    0.00518,
    -0.000234
  ],
  "mOffset": [
    0.000653,
    -0.00402
  ],
  "yOffset": [
    -0.00298,
    -0.00383
  ],
  "kOffset": [
    20000,
    20000
  ],
  "noiseAmp": 9.23e-06,
  "inkStatus": 0,
  "title": "Triumph of Bitcoin",
  "sourceId": "a4fca8cd68283460126b88cce9a4d7462917eae4e6c1a5f91300fb9280eae7dbi0"
}