{
  "radius": 2.37,
  "cOffset": [
    0.00151,
    -0.00421
  ],
  "mOffset": [
    0.000525,
    -0.00756
  ],
  "yOffset": [
    0.000347,
    0.00102
  ],
  "kOffset": [
    20000,
    20000
  ],
  "noiseAmp": 4.98e-06,
  "inkStatus": 0,
  "title": "Triumph of Bitcoin",
  "wear": 57.2,
  "sourceId": "7fcc33c4cb0081cfa85c5d1d541aad5d8c631debbb29c65c95f4d30137ed2aa0i0",
  "variationId": 251,
  "outliers": [],
  "isOutlier": false
}