{
  "radius": 2.25,
  "cOffset": [
    0.00532,
    -0.0043
  ],
  "mOffset": [
    0.00154,
    0.000501
  ],
  "yOffset": [
    0.00136,
    -0.0012
  ],
  "kOffset": [
    20000,
    20000
  ],
  "noiseAmp": 1.16e-05,
  "inkStatus": 0,
  "title": "Triumph of Science",
  "wear": 55.8,
  "sourceId": "6461c2a49eba6c8220bf472d9a504554a0592470f0cdddddb0969e896a1a6ca9i0",
  "variationId": 278,
  "outliers": [],
  "isOutlier": false
}