{
  "radius": 2.29,
  "cOffset": [
    -0.0274,
    -0.0393
  ],
  "mOffset": [
    -0.00319,
    0.00191
  ],
  "yOffset": [
    -0.00341,
    0.000649
  ],
  "kOffset": [
    20000,
    20000
  ],
  "noiseAmp": 4.25e-06,
  "inkStatus": 4,
  "title": "Triumph of Bitcoin",
  "wear": 52.6,
  "sourceId": "cf3ae616cfa57b2304a43445a0025e16d1c36943ed15cb1af5898185cf0d88efi0",
  "variationId": 104,
  "outliers": [
    "inkStatus",
    "cOffset"
  ],
  "isOutlier": true
}