{
  "radius": 2.02,
  "cOffset": [
    -0.000262,
    -0.000336
  ],
  "mOffset": [
    0.0724,
    0.0295
  ],
  "yOffset": [
    0.00493,
    -0.00106
  ],
  "kOffset": [
    20000,
    20000
  ],
  "noiseAmp": 2.63e-06,
  "inkStatus": 1,
  "title": "Triumph of Bitcoin",
  "wear": 54.6,
  "sourceId": "fbab7ffde03428ed7c11dc268605241b6e33ea212229b03fb1d8f21e289fae54i0",
  "variationId": 22,
  "outliers": [
    "inkStatus",
    "mOffset"
  ],
  "isOutlier": true
}