{
  "radius": 2.29,
  "cOffset": [
    -0.000947,
    0.00498
  ],
  "mOffset": [
    0.00146,
    0.00194
  ],
  "yOffset": [
    -0.00416,
    -0.000621
  ],
  "kOffset": [
    20000,
    20000
  ],
  "noiseAmp": 1.66e-05,
  "inkStatus": 2,
  "title": "Triumph of Bitcoin",
  "wear": 37.7,
  "sourceId": "5f53dd709a8d2e350674d86679ff550763502a0ff8c2b567cefa4b52f736aa7fi0",
  "variationId": 67,
  "outliers": [
    "inkStatus"
  ],
  "isOutlier": true
}