{
  "radius": 2.132017076902697,
  "cOffset": [
    0.0036396656937718215,
    0.001515395468789621
  ],
  "mOffset": [
    0.000828002250253434,
    0.0004275781785128768
  ],
  "yOffset": [
    -0.0025454672327210547,
    0.0006513959386900961
  ],
  "kOffset": [
    20000,
    20000
  ],
  "noiseAmp": 3.656964422144973e-06,
  "colorMode": 0,
  "title": "Triumph of Bitcoin",
  "sourceId": "ff08f64a29c957c1f376ca1d35c2ccb5851379da3df9618b8108f55ed65dfb39i0",
  "variationId": 225,
  "outliers": [],
  "isOutlier": false
}