{
  "radius": 2.3,
  "cOffset": [
    0.0033,
    -0.00103
  ],
  "mOffset": [
    -0.00177,
    0.00236
  ],
  "yOffset": [
    -0.00639,
    0.00253
  ],
  "kOffset": [
    20000,
    20000
  ],
  "noiseAmp": 2.95e-06,
  "inkStatus": 0,
  "title": "Triumph of Bitcoin",
  "sourceId": "a4fca8cd68283460126b88cce9a4d7462917eae4e6c1a5f91300fb9280eae7dbi0"
}