{
  "radius": 2.36,
  "cOffset": [
    0.0007,
    -0.000987
  ],
  "mOffset": [
    -0.00504,
    -0.00234
  ],
  "yOffset": [
    -0.00114,
    -0.000135
  ],
  "kOffset": [
    20000,
    20000
  ],
  "noiseAmp": 1.56e-05,
  "inkStatus": 6,
  "title": "Triumph of Bitcoin",
  "wear": 47.0,
  "sourceId": "7fcc33c4cb0081cfa85c5d1d541aad5d8c631debbb29c65c95f4d30137ed2aa0i0",
  "variationId": 240,
  "outliers": [
    "inkStatus"
  ],
  "isOutlier": true
}