{
  "radius": 0.015332215109411705,
  "cOffset": [
    0.0018196521512022956,
    -9.749197816151134e-05
  ],
  "mOffset": [
    -0.0005379354821255856,
    -0.0016525120932213444
  ],
  "yOffset": [
    0.0011762045953316166,
    -0.000846584325555998
  ],
  "kOffset": [
    116.09528495953529,
    97.15089808474448
  ],
  "noiseAmp": 7.749024392355593e-07,
  "colorMode": 0,
  "sourceId": "11e0ab1f653675211944593bb87d1b875050c2f328ab175595d2e7189da9b2f8i0",
  "variationId": 135,
  "outliers": [],
  "isOutlier": false
}