{
  "radius": 2.09,
  "cOffset": [
    -0.00527,
    0.000476
  ],
  "mOffset": [
    0.00304,
    -0.00145
  ],
  "yOffset": [
    0.00192,
    -0.000795
  ],
  "kOffset": [
    20000,
    20000
  ],
  "noiseAmp": 1.53e-05,
  "inkStatus": 0,
  "title": "Triumph of Bitcoin",
  "wear": 62.4,
  "sourceId": "7fcc33c4cb0081cfa85c5d1d541aad5d8c631debbb29c65c95f4d30137ed2aa0i0",
  "variationId": 253,
  "outliers": [],
  "isOutlier": false
}