{
  "radius": 0.015740907878257163,
  "cOffset": [
    -0.0008392497242588275,
    0.0001871670570417657
  ],
  "mOffset": [
    0.004352889432086395,
    0.0012350169256298634
  ],
  "yOffset": [
    -0.0016358724663409745,
    -0.0026196200453641482
  ],
  "kOffset": [
    107.05892724928043,
    113.67540167604702
  ],
  "noiseAmp": 7.871228282097683e-07,
  "colorMode": 0,
  "sourceId": "fb9fad20ede2f27b013efe9b408e6be1b3ff546dfca53eac86c7e0f1a632d551i0",
  "variationId": 195,
  "outliers": [],
  "isOutlier": false
}