{
  "radius": 0.01478793669671593,
  "cOffset": [
    0.0009993817129233542,
    0.0003442400255530303
  ],
  "mOffset": [
    0.0017727583762376388,
    -0.0022248197994370255
  ],
  "yOffset": [
    0.0013837297364822961,
    -0.0009528775440516436
  ],
  "kOffset": [
    117.10915822818461,
    99.25972823108405
  ],
  "noiseAmp": 7.677190008430224e-07,
  "colorMode": 0,
  "sourceId": "ec11a3e19cb22adf6a880c63b1daf19568cf5a6717572bfd123d91f15fe4d241i0",
  "variationId": 151,
  "outliers": [],
  "isOutlier": false
}