{
  "radius": 2.229954206689862,
  "cOffset": [
    -0.0008770802850401905,
    -0.002417382841234831
  ],
  "mOffset": [
    0.003985300363247092,
    -0.0006982163967302072
  ],
  "yOffset": [
    -0.0026549595531661983,
    0.00033143705760520264
  ],
  "kOffset": [
    20000,
    20000
  ],
  "noiseAmp": 1.003145753641556e-05,
  "colorMode": 0,
  "title": "Triumph of Bitcoin",
  "sourceId": "fb9fad20ede2f27b013efe9b408e6be1b3ff546dfca53eac86c7e0f1a632d551i0",
  "variationId": 196,
  "outliers": [],
  "isOutlier": false
}