{
  "radius": 2.2737578080316405,
  "cOffset": [
    0.0003260802223671836,
    0.006372086865256477
  ],
  "mOffset": [
    0.00030759245461043413,
    -0.0035264953444134254
  ],
  "yOffset": [
    -4.3483960599545874e-05,
    -0.00027404414861463165
  ],
  "kOffset": [
    20000,
    20000
  ],
  "noiseAmp": 2.6715815545091275e-06,
  "colorMode": 0,
  "title": "Triumph of Bitcoin",
  "sourceId": "5f53dd709a8d2e350674d86679ff550763502a0ff8c2b567cefa4b52f736aa7fi0",
  "variationId": 48,
  "outliers": [],
  "isOutlier": false
}