{
  "radius": 0.015485422682895556,
  "cOffset": [
    -0.0038637922790129725,
    -0.00047547293125712074
  ],
  "mOffset": [
    0.0017158279336460752,
    -0.001687317071581521
  ],
  "yOffset": [
    -0.0014911847736051721,
    0.0005191321820563554
  ],
  "kOffset": [
    75.08802600936994,
    102.6391106441761
  ],
  "noiseAmp": 1.2077159288356101e-06,
  "colorMode": 0,
  "sourceId": "b1ff3531357fc4703e14454c8cfc606c79f88f87f908ec0d34a3e7eb02a843adi0",
  "variationId": 290,
  "outliers": [],
  "isOutlier": false
}