{
  "radius": 0.014896410720762185,
  "cOffset": [
    0.0013773933836465958,
    8.882181465028867e-05
  ],
  "mOffset": [
    -0.0026922593035861586,
    -0.007953306219909953
  ],
  "yOffset": [
    -2.2083042226903864e-05,
    -0.0011700287054649712
  ],
  "kOffset": [
    115.42951875216906,
    119.2823963259934
  ],
  "noiseAmp": 8.897863563489216e-08,
  "colorMode": 0,
  "sourceId": "6461c2a49eba6c8220bf472d9a504554a0592470f0cdddddb0969e896a1a6ca9i0",
  "variationId": 280,
  "outliers": [],
  "isOutlier": false
}