{
  "radius": 2.08,
  "cOffset": [
    -0.00231,
    0.00305
  ],
  "mOffset": [
    0.00594,
    -0.000698
  ],
  "yOffset": [
    0.00244,
    -0.000254
  ],
  "kOffset": [
    20000,
    20000
  ],
  "noiseAmp": 5.22e-06,
  "inkStatus": 0,
  "title": "Triumph of Science",
  "sourceId": "806d80e7cf7f39208eccf59102e0086d6b593dbe3152777ef31dfc869a02340fi0"
}