{
  "radius": 2.41,
  "cOffset": [
    0.002,
    0.000612
  ],
  "mOffset": [
    -0.00543,
    -0.00203
  ],
  "yOffset": [
    -0.00108,
    0.00469
  ],
  "kOffset": [
    20000,
    20000
  ],
  "noiseAmp": 7.13e-06,
  "inkStatus": 6,
  "title": "Triumph of Bitcoin",
  "wear": 60.7,
  "sourceId": "5f53dd709a8d2e350674d86679ff550763502a0ff8c2b567cefa4b52f736aa7fi0",
  "variationId": 55,
  "outliers": [
    "inkStatus"
  ],
  "isOutlier": true
}