{
  "radius": 0.016108924643994646,
  "cOffset": [
    0.0016992307982182028,
    2.18244177601242e-05
  ],
  "mOffset": [
    0.0023432103048473332,
    -0.00012011760956251468
  ],
  "yOffset": [
    -6.48119022443807e-05,
    0.0016025609167150824
  ],
  "kOffset": [
    99.66864694178774,
    110.9928997312349
  ],
  "noiseAmp": 7.512592162164183e-07,
  "colorMode": 0,
  "sourceId": "a4fca8cd68283460126b88cce9a4d7462917eae4e6c1a5f91300fb9280eae7dbi0",
  "variationId": 93,
  "outliers": [],
  "isOutlier": false
}