{
  "radius": 2.35,
  "cOffset": [
    -0.033,
    0.0425
  ],
  "mOffset": [
    0.00331,
    0.00207
  ],
  "yOffset": [
    0.00114,
    -0.0021
  ],
  "kOffset": [
    20000,
    20000
  ],
  "noiseAmp": 1.16e-05,
  "inkStatus": 5,
  "title": "Triumph of Bitcoin",
  "wear": 56.8,
  "sourceId": "cf3ae616cfa57b2304a43445a0025e16d1c36943ed15cb1af5898185cf0d88efi0",
  "variationId": 100,
  "outliers": [
    "inkStatus",
    "cOffset"
  ],
  "isOutlier": true
}