{
  "radius": 0.014471038836005453,
  "cOffset": [
    -0.0015798974815336175,
    -0.00015847195862592287
  ],
  "mOffset": [
    -0.002348524976717857,
    0.0022978587931562567
  ],
  "yOffset": [
    -0.0015405447478298055,
    -0.000768891815875917
  ],
  "kOffset": [
    102.71178873403947,
    101.61745500814854
  ],
  "noiseAmp": 1.241768121031647e-07,
  "colorMode": 0,
  "sourceId": "a4fca8cd68283460126b88cce9a4d7462917eae4e6c1a5f91300fb9280eae7dbi0",
  "variationId": 85,
  "outliers": [],
  "isOutlier": false
}