{
  "radius": 2.16,
  "cOffset": [
    -0.000524,
    -0.00049
  ],
  "mOffset": [
    -0.000883,
    0.00125
  ],
  "yOffset": [
    0.00663,
    -0.00107
  ],
  "kOffset": [
    20000,
    20000
  ],
  "noiseAmp": 7.26e-06,
  "inkStatus": 5,
  "title": "Triumph of Bitcoin",
  "wear": 45.8,
  "sourceId": "a4fca8cd68283460126b88cce9a4d7462917eae4e6c1a5f91300fb9280eae7dbi0",
  "variationId": 74,
  "outliers": [
    "inkStatus"
  ],
  "isOutlier": true
}