{
  "radius": 0.01392767192110228,
  "cOffset": [
    -0.005304412892018524,
    9.027867851205907e-05
  ],
  "mOffset": [
    0.0006908332646757666,
    -0.0020963897017056777
  ],
  "yOffset": [
    -0.002107524267956147,
    -0.00143559024455937
  ],
  "kOffset": [
    92.060279112842,
    78.57046337930143
  ],
  "noiseAmp": 1.916994753282668e-06,
  "colorMode": 0,
  "sourceId": "fbab7ffde03428ed7c11dc268605241b6e33ea212229b03fb1d8f21e289fae54i0",
  "variationId": 16,
  "outliers": [],
  "isOutlier": false
}