{
  "radius": 2.0235462351474025,
  "cOffset": [
    -0.0007043224778219687,
    0.00110469415915872
  ],
  "mOffset": [
    -0.004124668305500627,
    0.0014579094178507235
  ],
  "yOffset": [
    -0.003060756088534844,
    0.0006947303908459604
  ],
  "kOffset": [
    20000,
    20000
  ],
  "noiseAmp": 2.8517223632595826e-06,
  "colorMode": 0,
  "title": "Triumph of Bitcoin",
  "sourceId": "cf3ae616cfa57b2304a43445a0025e16d1c36943ed15cb1af5898185cf0d88efi0",
  "variationId": 114,
  "outliers": [],
  "isOutlier": false
}