{
  "radius": 2.25,
  "cOffset": [
    0.00307,
    -0.00264
  ],
  "mOffset": [
    0.00448,
    0.00177
  ],
  "yOffset": [
    -0.00529,
    -0.00292
  ],
  "kOffset": [
    20000,
    20000
  ],
  "noiseAmp": 8.52e-07,
  "inkStatus": 0,
  "title": "Triumph of Bitcoin",
  "sourceId": "ff08f64a29c957c1f376ca1d35c2ccb5851379da3df9618b8108f55ed65dfb39i0"
}