{
  "radius": 0.014823492486775077,
  "cOffset": [
    0.00010545431569609256,
    0.000475823685450143
  ],
  "mOffset": [
    0.00525285387585984,
    -0.0037859920039519557
  ],
  "yOffset": [
    -0.002217209113995765,
    0.0010523612234416874
  ],
  "kOffset": [
    112.73947319479105,
    88.04166988814364
  ],
  "noiseAmp": 7.288150536948334e-07,
  "colorMode": 0,
  "sourceId": "7fcc33c4cb0081cfa85c5d1d541aad5d8c631debbb29c65c95f4d30137ed2aa0i0",
  "variationId": 257,
  "outliers": [],
  "isOutlier": false
}