{
  "radius": 2.19,
  "cOffset": [
    0.000822,
    -0.0033
  ],
  "mOffset": [
    0.000759,
    0.00368
  ],
  "yOffset": [
    0.00204,
    -0.000757
  ],
  "kOffset": [
    20000,
    20000
  ],
  "noiseAmp": 1.05e-05,
  "inkStatus": 0,
  "title": "Triumph of Science",
  "sourceId": "6461c2a49eba6c8220bf472d9a504554a0592470f0cdddddb0969e896a1a6ca9i0"
}