{
  "radius": 2.24,
  "cOffset": [
    -0.0197,
    0.00469
  ],
  "mOffset": [
    0.000255,
    0.00312
  ],
  "yOffset": [
    -0.000206,
    0.00202
  ],
  "kOffset": [
    20000,
    20000
  ],
  "noiseAmp": 1.04e-05,
  "inkStatus": 0,
  "title": "Triumph of Bitcoin",
  "sourceId": "11e0ab1f653675211944593bb87d1b875050c2f328ab175595d2e7189da9b2f8i0"
}