{
  "radius": 0.015811063156313893,
  "cOffset": [
    0.0019225939081580065,
    -5.022824920055315e-05
  ],
  "mOffset": [
    0.004466399134080821,
    -0.0009877210118090399
  ],
  "yOffset": [
    -0.0014638911611577555,
    0.0013006960599118147
  ],
  "kOffset": [
    109.4779534297171,
    95.50972062601757
  ],
  "noiseAmp": 7.157950064289698e-07,
  "colorMode": 0,
  "sourceId": "6461c2a49eba6c8220bf472d9a504554a0592470f0cdddddb0969e896a1a6ca9i0",
  "variationId": 267,
  "outliers": [],
  "isOutlier": false
}