{
  "radius": 2.3,
  "cOffset": [
    -0.00156,
    6.68e-05
  ],
  "mOffset": [
    0.00162,
    -0.000916
  ],
  "yOffset": [
    0.00272,
    0.00241
  ],
  "kOffset": [
    20000,
    20000
  ],
  "noiseAmp": 1.04e-05,
  "inkStatus": 0,
  "title": "Triumph of Bitcoin",
  "sourceId": "ec11a3e19cb22adf6a880c63b1daf19568cf5a6717572bfd123d91f15fe4d241i0"
}