{
  "radius": 0.01392357096040199,
  "cOffset": [
    0.004456335985960462,
    -0.00010832210149416695
  ],
  "mOffset": [
    -0.0020653232108387796,
    -0.002288604029813335
  ],
  "yOffset": [
    -0.0005831001548431129,
    -0.0015881476895648592
  ],
  "kOffset": [
    104.16855249115264,
    103.91517013236049
  ],
  "noiseAmp": 2.3557802882319223e-06,
  "colorMode": 0,
  "sourceId": "5f53dd709a8d2e350674d86679ff550763502a0ff8c2b567cefa4b52f736aa7fi0",
  "variationId": 53,
  "outliers": [],
  "isOutlier": false
}