{
  "radius": 2.2549910702851093,
  "cOffset": [
    -0.005177385714633854,
    -0.00217534735536325
  ],
  "mOffset": [
    -0.0038082830968103948,
    0.0008348645952933299
  ],
  "yOffset": [
    -0.0005460424945924445,
    -0.0035553793450313464
  ],
  "kOffset": [
    20000,
    20000
  ],
  "noiseAmp": 2.914636890110267e-06,
  "colorMode": 0,
  "title": "Triumph of Bitcoin",
  "sourceId": "ff08f64a29c957c1f376ca1d35c2ccb5851379da3df9618b8108f55ed65dfb39i0",
  "variationId": 235,
  "outliers": [],
  "isOutlier": false
}