{
  "radius": 0.014561534378929106,
  "cOffset": [
    0.0015922872963133106,
    6.746602731898387e-05
  ],
  "mOffset": [
    -0.0006227969285396012,
    0.0019890089400795632
  ],
  "yOffset": [
    0.0014856366306834903,
    0.00017851833658951845
  ],
  "kOffset": [
    83.82869795081905,
    112.63375665880721
  ],
  "noiseAmp": 1.0819824014895994e-06,
  "colorMode": 0,
  "sourceId": "fbab7ffde03428ed7c11dc268605241b6e33ea212229b03fb1d8f21e289fae54i0",
  "variationId": 20,
  "outliers": [],
  "isOutlier": false
}