{
  "radius": 2.3548053844494192,
  "cOffset": [
    -0.003077615965653963,
    0.0027898869932238123
  ],
  "mOffset": [
    0.0010498136535153778,
    -0.005311048041260649
  ],
  "yOffset": [
    0.001960601825803942,
    -0.003067136918542873
  ],
  "kOffset": [
    20000,
    20000
  ],
  "noiseAmp": 1.3905361458957014e-05,
  "colorMode": 0,
  "title": "Triumph of Bitcoin",
  "sourceId": "ba4b86348a6e7bad9deeb21752cf790694355b639650c679ce5b1c61feeab004i0",
  "variationId": 187,
  "outliers": [],
  "isOutlier": false
}