{
  "radius": 2.1,
  "cOffset": [
    -0.00255,
    0.00528
  ],
  "mOffset": [
    0.00484,
    0.00462
  ],
  "yOffset": [
    0.00111,
    -0.00127
  ],
  "kOffset": [
    20000,
    20000
  ],
  "noiseAmp": 1.9e-06,
  "inkStatus": 0,
  "title": "Triumph of Bitcoin",
  "wear": 45.3,
  "sourceId": "63594e1b8512a5ad3215acfb7470f181444c773c0953d875f9713fca3d896774i0",
  "variationId": 32,
  "outliers": [],
  "isOutlier": false
}