{
  "radius": 2.5,
  "cOffset": [
    -0.000335,
    -0.000893
  ],
  "mOffset": [
    -0.00369,
    0.00188
  ],
  "yOffset": [
    0.000942,
    4.86e-05
  ],
  "kOffset": [
    20000,
    20000
  ],
  "noiseAmp": 5.76e-06,
  "inkStatus": 0,
  "title": "Triumph of Bitcoin",
  "sourceId": "cf3ae616cfa57b2304a43445a0025e16d1c36943ed15cb1af5898185cf0d88efi0"
}