{
  "radius": 0.015474795260173469,
  "cOffset": [
    -0.00013341020840868274,
    -1.0978009000995715e-05
  ],
  "mOffset": [
    -0.002095657286541809,
    -0.0032748908294897576
  ],
  "yOffset": [
    0.0012545426651760377,
    -0.0017542781422824852
  ],
  "kOffset": [
    116.48476702868017,
    119.81350683286782
  ],
  "noiseAmp": 2.7911511113197908e-06,
  "colorMode": 0,
  "sourceId": "ba4b86348a6e7bad9deeb21752cf790694355b639650c679ce5b1c61feeab004i0",
  "variationId": 191,
  "outliers": [],
  "isOutlier": false
}