{
  "radius": 0.014916031098605304,
  "cOffset": [
    0.00011231779639437841,
    0.00012800761533955603
  ],
  "mOffset": [
    -0.0021782134077180625,
    -0.0021745726567785396
  ],
  "yOffset": [
    0.0005524116219992381,
    -0.0020833665828015957
  ],
  "kOffset": [
    82.89917110238711,
    95.52551945801378
  ],
  "noiseAmp": 6.729520733494632e-07,
  "colorMode": 0,
  "sourceId": "a4fca8cd68283460126b88cce9a4d7462917eae4e6c1a5f91300fb9280eae7dbi0",
  "variationId": 92,
  "outliers": [],
  "isOutlier": false
}