{
  "radius": 2.170027756348747,
  "cOffset": [
    -0.0014982736644835147,
    0.0011468478383981253
  ],
  "mOffset": [
    0.005872673820533213,
    0.00014392193286198192
  ],
  "yOffset": [
    -0.003984991812767608,
    -0.0015829522650044159
  ],
  "kOffset": [
    20000,
    20000
  ],
  "noiseAmp": 1.3518760087562475e-05,
  "colorMode": 0,
  "title": "Triumph of Bitcoin",
  "sourceId": "ba4b86348a6e7bad9deeb21752cf790694355b639650c679ce5b1c61feeab004i0",
  "variationId": 189,
  "outliers": [],
  "isOutlier": false
}