{
  "radius": 2.24,
  "cOffset": [
    -0.000264,
    0.00292
  ],
  "mOffset": [
    0.0103,
    0.0027
  ],
  "yOffset": [
    -0.0013,
    -0.000718
  ],
  "kOffset": [
    20000,
    20000
  ],
  "noiseAmp": 1.08e-05,
  "inkStatus": 0,
  "title": "Triumph of Bitcoin",
  "wear": 58.7,
  "sourceId": "11e0ab1f653675211944593bb87d1b875050c2f328ab175595d2e7189da9b2f8i0",
  "variationId": 132,
  "outliers": [],
  "isOutlier": false
}