{
  "radius": 0.01514350033837184,
  "cOffset": [
    -0.0030325136973080526,
    0.00026386455528257854
  ],
  "mOffset": [
    -0.001823427415218609,
    0.003833094890836055
  ],
  "yOffset": [
    -0.002373057118901134,
    0.00041515007166599853
  ],
  "kOffset": [
    99.98808346345746,
    114.95061562116393
  ],
  "noiseAmp": 4.964480660314167e-08,
  "colorMode": 0,
  "sourceId": "fbab7ffde03428ed7c11dc268605241b6e33ea212229b03fb1d8f21e289fae54i0",
  "variationId": 9,
  "outliers": [],
  "isOutlier": false
}