{
  "radius": 1.8665193731124525,
  "cOffset": [
    0.0033683480061532716,
    -0.00261930768762183
  ],
  "mOffset": [
    0.004374714999696183,
    0.0012863792329485585
  ],
  "yOffset": [
    -0.0013044728855771226,
    -0.001067069058712361
  ],
  "kOffset": [
    20000,
    20000
  ],
  "noiseAmp": 1.528882635207755e-05,
  "colorMode": 0,
  "title": "Triumph of Bitcoin",
  "sourceId": "7fcc33c4cb0081cfa85c5d1d541aad5d8c631debbb29c65c95f4d30137ed2aa0i0",
  "variationId": 250,
  "outliers": [],
  "isOutlier": false
}