{
  "radius": 0.014628351493118377,
  "cOffset": [
    0.002342408826649651,
    4.611402837015703e-05
  ],
  "mOffset": [
    0.0061209542235052235,
    0.005170950122082262
  ],
  "yOffset": [
    0.0009881055553030706,
    0.0002831199377467013
  ],
  "kOffset": [
    84.58113832079151,
    103.74125301232975
  ],
  "noiseAmp": 9.806481469250412e-07,
  "colorMode": 0,
  "sourceId": "7fcc33c4cb0081cfa85c5d1d541aad5d8c631debbb29c65c95f4d30137ed2aa0i0",
  "variationId": 244,
  "outliers": [],
  "isOutlier": false
}