{
  "radius": 2.35,
  "cOffset": [
    0.00615,
    -0.00422
  ],
  "mOffset": [
    -0.00987,
    -2.53e-05
  ],
  "yOffset": [
    -0.00135,
    0.00278
  ],
  "kOffset": [
    20000,
    20000
  ],
  "noiseAmp": 1.13e-05,
  "inkStatus": 0,
  "title": "Triumph of Science",
  "sourceId": "b1ff3531357fc4703e14454c8cfc606c79f88f87f908ec0d34a3e7eb02a843adi0"
}