{
  "radius": 0.014061812794222077,
  "cOffset": [
    0.0017700192175388182,
    5.936307139775277e-05
  ],
  "mOffset": [
    -0.0035948702263032843,
    -0.0022237374732783834
  ],
  "yOffset": [
    0.0011050657848463694,
    -0.0018049704517425255
  ],
  "kOffset": [
    101.18779201585616,
    73.48441936791471
  ],
  "noiseAmp": 5.809262720633276e-07,
  "colorMode": 0,
  "sourceId": "cf3ae616cfa57b2304a43445a0025e16d1c36943ed15cb1af5898185cf0d88efi0",
  "variationId": 104,
  "outliers": [],
  "isOutlier": false
}