{
  "radius": 2.229984110227544,
  "cOffset": [
    -0.0039193304293491,
    0.020810777915842682
  ],
  "mOffset": [
    -0.001694813280361515,
    -0.0024073241761543448
  ],
  "yOffset": [
    0.0006733090334338584,
    0.0009260958858883699
  ],
  "kOffset": [
    20000,
    20000
  ],
  "noiseAmp": 1.9186651092081286e-06,
  "colorMode": 0,
  "title": "Triumph of Bitcoin",
  "sourceId": "ff08f64a29c957c1f376ca1d35c2ccb5851379da3df9618b8108f55ed65dfb39i0",
  "variationId": 236,
  "outliers": [
    "cOffset"
  ],
  "isOutlier": true
}