{
  "radius": 0.015110872364021706,
  "cOffset": [
    0.0011797919576078265,
    0.0002520446236761182
  ],
  "mOffset": [
    0.0004819467229952871,
    0.0060219859211279895
  ],
  "yOffset": [
    0.0025229135181112114,
    0.001402985330515768
  ],
  "kOffset": [
    97.2048956924586,
    100.54382555282015
  ],
  "noiseAmp": 7.409678306779432e-08,
  "colorMode": 0,
  "sourceId": "7fcc33c4cb0081cfa85c5d1d541aad5d8c631debbb29c65c95f4d30137ed2aa0i0",
  "variationId": 249,
  "outliers": [],
  "isOutlier": false
}