{
  "radius": 1.87,
  "cOffset": [
    0.000162,
    0.000315
  ],
  "mOffset": [
    0.000254,
    0.000862
  ],
  "yOffset": [
    0.00012,
    0.00138
  ],
  "kOffset": [
    20000,
    20000
  ],
  "noiseAmp": 4.17e-06,
  "inkStatus": 0,
  "title": "Triumph of Science",
  "sourceId": "6461c2a49eba6c8220bf472d9a504554a0592470f0cdddddb0969e896a1a6ca9i0"
}