{
  "radius": 2.1525129254138355,
  "cOffset": [
    -0.004111466772432549,
    0.0014791582316118694
  ],
  "mOffset": [
    0.004705702266305891,
    0.008250614829986756
  ],
  "yOffset": [
    0.0021559484067369054,
    0.0007447073958860651
  ],
  "kOffset": [
    20000,
    20000
  ],
  "noiseAmp": 4.807627195341492e-06,
  "colorMode": 0,
  "title": "Triumph of Bitcoin",
  "sourceId": "ff08f64a29c957c1f376ca1d35c2ccb5851379da3df9618b8108f55ed65dfb39i0",
  "variationId": 218,
  "outliers": [],
  "isOutlier": false
}