{
  "radius": 2.14,
  "cOffset": [
    -0.00099,
    -0.00122
  ],
  "mOffset": [
    -0.00217,
    0.00358
  ],
  "yOffset": [
    0.00526,
    -0.00222
  ],
  "kOffset": [
    20000,
    20000
  ],
  "noiseAmp": 4.69e-06,
  "inkStatus": 0,
  "title": "Triumph of Bitcoin",
  "sourceId": "fbab7ffde03428ed7c11dc268605241b6e33ea212229b03fb1d8f21e289fae54i0"
}