{
  "radius": 1.9508054550396887,
  "cOffset": [
    -0.0009746507577456919,
    0.003681659232830191
  ],
  "mOffset": [
    0.0039694522008119505,
    0.00031005263290462693
  ],
  "yOffset": [
    -0.0008542165967323394,
    0.003434078086603598
  ],
  "kOffset": [
    20000,
    20000
  ],
  "noiseAmp": 2.3639919113830598e-06,
  "colorMode": 0,
  "title": "Triumph of Bitcoin",
  "sourceId": "11e0ab1f653675211944593bb87d1b875050c2f328ab175595d2e7189da9b2f8i0",
  "variationId": 121,
  "outliers": [],
  "isOutlier": false
}