{
  "radius": 0.014242364492699356,
  "cOffset": [
    0.0005388854182504847,
    -1.9787278213540512e-05
  ],
  "mOffset": [
    0.0017568704866949955,
    -0.001132903360334946
  ],
  "yOffset": [
    0.000596415027431793,
    0.0021632504113316547
  ],
  "kOffset": [
    81.73159868269653,
    100.80752152158708
  ],
  "noiseAmp": 3.7668779942247677e-07,
  "colorMode": 0,
  "sourceId": "7fcc33c4cb0081cfa85c5d1d541aad5d8c631debbb29c65c95f4d30137ed2aa0i0",
  "variationId": 260,
  "outliers": [],
  "isOutlier": false
}