{
  "radius": 2.0651083657969953,
  "cOffset": [
    -0.01138758319128961,
    0.007454960760415713
  ],
  "mOffset": [
    0.0030355266928126286,
    -0.0009787106127264811
  ],
  "yOffset": [
    -0.0021160469729273913,
    -0.0005876925600635735
  ],
  "kOffset": [
    20000,
    20000
  ],
  "noiseAmp": 1.6627587741296243e-05,
  "colorMode": 0,
  "title": "Triumph of Bitcoin",
  "sourceId": "11e0ab1f653675211944593bb87d1b875050c2f328ab175595d2e7189da9b2f8i0",
  "variationId": 129,
  "outliers": [
    "cOffset"
  ],
  "isOutlier": true
}