{
  "radius": 0.013866711665000008,
  "cOffset": [
    -0.016000411958805815,
    0.0006540870486633939
  ],
  "mOffset": [
    0.03946700168124833,
    0.011999328811118072
  ],
  "yOffset": [
    -0.0009525866675997548,
    -0.000886503798651999
  ],
  "kOffset": [
    111.8263712268766,
    100.54766812963008
  ],
  "noiseAmp": 5.094521851772814e-07,
  "colorMode": 0,
  "sourceId": "ec11a3e19cb22adf6a880c63b1daf19568cf5a6717572bfd123d91f15fe4d241i0",
  "variationId": 147,
  "outliers": [
    "mOffset",
    "cOffset"
  ],
  "isOutlier": true
}