{
  "radius": 2.178290719000583,
  "cOffset": [
    0.001458555289652011,
    -0.0063407501170233615
  ],
  "mOffset": [
    0.002152236028844174,
    0.001008636877622634
  ],
  "yOffset": [
    0.0016910950734097313,
    0.0025621236969430587
  ],
  "kOffset": [
    20000,
    20000
  ],
  "noiseAmp": 1.1671465463293824e-06,
  "colorMode": 0,
  "title": "Triumph of Bitcoin",
  "sourceId": "cf3ae616cfa57b2304a43445a0025e16d1c36943ed15cb1af5898185cf0d88efi0",
  "variationId": 99,
  "outliers": [],
  "isOutlier": false
}