{
  "radius": 2.404137899444243,
  "cOffset": [
    -0.002889782446015996,
    -0.00037238295404713213
  ],
  "mOffset": [
    -0.0009755834590492629,
    0.005095352626676481
  ],
  "yOffset": [
    0.004550579022280142,
    0.002213946324445343
  ],
  "kOffset": [
    20000,
    20000
  ],
  "noiseAmp": 2.265283206563807e-06,
  "colorMode": 4,
  "title": "Triumph of Science",
  "sourceId": "806d80e7cf7f39208eccf59102e0086d6b593dbe3152777ef31dfc869a02340fi0",
  "variationId": 330,
  "outliers": [
    "colorMode"
  ],
  "isOutlier": true
}