{
  "radius": 2.25,
  "cOffset": [
    -0.000611,
    0.000283
  ],
  "mOffset": [
    0.00308,
    -0.000692
  ],
  "yOffset": [
    -2.46e-05,
    -0.00232
  ],
  "kOffset": [
    20000,
    20000
  ],
  "noiseAmp": 6.91e-06,
  "inkStatus": 0,
  "title": "Triumph of Bitcoin",
  "sourceId": "ec11a3e19cb22adf6a880c63b1daf19568cf5a6717572bfd123d91f15fe4d241i0"
}