{
  "radius": 2.21,
  "cOffset": [
    -0.00224,
    0.00467
  ],
  "mOffset": [
    -0.00432,
    0.00367
  ],
  "yOffset": [
    0.0021,
    -0.00263
  ],
  "kOffset": [
    20000,
    20000
  ],
  "noiseAmp": 1.75e-06,
  "inkStatus": 0,
  "title": "Triumph of Bitcoin",
  "wear": 37.6,
  "sourceId": "11e0ab1f653675211944593bb87d1b875050c2f328ab175595d2e7189da9b2f8i0",
  "variationId": 138,
  "outliers": [],
  "isOutlier": false
}