{
  "radius": 0.014129322854322668,
  "cOffset": [
    -0.0025014785458140998,
    -0.00022001776828683387
  ],
  "mOffset": [
    0.00017508239527716158,
    -0.0020017400597748
  ],
  "yOffset": [
    -0.0011658439801977537,
    0.00012661623594534895
  ],
  "kOffset": [
    119.37227818534868,
    94.66523197885925
  ],
  "noiseAmp": 2.3604068256644365e-07,
  "colorMode": 0,
  "sourceId": "b1ff3531357fc4703e14454c8cfc606c79f88f87f908ec0d34a3e7eb02a843adi0",
  "variationId": 298,
  "outliers": [],
  "isOutlier": false
}