{
  "radius": 2.09,
  "cOffset": [
    -0.00351,
    0.000435
  ],
  "mOffset": [
    -0.00156,
    7.56e-05
  ],
  "yOffset": [
    -0.00612,
    0.000156
  ],
  "kOffset": [
    20000,
    20000
  ],
  "noiseAmp": 1.49e-06,
  "inkStatus": 0,
  "title": "Triumph of Bitcoin",
  "sourceId": "5f53dd709a8d2e350674d86679ff550763502a0ff8c2b567cefa4b52f736aa7fi0"
}