{
  "radius": 2.150847912129973,
  "cOffset": [
    -0.0035595982766597092,
    0.00026197522075705707
  ],
  "mOffset": [
    -0.00525194782325699,
    -0.0013187540002395234
  ],
  "yOffset": [
    0.001008700057634647,
    0.0023459434266601886
  ],
  "kOffset": [
    20000,
    20000
  ],
  "noiseAmp": 8.425189367390004e-06,
  "colorMode": 0,
  "title": "Triumph of Bitcoin",
  "sourceId": "fbab7ffde03428ed7c11dc268605241b6e33ea212229b03fb1d8f21e289fae54i0",
  "variationId": 13,
  "outliers": [],
  "isOutlier": false
}