{
  "radius": 0.013931607956236403,
  "cOffset": [
    -0.00682874244560162,
    0.0003984673320587764
  ],
  "mOffset": [
    0.005163702462387849,
    0.001245570623027307
  ],
  "yOffset": [
    -0.00014400886673052277,
    -0.00016070820454561059
  ],
  "kOffset": [
    105.1514859515818,
    95.13030445095411
  ],
  "noiseAmp": 4.951435210593938e-07,
  "colorMode": 0,
  "sourceId": "a4fca8cd68283460126b88cce9a4d7462917eae4e6c1a5f91300fb9280eae7dbi0",
  "variationId": 78,
  "outliers": [],
  "isOutlier": false
}