{
  "radius": 2.1053706259752087,
  "cOffset": [
    -0.0027537210190912015,
    -0.00029491096518309437
  ],
  "mOffset": [
    0.0009721223551225228,
    0.0019411768275207873
  ],
  "yOffset": [
    0.0032140880040412378,
    -0.0009374469190429185
  ],
  "kOffset": [
    20000,
    20000
  ],
  "noiseAmp": 8.339580839601125e-06,
  "colorMode": 0,
  "title": "Triumph of Bitcoin",
  "sourceId": "ec11a3e19cb22adf6a880c63b1daf19568cf5a6717572bfd123d91f15fe4d241i0",
  "variationId": 164,
  "outliers": [],
  "isOutlier": false
}