{
  "radius": 2.35,
  "cOffset": [
    0.00137,
    0.000467
  ],
  "mOffset": [
    -0.0013,
    -0.00189
  ],
  "yOffset": [
    -0.00304,
    0.00027
  ],
  "kOffset": [
    20000,
    20000
  ],
  "noiseAmp": 8.71e-06,
  "inkStatus": 0,
  "title": "Triumph of Science",
  "wear": 48.8,
  "sourceId": "806d80e7cf7f39208eccf59102e0086d6b593dbe3152777ef31dfc869a02340fi0",
  "variationId": 328,
  "outliers": [],
  "isOutlier": false
}