{
  "radius": 2.2,
  "cOffset": [
    0.0032,
    0.000288
  ],
  "mOffset": [
    0.000614,
    -0.00124
  ],
  "yOffset": [
    -0.004,
    0.0016
  ],
  "kOffset": [
    20000,
    20000
  ],
  "noiseAmp": 1.21e-05,
  "inkStatus": 5,
  "title": "Triumph of Science",
  "wear": 49.7,
  "sourceId": "b1ff3531357fc4703e14454c8cfc606c79f88f87f908ec0d34a3e7eb02a843adi0",
  "variationId": 292,
  "outliers": [
    "inkStatus"
  ],
  "isOutlier": true
}