{
  "radius": 0.015588260789485695,
  "cOffset": [
    3.188895854989167e-05,
    -5.5861280771947724e-05
  ],
  "mOffset": [
    0.0016288189045355142,
    -0.001064328536310193
  ],
  "yOffset": [
    0.0012503638604169066,
    0.0011414888264843737
  ],
  "kOffset": [
    107.33681710503916,
    81.62730974981652
  ],
  "noiseAmp": 5.784383486866681e-07,
  "colorMode": 0,
  "sourceId": "fb9fad20ede2f27b013efe9b408e6be1b3ff546dfca53eac86c7e0f1a632d551i0",
  "variationId": 202,
  "outliers": [],
  "isOutlier": false
}