{
  "radius": 0.015188607895408983,
  "cOffset": [
    0.0008593483243356762,
    0.0002950448780608664
  ],
  "mOffset": [
    0.007245694841949425,
    7.866197136593528e-05
  ],
  "yOffset": [
    0.00047521487178165355,
    -0.0011609896791754447
  ],
  "kOffset": [
    89.39168362846388,
    73.55823390274138
  ],
  "noiseAmp": 1.8529327178420864e-07,
  "colorMode": 0,
  "sourceId": "fbab7ffde03428ed7c11dc268605241b6e33ea212229b03fb1d8f21e289fae54i0",
  "variationId": 5,
  "outliers": [],
  "isOutlier": false
}