{
  "radius": 2.14,
  "cOffset": [
    0.00299,
    0.00136
  ],
  "mOffset": [
    0.00263,
    -0.00505
  ],
  "yOffset": [
    0.0032,
    0.00236
  ],
  "kOffset": [
    20000,
    20000
  ],
  "noiseAmp": 9.58e-06,
  "inkStatus": 6,
  "title": "Triumph of Bitcoin",
  "wear": 79.0,
  "sourceId": "ec11a3e19cb22adf6a880c63b1daf19568cf5a6717572bfd123d91f15fe4d241i0",
  "variationId": 166,
  "outliers": [
    "inkStatus",
    "wear"
  ],
  "isOutlier": true
}