{
  "radius": 2.1334547951880922,
  "cOffset": [
    -0.0033531030334818085,
    -0.0028389025390216124
  ],
  "mOffset": [
    0.003379060386009266,
    -0.0001407876064454526
  ],
  "yOffset": [
    -0.0054211177113430535,
    -0.0011550452077446211
  ],
  "kOffset": [
    20000,
    20000
  ],
  "noiseAmp": 3.1448177930423872e-06,
  "colorMode": 0,
  "title": "Triumph of Science",
  "sourceId": "b1ff3531357fc4703e14454c8cfc606c79f88f87f908ec0d34a3e7eb02a843adi0",
  "variationId": 288,
  "outliers": [],
  "isOutlier": false
}