{
  "radius": 2.271656648040389,
  "cOffset": [
    -0.0006886158834924562,
    0.00012562647763599143
  ],
  "mOffset": [
    0.0010260304677151694,
    0.0026518588597705356
  ],
  "yOffset": [
    -0.002534963353361528,
    -0.005805284646983206
  ],
  "kOffset": [
    20000,
    20000
  ],
  "noiseAmp": 3.450045525410502e-06,
  "colorMode": 0,
  "title": "Triumph of Science",
  "sourceId": "b1ff3531357fc4703e14454c8cfc606c79f88f87f908ec0d34a3e7eb02a843adi0",
  "variationId": 287,
  "outliers": [],
  "isOutlier": false
}