{
  "radius": 2.15,
  "cOffset": [
    -0.00021,
    0.00145
  ],
  "mOffset": [
    0.00703,
    0.0517
  ],
  "yOffset": [
    -0.00149,
    -0.000488
  ],
  "kOffset": [
    20000,
    20000
  ],
  "noiseAmp": 2.04e-07,
  "inkStatus": 0,
  "title": "Triumph of Bitcoin",
  "wear": 49.7,
  "sourceId": "ff08f64a29c957c1f376ca1d35c2ccb5851379da3df9618b8108f55ed65dfb39i0",
  "variationId": 220,
  "outliers": [
    "mOffset"
  ],
  "isOutlier": true
}