{
  "radius": 0.014110908877431072,
  "cOffset": [
    0.00033002706841158406,
    -0.0004977614567954131
  ],
  "mOffset": [
    -0.0004405435310469685,
    -0.001998672980017511
  ],
  "yOffset": [
    0.0008437560030607269,
    -0.0008432344771841228
  ],
  "kOffset": [
    101.22391937152852,
    85.2877637718797
  ],
  "noiseAmp": 2.5952492275187286e-06,
  "colorMode": 0,
  "sourceId": "fbab7ffde03428ed7c11dc268605241b6e33ea212229b03fb1d8f21e289fae54i0",
  "variationId": 2,
  "outliers": [],
  "isOutlier": false
}