{
  "radius": 2.3533580311858553,
  "cOffset": [
    0.0022905170026867954,
    -0.003990070404611774
  ],
  "mOffset": [
    -0.0005332165641761593,
    -0.00393526491436582
  ],
  "yOffset": [
    -0.003008107872070969,
    0.0009482213464100604
  ],
  "kOffset": [
    20000,
    20000
  ],
  "noiseAmp": 8.898719060236715e-06,
  "colorMode": 0,
  "title": "Triumph of Bitcoin",
  "sourceId": "63594e1b8512a5ad3215acfb7470f181444c773c0953d875f9713fca3d896774i0",
  "variationId": 44,
  "outliers": [],
  "isOutlier": false
}