{
  "radius": 0.014836886006712012,
  "cOffset": [
    -0.0025272060111883074,
    0.0004341604534508041
  ],
  "mOffset": [
    0.0005562233069958076,
    -0.006366270207072215
  ],
  "yOffset": [
    0.0012220227583615208,
    0.0018781517156230235
  ],
  "kOffset": [
    94.38371394287674,
    107.89495451547413
  ],
  "noiseAmp": 1.3986208829331122e-08,
  "colorMode": 0,
  "sourceId": "806d80e7cf7f39208eccf59102e0086d6b593dbe3152777ef31dfc869a02340fi0",
  "variationId": 324,
  "outliers": [],
  "isOutlier": false
}