{
  "radius": 0.013553337419109409,
  "cOffset": [
    -0.0008124988242344296,
    2.1177005788741974e-05
  ],
  "mOffset": [
    -0.0020536985281306725,
    0.00456856123581356
  ],
  "yOffset": [
    0.0008326147811817142,
    0.0008011210859877764
  ],
  "kOffset": [
    99.11686733011332,
    94.23562354541929
  ],
  "noiseAmp": 1.633708717438311e-06,
  "colorMode": 0,
  "sourceId": "ec11a3e19cb22adf6a880c63b1daf19568cf5a6717572bfd123d91f15fe4d241i0",
  "variationId": 152,
  "outliers": [],
  "isOutlier": false
}