{
  "radius": 2.2,
  "cOffset": [
    -0.0939,
    0.00908
  ],
  "mOffset": [
    0.00172,
    -0.00658
  ],
  "yOffset": [
    -0.00206,
    -0.000936
  ],
  "kOffset": [
    20000,
    20000
  ],
  "noiseAmp": 5.95e-06,
  "inkStatus": 5,
  "title": "Triumph of Bitcoin",
  "wear": 54.8,
  "sourceId": "fbab7ffde03428ed7c11dc268605241b6e33ea212229b03fb1d8f21e289fae54i0",
  "variationId": 2,
  "outliers": [
    "inkStatus",
    "cOffset"
  ],
  "isOutlier": true
}