{
  "radius": 2.04,
  "cOffset": [
    -0.00105,
    -0.00573
  ],
  "mOffset": [
    0.00441,
    -0.00187
  ],
  "yOffset": [
    0.00491,
    -0.00109
  ],
  "kOffset": [
    20000,
    20000
  ],
  "noiseAmp": 2.91e-05,
  "inkStatus": 1,
  "title": "Triumph of Bitcoin",
  "wear": 44.8,
  "sourceId": "a4fca8cd68283460126b88cce9a4d7462917eae4e6c1a5f91300fb9280eae7dbi0",
  "variationId": 91,
  "outliers": [
    "inkStatus",
    "noiseAmp"
  ],
  "isOutlier": true
}