{
  "radius": 2.36,
  "cOffset": [
    0.000129,
    -0.00062
  ],
  "mOffset": [
    0.00381,
    0.00202
  ],
  "yOffset": [
    -0.00624,
    -0.0188
  ],
  "kOffset": [
    20000,
    20000
  ],
  "noiseAmp": 4.08e-05,
  "inkStatus": 0,
  "title": "Triumph of Bitcoin",
  "wear": 42.8,
  "sourceId": "7fcc33c4cb0081cfa85c5d1d541aad5d8c631debbb29c65c95f4d30137ed2aa0i0",
  "variationId": 241,
  "outliers": [
    "yOffset",
    "noiseAmp"
  ],
  "isOutlier": true
}