{
  "radius": 2.09,
  "cOffset": [
    0.00306,
    0.00379
  ],
  "mOffset": [
    -0.00268,
    0.00102
  ],
  "yOffset": [
    -0.000529,
    0.00109
  ],
  "kOffset": [
    20000,
    20000
  ],
  "noiseAmp": 1.01e-05,
  "inkStatus": 0,
  "title": "Triumph of Bitcoin",
  "sourceId": "ba4b86348a6e7bad9deeb21752cf790694355b639650c679ce5b1c61feeab004i0"
}