{
  "radius": 0.014364504398732754,
  "cOffset": [
    0.001544572621226676,
    8.256324085673941e-05
  ],
  "mOffset": [
    0.004640537759697808,
    -0.001956144862483694
  ],
  "yOffset": [
    -0.0011095427785092805,
    1.8695681686982e-05
  ],
  "kOffset": [
    104.74003671865304,
    102.04125620710911
  ],
  "noiseAmp": 4.321844467447942e-07,
  "colorMode": 0,
  "sourceId": "ec11a3e19cb22adf6a880c63b1daf19568cf5a6717572bfd123d91f15fe4d241i0",
  "variationId": 145,
  "outliers": [],
  "isOutlier": false
}