{
  "radius": 0.016650362116598847,
  "cOffset": [
    0.00177910809023786,
    0.0006866117370860332
  ],
  "mOffset": [
    -0.0002411254015963018,
    -0.0015259814016132065
  ],
  "yOffset": [
    0.0015098504343585607,
    -0.0027343734372741652
  ],
  "kOffset": [
    98.54416768239432,
    109.6496392754367
  ],
  "noiseAmp": 6.299984474082069e-07,
  "colorMode": 0,
  "sourceId": "806d80e7cf7f39208eccf59102e0086d6b593dbe3152777ef31dfc869a02340fi0",
  "variationId": 323,
  "outliers": [],
  "isOutlier": false
}