{
  "radius": 2.02,
  "cOffset": [
    -0.00479,
    0.000593
  ],
  "mOffset": [
    0.0049,
    -0.0012
  ],
  "yOffset": [
    -0.000703,
    -0.00324
  ],
  "kOffset": [
    20000,
    20000
  ],
  "noiseAmp": 5.25e-06,
  "inkStatus": 0,
  "title": "Triumph of Bitcoin",
  "sourceId": "a4fca8cd68283460126b88cce9a4d7462917eae4e6c1a5f91300fb9280eae7dbi0"
}