{
  "radius": 2.39,
  "cOffset": [
    0.0611,
    -0.000141
  ],
  "mOffset": [
    0.00205,
    -0.000758
  ],
  "yOffset": [
    0.00277,
    -0.00182
  ],
  "kOffset": [
    20000,
    20000
  ],
  "noiseAmp": 9.07e-06,
  "inkStatus": 0,
  "title": "Triumph of Science",
  "sourceId": "6461c2a49eba6c8220bf472d9a504554a0592470f0cdddddb0969e896a1a6ca9i0"
}