{
  "radius": 2.37146012119982,
  "cOffset": [
    -0.0003938660265704324,
    -0.002458926848146836
  ],
  "mOffset": [
    -0.0050811705738674886,
    0.0040213729183921154
  ],
  "yOffset": [
    0.002006511693973885,
    -0.0007443117676770522
  ],
  "kOffset": [
    20000,
    20000
  ],
  "noiseAmp": 7.72295955803798e-06,
  "colorMode": 0,
  "title": "Triumph of Bitcoin",
  "sourceId": "ff08f64a29c957c1f376ca1d35c2ccb5851379da3df9618b8108f55ed65dfb39i0",
  "variationId": 237,
  "outliers": [],
  "isOutlier": false
}