{
  "radius": 2.45,
  "cOffset": [
    -0.00288,
    0.00148
  ],
  "mOffset": [
    -0.00181,
    0.00804
  ],
  "yOffset": [
    0.00222,
    -0.000418
  ],
  "kOffset": [
    20000,
    20000
  ],
  "noiseAmp": 1.33e-05,
  "inkStatus": 0,
  "title": "Triumph of Science",
  "sourceId": "6461c2a49eba6c8220bf472d9a504554a0592470f0cdddddb0969e896a1a6ca9i0"
}