{
  "radius": 0.06340220518275524,
  "cOffset": [
    -0.0013138351499801613,
    -0.00010195429520698884
  ],
  "mOffset": [
    -0.03887095658687931,
    -0.05997949836375054
  ],
  "yOffset": [
    0.04544232304962647,
    -0.004346050460779155
  ],
  "kOffset": [
    90.4113422397638,
    87.32984790124
  ],
  "noiseAmp": 2.6677833652218746e-06,
  "colorMode": 1,
  "sourceId": "63594e1b8512a5ad3215acfb7470f181444c773c0953d875f9713fca3d896774i0",
  "variationId": 26,
  "outliers": [
    "colorMode",
    "yOffset",
    "mOffset",
    "radius"
  ],
  "isOutlier": true
}