{
  "radius": 2.01,
  "cOffset": [
    0.00103,
    -0.0016
  ],
  "mOffset": [
    0.0287,
    -0.0371
  ],
  "yOffset": [
    0.0008,
    0.00812
  ],
  "kOffset": [
    20000,
    20000
  ],
  "noiseAmp": 1.31e-05,
  "inkStatus": 0,
  "title": "Triumph of Bitcoin",
  "sourceId": "ba4b86348a6e7bad9deeb21752cf790694355b639650c679ce5b1c61feeab004i0"
}