{
  "radius": 0.016280088740841255,
  "cOffset": [
    0.0010125051831092187,
    6.696306300068082e-05
  ],
  "mOffset": [
    0.002668034266332707,
    -0.0031059868678014716
  ],
  "yOffset": [
    -0.0003941186531002196,
    -5.359352816255034e-06
  ],
  "kOffset": [
    93.10894940312018,
    91.26139454440411
  ],
  "noiseAmp": 5.010364011131638e-07,
  "colorMode": 0,
  "sourceId": "11e0ab1f653675211944593bb87d1b875050c2f328ab175595d2e7189da9b2f8i0",
  "variationId": 129,
  "outliers": [],
  "isOutlier": false
}