{
  "radius": 2.26,
  "cOffset": [
    -0.0021,
    0.00239
  ],
  "mOffset": [
    -0.00326,
    0.000949
  ],
  "yOffset": [
    0.00601,
    -0.000521
  ],
  "kOffset": [
    20000,
    20000
  ],
  "noiseAmp": 5e-06,
  "inkStatus": 0,
  "title": "Triumph of Bitcoin",
  "sourceId": "fbab7ffde03428ed7c11dc268605241b6e33ea212229b03fb1d8f21e289fae54i0"
}