{
  "radius": 2.13,
  "cOffset": [
    -0.000177,
    -0.00758
  ],
  "mOffset": [
    -0.00638,
    -0.00285
  ],
  "yOffset": [
    0.000105,
    -0.000777
  ],
  "kOffset": [
    20000,
    20000
  ],
  "noiseAmp": 7.21e-06,
  "inkStatus": 0,
  "title": "Triumph of Science",
  "sourceId": "806d80e7cf7f39208eccf59102e0086d6b593dbe3152777ef31dfc869a02340fi0"
}