{
  "radius": 2.08,
  "cOffset": [
    0.00134,
    -0.00113
  ],
  "mOffset": [
    0.00304,
    0.00568
  ],
  "yOffset": [
    -4.73e-05,
    0.00287
  ],
  "kOffset": [
    20000,
    20000
  ],
  "noiseAmp": 1.15e-05,
  "inkStatus": 0,
  "title": "Triumph of Bitcoin",
  "sourceId": "a4fca8cd68283460126b88cce9a4d7462917eae4e6c1a5f91300fb9280eae7dbi0"
}