{
  "radius": 2.16,
  "cOffset": [
    -0.00562,
    0.000712
  ],
  "mOffset": [
    -0.0064,
    -0.00151
  ],
  "yOffset": [
    0.00399,
    0.00298
  ],
  "kOffset": [
    20000,
    20000
  ],
  "noiseAmp": 7.94e-06,
  "inkStatus": 0,
  "title": "Triumph of Bitcoin",
  "sourceId": "7fcc33c4cb0081cfa85c5d1d541aad5d8c631debbb29c65c95f4d30137ed2aa0i0"
}