{
  "radius": 2.148190457824107,
  "cOffset": [
    0.0015542251479017132,
    -0.003530880671816336
  ],
  "mOffset": [
    -0.0005868347229936517,
    0.0043284311824336365
  ],
  "yOffset": [
    0.00033018535789218695,
    0.0010671332717852274
  ],
  "kOffset": [
    20000,
    20000
  ],
  "noiseAmp": 5.480883084065259e-06,
  "colorMode": 0,
  "title": "Triumph of Science",
  "sourceId": "806d80e7cf7f39208eccf59102e0086d6b593dbe3152777ef31dfc869a02340fi0",
  "variationId": 328,
  "outliers": [],
  "isOutlier": false
}