{
  "radius": 0.015274464345168553,
  "cOffset": [
    0.004609514128761969,
    0.0004210190577385114
  ],
  "mOffset": [
    -0.002068920235653436,
    0.004060658296818962
  ],
  "yOffset": [
    -0.0003507208698224029,
    -0.00167876117380554
  ],
  "kOffset": [
    69.5494339774967,
    92.44947448549858
  ],
  "noiseAmp": 2.4791859612523723e-06,
  "colorMode": 0,
  "sourceId": "cf3ae616cfa57b2304a43445a0025e16d1c36943ed15cb1af5898185cf0d88efi0",
  "variationId": 106,
  "outliers": [],
  "isOutlier": false
}