{
  "radius": 2.2,
  "cOffset": [
    0.00297,
    -0.00768
  ],
  "mOffset": [
    -0.00774,
    -0.00435
  ],
  "yOffset": [
    0.000882,
    -0.00289
  ],
  "kOffset": [
    20000,
    20000
  ],
  "noiseAmp": 1.18e-05,
  "inkStatus": 0,
  "title": "Triumph of Bitcoin",
  "wear": 56.3,
  "sourceId": "ba4b86348a6e7bad9deeb21752cf790694355b639650c679ce5b1c61feeab004i0",
  "variationId": 187,
  "outliers": [],
  "isOutlier": false
}