{
  "radius": 2.28,
  "cOffset": [
    0.00259,
    0.00191
  ],
  "mOffset": [
    0.00548,
    0.00154
  ],
  "yOffset": [
    0.0011,
    0.00093
  ],
  "kOffset": [
    20000,
    20000
  ],
  "noiseAmp": 8.08e-06,
  "inkStatus": 5,
  "title": "Triumph of Bitcoin",
  "wear": 54.8,
  "sourceId": "7fcc33c4cb0081cfa85c5d1d541aad5d8c631debbb29c65c95f4d30137ed2aa0i0",
  "variationId": 260,
  "outliers": [
    "inkStatus"
  ],
  "isOutlier": true
}