{
  "radius": 2.31,
  "cOffset": [
    0.00147,
    0.000857
  ],
  "mOffset": [
    -0.000352,
    -0.00496
  ],
  "yOffset": [
    -0.00216,
    0.000304
  ],
  "kOffset": [
    20000,
    20000
  ],
  "noiseAmp": 5.95e-06,
  "inkStatus": 0,
  "title": "Triumph of Science",
  "wear": 61.9,
  "sourceId": "6461c2a49eba6c8220bf472d9a504554a0592470f0cdddddb0969e896a1a6ca9i0",
  "variationId": 285,
  "outliers": [],
  "isOutlier": false
}