{
  "radius": 0.014994322274088421,
  "cOffset": [
    0.002593934818650477,
    -0.0001357990510715394
  ],
  "mOffset": [
    0.005420966277222932,
    0.0006358045635509067
  ],
  "yOffset": [
    -6.42824894260325e-05,
    0.0005111002341491977
  ],
  "kOffset": [
    100.84993510564,
    106.14105087009075
  ],
  "noiseAmp": 3.1162991469348064e-07,
  "colorMode": 0,
  "sourceId": "806d80e7cf7f39208eccf59102e0086d6b593dbe3152777ef31dfc869a02340fi0",
  "variationId": 313,
  "outliers": [],
  "isOutlier": false
}