{
  "radius": 2.21,
  "cOffset": [
    0.00277,
    -0.00248
  ],
  "mOffset": [
    -0.00139,
    0.00205
  ],
  "yOffset": [
    0.00217,
    0.00301
  ],
  "kOffset": [
    20000,
    20000
  ],
  "noiseAmp": 2.16e-05,
  "inkStatus": 0,
  "title": "Triumph of Science",
  "sourceId": "806d80e7cf7f39208eccf59102e0086d6b593dbe3152777ef31dfc869a02340fi0"
}