{
  "radius": 2.2725762306762336,
  "cOffset": [
    0.0019763360503290807,
    -0.0005704391631795727
  ],
  "mOffset": [
    -0.002505577866076823,
    -0.0004983666251556347
  ],
  "yOffset": [
    -0.07139942163269367,
    0.016703096590169792
  ],
  "kOffset": [
    20000,
    20000
  ],
  "noiseAmp": 1.5289131393594066e-05,
  "colorMode": 0,
  "title": "Triumph of Bitcoin",
  "sourceId": "fb9fad20ede2f27b013efe9b408e6be1b3ff546dfca53eac86c7e0f1a632d551i0",
  "variationId": 208,
  "outliers": [
    "yOffset"
  ],
  "isOutlier": true
}