{
  "radius": 0.015260867401102846,
  "cOffset": [
    0.0010884288070628777,
    6.815988660498933e-05
  ],
  "mOffset": [
    -0.007551816503198839,
    0.0012288814620201923
  ],
  "yOffset": [
    0.0015652102042430077,
    -0.0006024103665326922
  ],
  "kOffset": [
    82.28743369954142,
    97.83758534796763
  ],
  "noiseAmp": 6.51743006957339e-07,
  "colorMode": 0,
  "sourceId": "cf3ae616cfa57b2304a43445a0025e16d1c36943ed15cb1af5898185cf0d88efi0",
  "variationId": 99,
  "outliers": [],
  "isOutlier": false
}