{
  "radius": 2.1103857143513194,
  "cOffset": [
    -0.0017151139834932088,
    0.001611400252708454
  ],
  "mOffset": [
    0.0021138234868772563,
    0.003462472754771915
  ],
  "yOffset": [
    -0.0008994189657920503,
    -0.006558178212273144
  ],
  "kOffset": [
    20000,
    20000
  ],
  "noiseAmp": 2.2906962248087553e-06,
  "colorMode": 0,
  "title": "Triumph of Science",
  "sourceId": "806d80e7cf7f39208eccf59102e0086d6b593dbe3152777ef31dfc869a02340fi0",
  "variationId": 323,
  "outliers": [],
  "isOutlier": false
}