{
  "radius": 2.28,
  "cOffset": [
    0.00201,
    0.00112
  ],
  "mOffset": [
    0.00449,
    0.00374
  ],
  "yOffset": [
    0.00173,
    -0.000301
  ],
  "kOffset": [
    20000,
    20000
  ],
  "noiseAmp": 1.33e-05,
  "inkStatus": 0,
  "title": "Triumph of Bitcoin",
  "wear": 63.1,
  "sourceId": "7fcc33c4cb0081cfa85c5d1d541aad5d8c631debbb29c65c95f4d30137ed2aa0i0",
  "variationId": 244,
  "outliers": [],
  "isOutlier": false
}