{
  "radius": 0.016252340034333797,
  "cOffset": [
    0.002627015188869737,
    -0.0002509410198540507
  ],
  "mOffset": [
    0.003064644171777875,
    -0.0022036011615912277
  ],
  "yOffset": [
    -0.0003236813306873252,
    -0.0002965254550741678
  ],
  "kOffset": [
    86.55105069747901,
    110.0097014609446
  ],
  "noiseAmp": 3.7082166767076406e-07,
  "colorMode": 0,
  "sourceId": "ec11a3e19cb22adf6a880c63b1daf19568cf5a6717572bfd123d91f15fe4d241i0",
  "variationId": 144,
  "outliers": [],
  "isOutlier": false
}