{
  "radius": 2.2,
  "cOffset": [
    0.00249,
    0.00145
  ],
  "mOffset": [
    0.000972,
    0.000559
  ],
  "yOffset": [
    0.00311,
    -0.00477
  ],
  "kOffset": [
    20000,
    20000
  ],
  "noiseAmp": 6.91e-05,
  "inkStatus": 6,
  "title": "Triumph of Science",
  "wear": 53.8,
  "sourceId": "6461c2a49eba6c8220bf472d9a504554a0592470f0cdddddb0969e896a1a6ca9i0",
  "variationId": 266,
  "outliers": [
    "inkStatus",
    "noiseAmp"
  ],
  "isOutlier": true
}