{
  "radius": 2.29,
  "cOffset": [
    -0.0016,
    -0.00084
  ],
  "mOffset": [
    -0.000806,
    -0.000301
  ],
  "yOffset": [
    -0.00296,
    0.00189
  ],
  "kOffset": [
    20000,
    20000
  ],
  "noiseAmp": 1.28e-05,
  "inkStatus": 3,
  "title": "Triumph of Bitcoin",
  "wear": 49.7,
  "sourceId": "a4fca8cd68283460126b88cce9a4d7462917eae4e6c1a5f91300fb9280eae7dbi0",
  "variationId": 90,
  "outliers": [
    "inkStatus"
  ],
  "isOutlier": true
}