{
  "radius": 2.109345637606408,
  "cOffset": [
    0.001850839368841612,
    0.004228125074360081
  ],
  "mOffset": [
    0.0005215431911549616,
    0.0032180523122241314
  ],
  "yOffset": [
    -0.0015524869714636828,
    -0.000284923339613775
  ],
  "kOffset": [
    20000,
    20000
  ],
  "noiseAmp": 2.807599941024709e-06,
  "colorMode": 0,
  "title": "Triumph of Science",
  "sourceId": "6461c2a49eba6c8220bf472d9a504554a0592470f0cdddddb0969e896a1a6ca9i0",
  "variationId": 278,
  "outliers": [],
  "isOutlier": false
}