{
  "radius": 2.4688831025533022,
  "cOffset": [
    -0.001719839071450598,
    -0.0016855612080395833
  ],
  "mOffset": [
    -0.004604896383395622,
    -0.0027015561709437122
  ],
  "yOffset": [
    0.003173695434759681,
    0.00024724918386128335
  ],
  "kOffset": [
    20000,
    20000
  ],
  "noiseAmp": 4.089475456424949e-06,
  "colorMode": 0,
  "title": "Triumph of Bitcoin",
  "sourceId": "5f53dd709a8d2e350674d86679ff550763502a0ff8c2b567cefa4b52f736aa7fi0",
  "variationId": 69,
  "outliers": [],
  "isOutlier": false
}