{
  "radius": 2.01,
  "cOffset": [
    -0.00168,
    -0.00188
  ],
  "mOffset": [
    0.00388,
    0.00286
  ],
  "yOffset": [
    0.00293,
    -0.00438
  ],
  "kOffset": [
    20000,
    20000
  ],
  "noiseAmp": 5.27e-06,
  "inkStatus": 0,
  "title": "Triumph of Bitcoin",
  "wear": 58.0,
  "sourceId": "ba4b86348a6e7bad9deeb21752cf790694355b639650c679ce5b1c61feeab004i0",
  "variationId": 178,
  "outliers": [],
  "isOutlier": false
}