{
  "radius": 2.25,
  "cOffset": [
    0.000537,
    -0.00117
  ],
  "mOffset": [
    -0.00286,
    -0.000564
  ],
  "yOffset": [
    0.00211,
    8.01e-05
  ],
  "kOffset": [
    20000,
    20000
  ],
  "noiseAmp": 4.87e-06,
  "inkStatus": 0,
  "title": "Triumph of Bitcoin",
  "sourceId": "5f53dd709a8d2e350674d86679ff550763502a0ff8c2b567cefa4b52f736aa7fi0"
}