{
  "radius": 0.014725495510342211,
  "cOffset": [
    -0.004164848035246371,
    0.00022748492380303688
  ],
  "mOffset": [
    0.002484165588840045,
    0.005025733654973001
  ],
  "yOffset": [
    0.0004075408829189244,
    -0.0002917583804552233
  ],
  "kOffset": [
    103.35650921423824,
    94.33192826572459
  ],
  "noiseAmp": 1.1013606024617047e-06,
  "colorMode": 0,
  "sourceId": "fb9fad20ede2f27b013efe9b408e6be1b3ff546dfca53eac86c7e0f1a632d551i0",
  "variationId": 211,
  "outliers": [],
  "isOutlier": false
}