{
  "radius": 2.32,
  "cOffset": [
    -3.07e-05,
    -0.000517
  ],
  "mOffset": [
    -0.0029,
    -0.00078
  ],
  "yOffset": [
    -0.00291,
    0.00169
  ],
  "kOffset": [
    20000,
    20000
  ],
  "noiseAmp": 3.35e-06,
  "inkStatus": 6,
  "title": "Triumph of Bitcoin",
  "wear": 40.6,
  "sourceId": "5f53dd709a8d2e350674d86679ff550763502a0ff8c2b567cefa4b52f736aa7fi0",
  "variationId": 48,
  "outliers": [
    "inkStatus"
  ],
  "isOutlier": true
}