{
  "radius": 2.12,
  "cOffset": [
    0.00297,
    -0.000405
  ],
  "mOffset": [
    -0.00398,
    0.000768
  ],
  "yOffset": [
    -0.00109,
    0.00149
  ],
  "kOffset": [
    20000,
    20000
  ],
  "noiseAmp": 1.77e-05,
  "inkStatus": 0,
  "title": "Triumph of Bitcoin",
  "wear": 46.9,
  "sourceId": "fbab7ffde03428ed7c11dc268605241b6e33ea212229b03fb1d8f21e289fae54i0",
  "variationId": 20,
  "outliers": [],
  "isOutlier": false
}