{
  "radius": 2.4125623855769227,
  "cOffset": [
    -0.002271107206068008,
    -0.005045237467893273
  ],
  "mOffset": [
    -0.0011872093375712624,
    0.003478278493632404
  ],
  "yOffset": [
    0.003908577870829165,
    -0.0047395575615897115
  ],
  "kOffset": [
    20000,
    20000
  ],
  "noiseAmp": 1.3590701874341023e-05,
  "colorMode": 0,
  "title": "Triumph of Bitcoin",
  "sourceId": "ba4b86348a6e7bad9deeb21752cf790694355b639650c679ce5b1c61feeab004i0",
  "variationId": 184,
  "outliers": [],
  "isOutlier": false
}