{
  "radius": 2.09,
  "cOffset": [
    0.00112,
    0.00444
  ],
  "mOffset": [
    0.00619,
    -0.0135
  ],
  "yOffset": [
    0.00197,
    -0.00082
  ],
  "kOffset": [
    20000,
    20000
  ],
  "noiseAmp": 1.91e-05,
  "inkStatus": 4,
  "title": "Triumph of Bitcoin",
  "wear": 78.9,
  "sourceId": "5f53dd709a8d2e350674d86679ff550763502a0ff8c2b567cefa4b52f736aa7fi0",
  "variationId": 54,
  "outliers": [
    "inkStatus",
    "wear",
    "mOffset"
  ],
  "isOutlier": true
}