{
  "radius": 0.014983766386830836,
  "cOffset": [
    0.0021387460372941677,
    -3.510807589573809e-05
  ],
  "mOffset": [
    0.006900579573896539,
    -0.00419379227581294
  ],
  "yOffset": [
    -0.0013284270893373293,
    0.0011908868963381822
  ],
  "kOffset": [
    110.7468025655847,
    94.04144990900987
  ],
  "noiseAmp": 1.4604857306128813e-07,
  "colorMode": 0,
  "sourceId": "5f53dd709a8d2e350674d86679ff550763502a0ff8c2b567cefa4b52f736aa7fi0",
  "variationId": 69,
  "outliers": [],
  "isOutlier": false
}