{
  "radius": 2.37,
  "cOffset": [
    -0.00504,
    4.29e-05
  ],
  "mOffset": [
    -0.0012,
    0.000184
  ],
  "yOffset": [
    0.00313,
    0.00239
  ],
  "kOffset": [
    20000,
    20000
  ],
  "noiseAmp": 2.61e-06,
  "inkStatus": 0,
  "title": "Triumph of Bitcoin",
  "wear": 39.9,
  "sourceId": "cf3ae616cfa57b2304a43445a0025e16d1c36943ed15cb1af5898185cf0d88efi0",
  "variationId": 99,
  "outliers": [],
  "isOutlier": false
}