{
  "radius": 2.35,
  "cOffset": [
    -0.00508,
    -0.00166
  ],
  "mOffset": [
    0.0021,
    0.0105
  ],
  "yOffset": [
    0.0012,
    0.00189
  ],
  "kOffset": [
    20000,
    20000
  ],
  "noiseAmp": 5.21e-06,
  "inkStatus": 0,
  "title": "Triumph of Science",
  "sourceId": "806d80e7cf7f39208eccf59102e0086d6b593dbe3152777ef31dfc869a02340fi0"
}