{
  "radius": 0.015285772355606417,
  "cOffset": [
    0.0028207913981648835,
    -3.814175478767225e-05
  ],
  "mOffset": [
    0.012672856685449976,
    0.0006312905619958502
  ],
  "yOffset": [
    -0.000943613180531649,
    -0.00048568582053232164
  ],
  "kOffset": [
    98.33968498236308,
    122.95988063991759
  ],
  "noiseAmp": 1.8569199494013852e-06,
  "colorMode": 0,
  "sourceId": "b1ff3531357fc4703e14454c8cfc606c79f88f87f908ec0d34a3e7eb02a843adi0",
  "variationId": 292,
  "outliers": [],
  "isOutlier": false
}