{
  "radius": 2.35,
  "cOffset": [
    -0.00352,
    0.00356
  ],
  "mOffset": [
    -0.000439,
    0.00559
  ],
  "yOffset": [
    -0.00551,
    0.000778
  ],
  "kOffset": [
    20000,
    20000
  ],
  "noiseAmp": 3.06e-06,
  "inkStatus": 0,
  "title": "Triumph of Science",
  "sourceId": "6461c2a49eba6c8220bf472d9a504554a0592470f0cdddddb0969e896a1a6ca9i0"
}