{
  "radius": 0.015406739893205608,
  "cOffset": [
    -0.0003997774231332699,
    0.00014768346624017946
  ],
  "mOffset": [
    0.0016095591229454316,
    0.0008578301884783357
  ],
  "yOffset": [
    0.00011030120631006732,
    -0.0002646497690473955
  ],
  "kOffset": [
    96.90574123007767,
    107.80563879739734
  ],
  "noiseAmp": 8.395250088271605e-08,
  "colorMode": 0,
  "sourceId": "ba4b86348a6e7bad9deeb21752cf790694355b639650c679ce5b1c61feeab004i0",
  "variationId": 175,
  "outliers": [],
  "isOutlier": false
}