{
  "radius": 2.34,
  "cOffset": [
    0.0269,
    0.0167
  ],
  "mOffset": [
    0.0249,
    -0.0366
  ],
  "yOffset": [
    0.000904,
    -0.000465
  ],
  "kOffset": [
    20000,
    20000
  ],
  "noiseAmp": 6.47e-06,
  "inkStatus": 0,
  "title": "Triumph of Science",
  "sourceId": "6461c2a49eba6c8220bf472d9a504554a0592470f0cdddddb0969e896a1a6ca9i0"
}