{
  "radius": 0.015371861091099368,
  "cOffset": [
    -0.001325411921435168,
    -0.0002821068040798912
  ],
  "mOffset": [
    -0.0011657190765981121,
    -0.0015322354570696571
  ],
  "yOffset": [
    -0.0005139724569004768,
    -0.002040322796827062
  ],
  "kOffset": [
    118.31230147448088,
    116.05361272111392
  ],
  "noiseAmp": 7.239433339268522e-07,
  "colorMode": 0,
  "sourceId": "63594e1b8512a5ad3215acfb7470f181444c773c0953d875f9713fca3d896774i0",
  "variationId": 44,
  "outliers": [],
  "isOutlier": false
}