{
  "radius": 2.27,
  "cOffset": [
    -0.00129,
    0.002
  ],
  "mOffset": [
    -0.00641,
    0.00173
  ],
  "yOffset": [
    -0.00465,
    -0.000102
  ],
  "kOffset": [
    20000,
    20000
  ],
  "noiseAmp": 1.77e-05,
  "inkStatus": 0,
  "title": "Triumph of Bitcoin",
  "sourceId": "a4fca8cd68283460126b88cce9a4d7462917eae4e6c1a5f91300fb9280eae7dbi0"
}