{
  "radius": 2.38,
  "cOffset": [
    0.00224,
    -0.00185
  ],
  "mOffset": [
    0.00245,
    -0.00265
  ],
  "yOffset": [
    -0.000289,
    0.000418
  ],
  "kOffset": [
    20000,
    20000
  ],
  "noiseAmp": 1.66e-06,
  "inkStatus": 0,
  "title": "Triumph of Science",
  "wear": 55.2,
  "sourceId": "806d80e7cf7f39208eccf59102e0086d6b593dbe3152777ef31dfc869a02340fi0",
  "variationId": 319,
  "outliers": [],
  "isOutlier": false
}