{
  "radius": 0.014821026719289436,
  "cOffset": [
    0.001432201659430276,
    -0.00024384315195434198
  ],
  "mOffset": [
    0.002813578233033207,
    -0.002130375923747851
  ],
  "yOffset": [
    -0.0010340398358836729,
    -0.002038021323114875
  ],
  "kOffset": [
    104.19874774969901,
    83.33627733556756
  ],
  "noiseAmp": 7.904345982256066e-08,
  "colorMode": 0,
  "sourceId": "5f53dd709a8d2e350674d86679ff550763502a0ff8c2b567cefa4b52f736aa7fi0",
  "variationId": 68,
  "outliers": [],
  "isOutlier": false
}