{
  "radius": 2.0,
  "cOffset": [
    0.00133,
    0.00299
  ],
  "mOffset": [
    0.000865,
    0.000178
  ],
  "yOffset": [
    -0.00479,
    -0.00266
  ],
  "kOffset": [
    20000,
    20000
  ],
  "noiseAmp": 3.87e-06,
  "inkStatus": 0,
  "title": "Triumph of Science",
  "sourceId": "b1ff3531357fc4703e14454c8cfc606c79f88f87f908ec0d34a3e7eb02a843adi0"
}