{
  "radius": 2.28,
  "cOffset": [
    0.000473,
    0.000559
  ],
  "mOffset": [
    -0.00352,
    -0.00156
  ],
  "yOffset": [
    0.00203,
    -0.00407
  ],
  "kOffset": [
    20000,
    20000
  ],
  "noiseAmp": 9.94e-06,
  "inkStatus": 6,
  "title": "Triumph of Bitcoin",
  "wear": 29.9,
  "sourceId": "cf3ae616cfa57b2304a43445a0025e16d1c36943ed15cb1af5898185cf0d88efi0",
  "variationId": 98,
  "outliers": [
    "inkStatus"
  ],
  "isOutlier": true
}