{
  "radius": 2.4,
  "cOffset": [
    0.000684,
    0.00133
  ],
  "mOffset": [
    -2.34e-05,
    -0.00606
  ],
  "yOffset": [
    0.000759,
    -0.00384
  ],
  "kOffset": [
    20000,
    20000
  ],
  "noiseAmp": 1.11e-05,
  "inkStatus": 0,
  "title": "Triumph of Science",
  "sourceId": "806d80e7cf7f39208eccf59102e0086d6b593dbe3152777ef31dfc869a02340fi0"
}