{
  "radius": 2.35,
  "cOffset": [
    -0.000633,
    0.00347
  ],
  "mOffset": [
    0.002,
    -0.000738
  ],
  "yOffset": [
    -0.000196,
    -0.00144
  ],
  "kOffset": [
    20000,
    20000
  ],
  "noiseAmp": 5.85e-06,
  "inkStatus": 4,
  "title": "Triumph of Science",
  "wear": 42.0,
  "sourceId": "806d80e7cf7f39208eccf59102e0086d6b593dbe3152777ef31dfc869a02340fi0",
  "variationId": 326,
  "outliers": [
    "inkStatus"
  ],
  "isOutlier": true
}