{
  "radius": 2.1396899151164743,
  "cOffset": [
    0.0020344070078778297,
    0.00017626387056292236
  ],
  "mOffset": [
    0.0026109139195874456,
    -0.00029446621206911044
  ],
  "yOffset": [
    -0.0006157710197819204,
    -0.0028581434946611285
  ],
  "kOffset": [
    20000,
    20000
  ],
  "noiseAmp": 1.0395569273472752e-05,
  "colorMode": 0,
  "title": "Triumph of Bitcoin",
  "sourceId": "5f53dd709a8d2e350674d86679ff550763502a0ff8c2b567cefa4b52f736aa7fi0",
  "variationId": 65,
  "outliers": [],
  "isOutlier": false
}