{
  "radius": 2.32,
  "cOffset": [
    -0.00327,
    -0.00172
  ],
  "mOffset": [
    0.00535,
    0.00755
  ],
  "yOffset": [
    0.003,
    0.00126
  ],
  "kOffset": [
    20000,
    20000
  ],
  "noiseAmp": 2.51e-05,
  "inkStatus": 6,
  "title": "Triumph of Bitcoin",
  "sourceId": "5f53dd709a8d2e350674d86679ff550763502a0ff8c2b567cefa4b52f736aa7fi0"
}