{
  "radius": 2.24,
  "cOffset": [
    0.00378,
    0.000447
  ],
  "mOffset": [
    -0.00607,
    -0.000612
  ],
  "yOffset": [
    0.00138,
    0.00288
  ],
  "kOffset": [
    20000,
    20000
  ],
  "noiseAmp": 6.36e-06,
  "inkStatus": 0,
  "title": "Triumph of Bitcoin",
  "wear": 51.4,
  "sourceId": "11e0ab1f653675211944593bb87d1b875050c2f328ab175595d2e7189da9b2f8i0",
  "variationId": 130,
  "outliers": [],
  "isOutlier": false
}