{
  "radius": 2.086320331302155,
  "cOffset": [
    0.00019022999344083248,
    -0.0021598287526728922
  ],
  "mOffset": [
    0.0003584518763096534,
    0.005087507266454208
  ],
  "yOffset": [
    0.0003618083519261937,
    -0.00046435202532803396
  ],
  "kOffset": [
    20000,
    20000
  ],
  "noiseAmp": 2.3233488968420606e-06,
  "colorMode": 0,
  "title": "Triumph of Bitcoin",
  "sourceId": "a4fca8cd68283460126b88cce9a4d7462917eae4e6c1a5f91300fb9280eae7dbi0",
  "variationId": 89,
  "outliers": [],
  "isOutlier": false
}