{
  "radius": 2.09,
  "cOffset": [
    -0.00159,
    -0.000863
  ],
  "mOffset": [
    -0.00144,
    -0.000969
  ],
  "yOffset": [
    -0.0054,
    -0.00308
  ],
  "kOffset": [
    20000,
    20000
  ],
  "noiseAmp": 8.03e-06,
  "inkStatus": 0,
  "title": "Triumph of Bitcoin",
  "sourceId": "fbab7ffde03428ed7c11dc268605241b6e33ea212229b03fb1d8f21e289fae54i0"
}