{
  "radius": 0.014680318019662617,
  "cOffset": [
    0.00321660044178209,
    2.8056591896724613e-05
  ],
  "mOffset": [
    0.0002207267408180066,
    0.0009759796768025174
  ],
  "yOffset": [
    -0.0006072335276657552,
    0.00317827318841692
  ],
  "kOffset": [
    104.52517978715574,
    114.76132833598002
  ],
  "noiseAmp": 7.433135413787475e-07,
  "colorMode": 0,
  "sourceId": "ec11a3e19cb22adf6a880c63b1daf19568cf5a6717572bfd123d91f15fe4d241i0",
  "variationId": 163,
  "outliers": [],
  "isOutlier": false
}