{
  "radius": 2.28,
  "cOffset": [
    -0.00442,
    -0.000841
  ],
  "mOffset": [
    0.00118,
    -0.0036
  ],
  "yOffset": [
    -0.00341,
    -0.00168
  ],
  "kOffset": [
    20000,
    20000
  ],
  "noiseAmp": 2.36e-06,
  "inkStatus": 0,
  "title": "Triumph of Bitcoin",
  "wear": 60.4,
  "sourceId": "fb9fad20ede2f27b013efe9b408e6be1b3ff546dfca53eac86c7e0f1a632d551i0",
  "variationId": 201,
  "outliers": [],
  "isOutlier": false
}