{
  "radius": 2.32,
  "cOffset": [
    -0.00209,
    -0.00374
  ],
  "mOffset": [
    -0.000692,
    0.0108
  ],
  "yOffset": [
    -0.00211,
    0.00225
  ],
  "kOffset": [
    20000,
    20000
  ],
  "noiseAmp": 1.25e-05,
  "inkStatus": 0,
  "title": "Triumph of Bitcoin",
  "sourceId": "5f53dd709a8d2e350674d86679ff550763502a0ff8c2b567cefa4b52f736aa7fi0"
}