{
  "radius": 2.2530062618270437,
  "cOffset": [
    -0.0012981900135539048,
    -0.002592110891420327
  ],
  "mOffset": [
    -0.00012671561335936109,
    -0.0025454126623666046
  ],
  "yOffset": [
    -0.003551084559330875,
    -0.0002779493927772778
  ],
  "kOffset": [
    20000,
    20000
  ],
  "noiseAmp": 6.263954240410394e-06,
  "colorMode": 0,
  "title": "Triumph of Bitcoin",
  "sourceId": "ec11a3e19cb22adf6a880c63b1daf19568cf5a6717572bfd123d91f15fe4d241i0",
  "variationId": 157,
  "outliers": [],
  "isOutlier": false
}