{
  "radius": 2.276553427307711,
  "cOffset": [
    -0.0016525195715242989,
    -0.0013999102318610819
  ],
  "mOffset": [
    0.0015007646995277167,
    0.003878556091521375
  ],
  "yOffset": [
    -0.002578641059329065,
    -0.0010369631368595143
  ],
  "kOffset": [
    20000,
    20000
  ],
  "noiseAmp": 2.304419359374927e-06,
  "colorMode": 0,
  "title": "Triumph of Bitcoin",
  "sourceId": "7fcc33c4cb0081cfa85c5d1d541aad5d8c631debbb29c65c95f4d30137ed2aa0i0",
  "variationId": 262,
  "outliers": [],
  "isOutlier": false
}