{
  "radius": 2.206846079299019,
  "cOffset": [
    -0.00392880226146715,
    0.003058189202908115
  ],
  "mOffset": [
    0.007611296981005527,
    0.0029213268547312646
  ],
  "yOffset": [
    0.0009602288674773333,
    0.0007014948219934666
  ],
  "kOffset": [
    20000,
    20000
  ],
  "noiseAmp": 1.1199323938737275e-05,
  "colorMode": 0,
  "title": "Triumph of Science",
  "sourceId": "b1ff3531357fc4703e14454c8cfc606c79f88f87f908ec0d34a3e7eb02a843adi0",
  "variationId": 308,
  "outliers": [],
  "isOutlier": false
}