{
  "radius": 2.0911151637029852,
  "cOffset": [
    7.695005913256924e-05,
    -0.002056767411770206
  ],
  "mOffset": [
    0.00035178450082516243,
    0.002822414561780485
  ],
  "yOffset": [
    -0.0001285576159570427,
    0.000664985060234972
  ],
  "kOffset": [
    20000,
    20000
  ],
  "noiseAmp": 4.084233247080385e-06,
  "colorMode": 0,
  "title": "Triumph of Bitcoin",
  "sourceId": "63594e1b8512a5ad3215acfb7470f181444c773c0953d875f9713fca3d896774i0",
  "variationId": 46,
  "outliers": [],
  "isOutlier": false
}