{
  "radius": 0.013878341066860379,
  "cOffset": [
    -0.004352121470459815,
    -0.00028656587050938877
  ],
  "mOffset": [
    0.004688063925817759,
    -0.00397932738348712
  ],
  "yOffset": [
    0.0007583750837667948,
    0.00039302651808499845
  ],
  "kOffset": [
    102.16338149503427,
    101.53471789788247
  ],
  "noiseAmp": 2.5830458425864332e-06,
  "colorMode": 0,
  "sourceId": "5f53dd709a8d2e350674d86679ff550763502a0ff8c2b567cefa4b52f736aa7fi0",
  "variationId": 54,
  "outliers": [],
  "isOutlier": false
}