{
  "radius": 2.06,
  "cOffset": [
    0.0019,
    -0.00198
  ],
  "mOffset": [
    -0.00318,
    -0.00157
  ],
  "yOffset": [
    0.00165,
    0.00324
  ],
  "kOffset": [
    20000,
    20000
  ],
  "noiseAmp": 5.66e-06,
  "inkStatus": 0,
  "title": "Triumph of Bitcoin",
  "sourceId": "a4fca8cd68283460126b88cce9a4d7462917eae4e6c1a5f91300fb9280eae7dbi0"
}