{
  "radius": 2.12,
  "cOffset": [
    -0.00303,
    -0.00555
  ],
  "mOffset": [
    -0.00359,
    0.00308
  ],
  "yOffset": [
    0.00195,
    0.00446
  ],
  "kOffset": [
    20000,
    20000
  ],
  "noiseAmp": 4.63e-06,
  "inkStatus": 0,
  "title": "Triumph of Bitcoin",
  "wear": 52.7,
  "sourceId": "7fcc33c4cb0081cfa85c5d1d541aad5d8c631debbb29c65c95f4d30137ed2aa0i0",
  "variationId": 243,
  "outliers": [],
  "isOutlier": false
}