{
  "radius": 2.191750253964988,
  "cOffset": [
    0.004589204153422778,
    -0.005729922781207701
  ],
  "mOffset": [
    -0.0016102809597690886,
    0.002684315590105476
  ],
  "yOffset": [
    0.003455689029085765,
    0.0045862233643686615
  ],
  "kOffset": [
    20000,
    20000
  ],
  "noiseAmp": 1.2954900219096083e-05,
  "colorMode": 0,
  "title": "Triumph of Bitcoin",
  "sourceId": "ff08f64a29c957c1f376ca1d35c2ccb5851379da3df9618b8108f55ed65dfb39i0",
  "variationId": 229,
  "outliers": [],
  "isOutlier": false
}