{
  "radius": 0.015082567937160965,
  "cOffset": [
    -0.001430217884323457,
    -0.0001331380984111689
  ],
  "mOffset": [
    -7.594574756279573e-05,
    -0.005677697764810976
  ],
  "yOffset": [
    0.00013722180793577284,
    0.000901105383604638
  ],
  "kOffset": [
    83.26772680633188,
    93.38981842848109
  ],
  "noiseAmp": 4.3696695999864e-07,
  "colorMode": 0,
  "sourceId": "b1ff3531357fc4703e14454c8cfc606c79f88f87f908ec0d34a3e7eb02a843adi0",
  "variationId": 306,
  "outliers": [],
  "isOutlier": false
}