{
  "radius": 0.015230682136097596,
  "cOffset": [
    -0.0005679409286347898,
    0.0004980508980596488
  ],
  "mOffset": [
    0.003587851395212496,
    0.0009062441359737851
  ],
  "yOffset": [
    0.00047230662479070596,
    0.00024648444817800105
  ],
  "kOffset": [
    111.75842347513809,
    100.14121902350753
  ],
  "noiseAmp": 8.559127111470953e-07,
  "colorMode": 0,
  "sourceId": "806d80e7cf7f39208eccf59102e0086d6b593dbe3152777ef31dfc869a02340fi0",
  "variationId": 310,
  "outliers": [],
  "isOutlier": false
}