{
  "radius": 0.014349336771019726,
  "cOffset": [
    0.005100703284512268,
    0.00013602617269094211
  ],
  "mOffset": [
    -0.0016800414751013514,
    0.00025236120417568286
  ],
  "yOffset": [
    2.0649360588895336e-05,
    0.0012206834380069842
  ],
  "kOffset": [
    104.38428474139997,
    104.21031205702691
  ],
  "noiseAmp": 9.391649668078956e-07,
  "colorMode": 0,
  "sourceId": "cf3ae616cfa57b2304a43445a0025e16d1c36943ed15cb1af5898185cf0d88efi0",
  "variationId": 117,
  "outliers": [],
  "isOutlier": false
}