{
  "radius": 0.015021941503466165,
  "cOffset": [
    0.002562295782154223,
    9.632348750383888e-05
  ],
  "mOffset": [
    -0.0014717395657028287,
    0.002287771317477545
  ],
  "yOffset": [
    0.0005786085358492596,
    -0.0019480187368947806
  ],
  "kOffset": [
    91.52801465752711,
    102.30956283477923
  ],
  "noiseAmp": 4.3593961138157626e-07,
  "colorMode": 0,
  "sourceId": "63594e1b8512a5ad3215acfb7470f181444c773c0953d875f9713fca3d896774i0",
  "variationId": 25,
  "outliers": [],
  "isOutlier": false
}