{
  "radius": 0.015291458295983665,
  "cOffset": [
    -0.002145982458751799,
    -0.00025330795512776207
  ],
  "mOffset": [
    0.0015644916177653698,
    0.005868794991136389
  ],
  "yOffset": [
    0.001166323867118552,
    0.0018244309423556028
  ],
  "kOffset": [
    111.22067775294934,
    114.57891327489969
  ],
  "noiseAmp": 6.76443612856161e-07,
  "colorMode": 0,
  "sourceId": "ba4b86348a6e7bad9deeb21752cf790694355b639650c679ce5b1c61feeab004i0",
  "variationId": 186,
  "outliers": [],
  "isOutlier": false
}