{
  "radius": 2.2226161475246915,
  "cOffset": [
    -0.00042909833179902905,
    -0.003649768214599205
  ],
  "mOffset": [
    0.004296138310037083,
    0.0011609793239139583
  ],
  "yOffset": [
    -0.0021148185473747728,
    0.00165307870272112
  ],
  "kOffset": [
    20000,
    20000
  ],
  "noiseAmp": 7.832954540260298e-06,
  "colorMode": 0,
  "title": "Triumph of Bitcoin",
  "sourceId": "ba4b86348a6e7bad9deeb21752cf790694355b639650c679ce5b1c61feeab004i0",
  "variationId": 188,
  "outliers": [],
  "isOutlier": false
}