{
  "radius": 2.124140159175738,
  "cOffset": [
    0.004905631286426389,
    0.0014139210103945382
  ],
  "mOffset": [
    0.004209716526555146,
    0.006029351262678156
  ],
  "yOffset": [
    0.00018991285339422178,
    -0.0013357077152448197
  ],
  "kOffset": [
    20000,
    20000
  ],
  "noiseAmp": 2.0761344335726186e-06,
  "colorMode": 0,
  "title": "Triumph of Bitcoin",
  "sourceId": "fbab7ffde03428ed7c11dc268605241b6e33ea212229b03fb1d8f21e289fae54i0",
  "variationId": 23,
  "outliers": [],
  "isOutlier": false
}