{
  "radius": 0.014228201138689526,
  "cOffset": [
    0.0019198949706633608,
    0.00023384466112511665
  ],
  "mOffset": [
    -0.0009861310393055928,
    -0.004583574864926742
  ],
  "yOffset": [
    -0.0006068857802016107,
    0.0013591639195371572
  ],
  "kOffset": [
    105.19586173426072,
    108.32370792213672
  ],
  "noiseAmp": 1.386711023626952e-06,
  "colorMode": 0,
  "sourceId": "ec11a3e19cb22adf6a880c63b1daf19568cf5a6717572bfd123d91f15fe4d241i0",
  "variationId": 153,
  "outliers": [],
  "isOutlier": false
}