{
  "radius": 0.01544050356445325,
  "cOffset": [
    0.0034500992677782218,
    0.00016179603684256675
  ],
  "mOffset": [
    -0.0032836605991451735,
    -0.002290724389989021
  ],
  "yOffset": [
    0.0014034700951057852,
    0.0011339409261607524
  ],
  "kOffset": [
    102.94938486114071,
    82.91106864880032
  ],
  "noiseAmp": 1.7139678145139901e-06,
  "colorMode": 0,
  "sourceId": "11e0ab1f653675211944593bb87d1b875050c2f328ab175595d2e7189da9b2f8i0",
  "variationId": 133,
  "outliers": [],
  "isOutlier": false
}