{
  "radius": 2.29,
  "cOffset": [
    0.00227,
    0.00111
  ],
  "mOffset": [
    0.00172,
    -0.00291
  ],
  "yOffset": [
    -0.000329,
    -0.00225
  ],
  "kOffset": [
    20000,
    20000
  ],
  "noiseAmp": 3.55e-06,
  "inkStatus": 0,
  "title": "Triumph of Bitcoin",
  "wear": 40.9,
  "sourceId": "ff08f64a29c957c1f376ca1d35c2ccb5851379da3df9618b8108f55ed65dfb39i0",
  "variationId": 223,
  "outliers": [],
  "isOutlier": false
}