{
  "radius": 0.015232838224502542,
  "cOffset": [
    0.0044278399201890875,
    0.00010911900271653393
  ],
  "mOffset": [
    0.003941634613427472,
    0.0010719609253130532
  ],
  "yOffset": [
    0.0030188179882686345,
    -4.622016036377402e-05
  ],
  "kOffset": [
    96.2128112947413,
    81.22624372892258
  ],
  "noiseAmp": 5.279507803082783e-07,
  "colorMode": 0,
  "sourceId": "6461c2a49eba6c8220bf472d9a504554a0592470f0cdddddb0969e896a1a6ca9i0",
  "variationId": 279,
  "outliers": [],
  "isOutlier": false
}