{
  "radius": 2.23,
  "cOffset": [
    0.00044,
    -0.00295
  ],
  "mOffset": [
    -0.00357,
    -0.00501
  ],
  "yOffset": [
    0.00395,
    -0.000516
  ],
  "kOffset": [
    20000,
    20000
  ],
  "noiseAmp": 7.65e-06,
  "inkStatus": 0,
  "title": "Triumph of Bitcoin",
  "sourceId": "ff08f64a29c957c1f376ca1d35c2ccb5851379da3df9618b8108f55ed65dfb39i0"
}