{
  "radius": 2.24,
  "cOffset": [
    0.00353,
    0.00367
  ],
  "mOffset": [
    0.000727,
    0.00304
  ],
  "yOffset": [
    0.0035,
    -0.000434
  ],
  "kOffset": [
    20000,
    20000
  ],
  "noiseAmp": 1.72e-05,
  "inkStatus": 0,
  "title": "Triumph of Bitcoin",
  "sourceId": "fbab7ffde03428ed7c11dc268605241b6e33ea212229b03fb1d8f21e289fae54i0"
}