{
  "radius": 2.06,
  "cOffset": [
    -0.000511,
    -0.00369
  ],
  "mOffset": [
    0.00729,
    0.00547
  ],
  "yOffset": [
    -0.00496,
    0.003
  ],
  "kOffset": [
    20000,
    20000
  ],
  "noiseAmp": 1.33e-06,
  "inkStatus": 0,
  "title": "Triumph of Bitcoin",
  "sourceId": "11e0ab1f653675211944593bb87d1b875050c2f328ab175595d2e7189da9b2f8i0"
}