{
  "radius": 0.014995182599023962,
  "cOffset": [
    0.0006725999947462419,
    5.667023351651667e-05
  ],
  "mOffset": [
    -0.0034473056742327793,
    -0.0025792868112930103
  ],
  "yOffset": [
    1.7665728577363478e-06,
    0.0006840929863800574
  ],
  "kOffset": [
    101.72593053336176,
    107.17115017236391
  ],
  "noiseAmp": 8.471801000486214e-07,
  "colorMode": 0,
  "sourceId": "ec11a3e19cb22adf6a880c63b1daf19568cf5a6717572bfd123d91f15fe4d241i0",
  "variationId": 161,
  "outliers": [],
  "isOutlier": false
}