{
  "radius": 2.2122474401151675,
  "cOffset": [
    -0.0015649388443100326,
    0.002484172302397453
  ],
  "mOffset": [
    -0.0069478192524853,
    -0.004006681891728571
  ],
  "yOffset": [
    -0.0020410193022428434,
    0.001180780124034378
  ],
  "kOffset": [
    20000,
    20000
  ],
  "noiseAmp": 1.5561020175581108e-05,
  "colorMode": 0,
  "title": "Triumph of Science",
  "sourceId": "806d80e7cf7f39208eccf59102e0086d6b593dbe3152777ef31dfc869a02340fi0",
  "variationId": 324,
  "outliers": [],
  "isOutlier": false
}