{
  "radius": 1.9297935309862495,
  "cOffset": [
    -0.00403929146678549,
    -0.0016313210005720188
  ],
  "mOffset": [
    -0.0036418680934636894,
    0.0017217050137795435
  ],
  "yOffset": [
    0.0012623240720225565,
    -0.0011361593958440718
  ],
  "kOffset": [
    20000,
    20000
  ],
  "noiseAmp": 6.822278573580388e-06,
  "colorMode": 0,
  "title": "Triumph of Bitcoin",
  "sourceId": "ec11a3e19cb22adf6a880c63b1daf19568cf5a6717572bfd123d91f15fe4d241i0",
  "variationId": 161,
  "outliers": [],
  "isOutlier": false
}