{
  "radius": 2.23,
  "cOffset": [
    0.00267,
    0.00252
  ],
  "mOffset": [
    0.00479,
    0.0053
  ],
  "yOffset": [
    0.00146,
    0.00064
  ],
  "kOffset": [
    20000,
    20000
  ],
  "noiseAmp": 1.08e-05,
  "inkStatus": 3,
  "title": "Triumph of Bitcoin",
  "wear": 56.3,
  "sourceId": "7fcc33c4cb0081cfa85c5d1d541aad5d8c631debbb29c65c95f4d30137ed2aa0i0",
  "variationId": 242,
  "outliers": [
    "inkStatus"
  ],
  "isOutlier": true
}