{
  "radius": 2.255155721025205,
  "cOffset": [
    -8.222301168140942e-05,
    0.005714595132000121
  ],
  "mOffset": [
    -0.002730603318359194,
    0.0023990251629300565
  ],
  "yOffset": [
    0.0027283927125820793,
    0.0007676623037452499
  ],
  "kOffset": [
    20000,
    20000
  ],
  "noiseAmp": 4.751541234105532e-06,
  "colorMode": 0,
  "title": "Triumph of Bitcoin",
  "sourceId": "fbab7ffde03428ed7c11dc268605241b6e33ea212229b03fb1d8f21e289fae54i0",
  "variationId": 14,
  "outliers": [],
  "isOutlier": false
}