{
  "radius": 2.17,
  "cOffset": [
    0.000552,
    -0.00286
  ],
  "mOffset": [
    -0.0033,
    -0.000137
  ],
  "yOffset": [
    -0.000112,
    -0.00144
  ],
  "kOffset": [
    20000,
    20000
  ],
  "noiseAmp": 6.92e-06,
  "inkStatus": 0,
  "title": "Triumph of Bitcoin",
  "wear": 32.5,
  "sourceId": "63594e1b8512a5ad3215acfb7470f181444c773c0953d875f9713fca3d896774i0",
  "variationId": 31,
  "outliers": [],
  "isOutlier": false
}