{
  "radius": 0.01454774813184385,
  "cOffset": [
    -0.0012528437770140091,
    -0.0002372832280518523
  ],
  "mOffset": [
    -0.00317434803747345,
    -0.0032354612285290497
  ],
  "yOffset": [
    -0.002226221264680092,
    0.001787536014307141
  ],
  "kOffset": [
    94.55359962680481,
    97.64045133464175
  ],
  "noiseAmp": 2.621461590761998e-06,
  "colorMode": 0,
  "sourceId": "fb9fad20ede2f27b013efe9b408e6be1b3ff546dfca53eac86c7e0f1a632d551i0",
  "variationId": 209,
  "outliers": [],
  "isOutlier": false
}