{
  "radius": 2.28,
  "cOffset": [
    0.000605,
    -0.00375
  ],
  "mOffset": [
    0.00466,
    -0.00574
  ],
  "yOffset": [
    0.00402,
    -0.00162
  ],
  "kOffset": [
    20000,
    20000
  ],
  "noiseAmp": 2.1e-05,
  "inkStatus": 0,
  "title": "Triumph of Science",
  "sourceId": "806d80e7cf7f39208eccf59102e0086d6b593dbe3152777ef31dfc869a02340fi0"
}