{
  "radius": 0.014213147128104509,
  "cOffset": [
    0.0014853404866164042,
    0.00022971858560614142
  ],
  "mOffset": [
    -0.0011232303359482842,
    -0.002987335346025156
  ],
  "yOffset": [
    -0.00046002072400377696,
    0.00019402505446371312
  ],
  "kOffset": [
    100.5355870779918,
    95.04826231139081
  ],
  "noiseAmp": 8.762394267946286e-08,
  "colorMode": 0,
  "sourceId": "ff08f64a29c957c1f376ca1d35c2ccb5851379da3df9618b8108f55ed65dfb39i0",
  "variationId": 229,
  "outliers": [],
  "isOutlier": false
}