{
  "radius": 1.97,
  "cOffset": [
    -0.00276,
    -0.00392
  ],
  "mOffset": [
    0.0102,
    -0.0471
  ],
  "yOffset": [
    0.00522,
    0.00402
  ],
  "kOffset": [
    20000,
    20000
  ],
  "noiseAmp": 1.29e-05,
  "inkStatus": 1,
  "title": "Triumph of Bitcoin",
  "sourceId": "cf3ae616cfa57b2304a43445a0025e16d1c36943ed15cb1af5898185cf0d88efi0"
}