{
  "radius": 2.28,
  "cOffset": [
    0.00438,
    -0.00499
  ],
  "mOffset": [
    0.00409,
    0.00426
  ],
  "yOffset": [
    0.000419,
    -0.00181
  ],
  "kOffset": [
    20000,
    20000
  ],
  "noiseAmp": 1.07e-05,
  "inkStatus": 0,
  "title": "Triumph of Bitcoin",
  "sourceId": "ff08f64a29c957c1f376ca1d35c2ccb5851379da3df9618b8108f55ed65dfb39i0"
}