{
  "radius": 0.014999727654895637,
  "cOffset": [
    0.004401030451591,
    -6.593874147663804e-05
  ],
  "mOffset": [
    0.0001342476631720826,
    -0.0029130016750793745
  ],
  "yOffset": [
    -0.0004916737800805901,
    -0.00020465718739790456
  ],
  "kOffset": [
    112.00843213156374,
    95.87472898317068
  ],
  "noiseAmp": 1.768553965465462e-06,
  "colorMode": 0,
  "sourceId": "806d80e7cf7f39208eccf59102e0086d6b593dbe3152777ef31dfc869a02340fi0",
  "variationId": 312,
  "outliers": [],
  "isOutlier": false
}