{
  "radius": 2.25,
  "cOffset": [
    0.00282,
    -0.000314
  ],
  "mOffset": [
    -0.00696,
    0.000867
  ],
  "yOffset": [
    -0.000341,
    -0.000708
  ],
  "kOffset": [
    20000,
    20000
  ],
  "noiseAmp": 5.22e-06,
  "inkStatus": 3,
  "title": "Triumph of Bitcoin",
  "wear": 61.0,
  "sourceId": "ff08f64a29c957c1f376ca1d35c2ccb5851379da3df9618b8108f55ed65dfb39i0",
  "variationId": 219,
  "outliers": [
    "inkStatus"
  ],
  "isOutlier": true
}