{
  "radius": 2.24,
  "cOffset": [
    0.000663,
    0.000743
  ],
  "mOffset": [
    0.00432,
    -0.00822
  ],
  "yOffset": [
    -0.00234,
    -0.00284
  ],
  "kOffset": [
    20000,
    20000
  ],
  "noiseAmp": 9.75e-06,
  "inkStatus": 2,
  "title": "Triumph of Bitcoin",
  "wear": 38.4,
  "sourceId": "fb9fad20ede2f27b013efe9b408e6be1b3ff546dfca53eac86c7e0f1a632d551i0",
  "variationId": 197,
  "outliers": [
    "inkStatus",
    "noiseAmp"
  ],
  "isOutlier": true
}