{
  "radius": 2.08,
  "cOffset": [
    -0.000602,
    -0.000387
  ],
  "mOffset": [
    0.00323,
    0.000482
  ],
  "yOffset": [
    0.00506,
    0.00225
  ],
  "kOffset": [
    20000,
    20000
  ],
  "noiseAmp": 8.4e-06,
  "inkStatus": 1,
  "title": "Triumph of Bitcoin",
  "wear": 48.8,
  "sourceId": "cf3ae616cfa57b2304a43445a0025e16d1c36943ed15cb1af5898185cf0d88efi0",
  "variationId": 107,
  "outliers": [
    "inkStatus"
  ],
  "isOutlier": true
}