{
  "radius": 0.015455624164821512,
  "cOffset": [
    0.0023272162132905038,
    -0.0002271503641306083
  ],
  "mOffset": [
    0.008532934720698626,
    0.004161114260713629
  ],
  "yOffset": [
    0.0030160280175348998,
    -0.0014956965808377246
  ],
  "kOffset": [
    93.24673441909458,
    103.1041821030811
  ],
  "noiseAmp": 6.163084115878859e-08,
  "colorMode": 0,
  "sourceId": "7fcc33c4cb0081cfa85c5d1d541aad5d8c631debbb29c65c95f4d30137ed2aa0i0",
  "variationId": 243,
  "outliers": [],
  "isOutlier": false
}