{
  "radius": 0.014650420457003863,
  "cOffset": [
    0.0009910764120464697,
    -8.974241404783947e-05
  ],
  "mOffset": [
    -0.004009515928244258,
    0.003481604759385621
  ],
  "yOffset": [
    -0.0008037666287570437,
    0.0005560992109088496
  ],
  "kOffset": [
    120.83293913474104,
    80.19580150198152
  ],
  "noiseAmp": 2.32013477522088e-06,
  "colorMode": 0,
  "sourceId": "806d80e7cf7f39208eccf59102e0086d6b593dbe3152777ef31dfc869a02340fi0",
  "variationId": 315,
  "outliers": [],
  "isOutlier": false
}