{
  "radius": 2.17,
  "cOffset": [
    0.000886,
    -0.00155
  ],
  "mOffset": [
    -0.00444,
    0.00179
  ],
  "yOffset": [
    -0.00146,
    -0.00466
  ],
  "kOffset": [
    20000,
    20000
  ],
  "noiseAmp": 9.89e-06,
  "inkStatus": 0,
  "title": "Triumph of Science",
  "sourceId": "6461c2a49eba6c8220bf472d9a504554a0592470f0cdddddb0969e896a1a6ca9i0"
}