{
  "radius": 2.1,
  "cOffset": [
    -0.00121,
    0.00195
  ],
  "mOffset": [
    0.00025,
    0.00974
  ],
  "yOffset": [
    -0.000383,
    -0.0042
  ],
  "kOffset": [
    20000,
    20000
  ],
  "noiseAmp": 1.19e-06,
  "inkStatus": 0,
  "title": "Triumph of Bitcoin",
  "wear": 48.5,
  "sourceId": "63594e1b8512a5ad3215acfb7470f181444c773c0953d875f9713fca3d896774i0",
  "variationId": 27,
  "outliers": [],
  "isOutlier": false
}