{
  "radius": 2.016544466141822,
  "cOffset": [
    0.0009250224018346622,
    -0.0025262588877717207
  ],
  "mOffset": [
    -0.0006215194118769126,
    0.0037685171642195935
  ],
  "yOffset": [
    0.0019136416398859754,
    -0.0007297932763919289
  ],
  "kOffset": [
    20000,
    20000
  ],
  "noiseAmp": 2.7972793539928116e-05,
  "colorMode": 0,
  "title": "Triumph of Bitcoin",
  "sourceId": "11e0ab1f653675211944593bb87d1b875050c2f328ab175595d2e7189da9b2f8i0",
  "variationId": 127,
  "outliers": [],
  "isOutlier": false
}