{
  "radius": 2.17,
  "cOffset": [
    -0.00151,
    -0.00083
  ],
  "mOffset": [
    -0.00169,
    0.00337
  ],
  "yOffset": [
    0.00242,
    -0.000738
  ],
  "kOffset": [
    20000,
    20000
  ],
  "noiseAmp": 1.3e-05,
  "inkStatus": 0,
  "title": "Triumph of Bitcoin",
  "wear": 47.8,
  "sourceId": "ff08f64a29c957c1f376ca1d35c2ccb5851379da3df9618b8108f55ed65dfb39i0",
  "variationId": 222,
  "outliers": [],
  "isOutlier": false
}