{
  "radius": 0.01507452740227671,
  "cOffset": [
    0.00034472454268613125,
    -0.00012234926219586293
  ],
  "mOffset": [
    0.00019538617663521853,
    0.0018633172460354257
  ],
  "yOffset": [
    0.0029080452003586678,
    0.0016475721639592732
  ],
  "kOffset": [
    106.01767343801889,
    95.03680765552109
  ],
  "noiseAmp": 3.943692143782963e-07,
  "colorMode": 0,
  "sourceId": "cf3ae616cfa57b2304a43445a0025e16d1c36943ed15cb1af5898185cf0d88efi0",
  "variationId": 119,
  "outliers": [],
  "isOutlier": false
}