{
  "radius": 2.21,
  "cOffset": [
    -0.00518,
    -0.00233
  ],
  "mOffset": [
    0.00819,
    0.000793
  ],
  "yOffset": [
    0.00609,
    0.00343
  ],
  "kOffset": [
    20000,
    20000
  ],
  "noiseAmp": 1.34e-05,
  "inkStatus": 0,
  "title": "Triumph of Bitcoin",
  "sourceId": "fb9fad20ede2f27b013efe9b408e6be1b3ff546dfca53eac86c7e0f1a632d551i0"
}