{
  "radius": 2.29,
  "cOffset": [
    0.000566,
    0.0005
  ],
  "mOffset": [
    -0.000937,
    0.00153
  ],
  "yOffset": [
    0.00514,
    -0.00576
  ],
  "kOffset": [
    20000,
    20000
  ],
  "noiseAmp": 3.12e-05,
  "inkStatus": 0,
  "title": "Triumph of Bitcoin",
  "sourceId": "11e0ab1f653675211944593bb87d1b875050c2f328ab175595d2e7189da9b2f8i0"
}