{
  "radius": 2.03,
  "cOffset": [
    0.000879,
    -0.000191
  ],
  "mOffset": [
    0.00066,
    0.00714
  ],
  "yOffset": [
    0.00343,
    0.0006
  ],
  "kOffset": [
    20000,
    20000
  ],
  "noiseAmp": 3.33e-06,
  "inkStatus": 0,
  "title": "Triumph of Bitcoin",
  "sourceId": "cf3ae616cfa57b2304a43445a0025e16d1c36943ed15cb1af5898185cf0d88efi0"
}