{
  "radius": 2.315681483015296,
  "cOffset": [
    -0.001271001167133959,
    0.0008207503945630943
  ],
  "mOffset": [
    -0.0060441720344679975,
    0.0003641161563725693
  ],
  "yOffset": [
    0.000866602076194615,
    -0.002617783800606704
  ],
  "kOffset": [
    20000,
    20000
  ],
  "noiseAmp": 9.455201293285587e-06,
  "colorMode": 0,
  "title": "Triumph of Bitcoin",
  "sourceId": "ec11a3e19cb22adf6a880c63b1daf19568cf5a6717572bfd123d91f15fe4d241i0",
  "variationId": 158,
  "outliers": [],
  "isOutlier": false
}