{
  "radius": 0.015154673371357081,
  "cOffset": [
    0.00319398014180851,
    0.00037624120512732363
  ],
  "mOffset": [
    0.0021364307209950544,
    -0.0008095407691845252
  ],
  "yOffset": [
    0.001595235466701276,
    -0.0003514026050609849
  ],
  "kOffset": [
    84.84453216238265,
    92.68801488855033
  ],
  "noiseAmp": 4.044845263494298e-07,
  "colorMode": 0,
  "sourceId": "5f53dd709a8d2e350674d86679ff550763502a0ff8c2b567cefa4b52f736aa7fi0",
  "variationId": 61,
  "outliers": [],
  "isOutlier": false
}