{
  "radius": 2.12,
  "cOffset": [
    0.0036,
    0.00173
  ],
  "mOffset": [
    -0.00334,
    0.0025
  ],
  "yOffset": [
    -0.00305,
    -0.00245
  ],
  "kOffset": [
    20000,
    20000
  ],
  "noiseAmp": 1.26e-05,
  "inkStatus": 1,
  "title": "Triumph of Bitcoin",
  "wear": 44.8,
  "sourceId": "fb9fad20ede2f27b013efe9b408e6be1b3ff546dfca53eac86c7e0f1a632d551i0",
  "variationId": 210,
  "outliers": [
    "inkStatus"
  ],
  "isOutlier": true
}