{
  "radius": 2.17,
  "cOffset": [
    -0.000769,
    0.000363
  ],
  "mOffset": [
    -0.0016,
    0.00808
  ],
  "yOffset": [
    0.0046,
    0.00129
  ],
  "kOffset": [
    20000,
    20000
  ],
  "noiseAmp": 4.48e-06,
  "inkStatus": 0,
  "title": "Triumph of Bitcoin",
  "sourceId": "fb9fad20ede2f27b013efe9b408e6be1b3ff546dfca53eac86c7e0f1a632d551i0"
}