{
  "radius": 2.292301606432564,
  "cOffset": [
    -0.00111384013697986,
    -0.003500891798319587
  ],
  "mOffset": [
    -0.0017243056711473115,
    0.0010050617958721375
  ],
  "yOffset": [
    0.002647692474862039,
    0.003016144391750082
  ],
  "kOffset": [
    20000,
    20000
  ],
  "noiseAmp": 2.1339035183319674e-05,
  "colorMode": 0,
  "title": "Triumph of Science",
  "sourceId": "b1ff3531357fc4703e14454c8cfc606c79f88f87f908ec0d34a3e7eb02a843adi0",
  "variationId": 290,
  "outliers": [],
  "isOutlier": false
}