{
  "radius": 0.013974798571306256,
  "cOffset": [
    -0.0015351686593056916,
    -5.83263530192749e-06
  ],
  "mOffset": [
    -0.0040513668839203066,
    -0.000131732297741358
  ],
  "yOffset": [
    0.000984364210794124,
    0.0004570946720910559
  ],
  "kOffset": [
    102.51526082979862,
    107.99421194200518
  ],
  "noiseAmp": 4.4348360602473824e-07,
  "colorMode": 0,
  "sourceId": "b1ff3531357fc4703e14454c8cfc606c79f88f87f908ec0d34a3e7eb02a843adi0",
  "variationId": 293,
  "outliers": [],
  "isOutlier": false
}