{
  "radius": 2.19,
  "cOffset": [
    -0.00608,
    0.00302
  ],
  "mOffset": [
    -0.00458,
    -0.00994
  ],
  "yOffset": [
    -0.00101,
    0.001
  ],
  "kOffset": [
    20000,
    20000
  ],
  "noiseAmp": 1.01e-05,
  "inkStatus": 0,
  "title": "Triumph of Bitcoin",
  "sourceId": "a4fca8cd68283460126b88cce9a4d7462917eae4e6c1a5f91300fb9280eae7dbi0"
}