{
  "radius": 2.38,
  "cOffset": [
    -0.00241,
    0.00183
  ],
  "mOffset": [
    0.0109,
    -0.000667
  ],
  "yOffset": [
    0.00217,
    0.00212
  ],
  "kOffset": [
    20000,
    20000
  ],
  "noiseAmp": 9.38e-06,
  "inkStatus": 6,
  "title": "Triumph of Bitcoin",
  "wear": 50.0,
  "sourceId": "7fcc33c4cb0081cfa85c5d1d541aad5d8c631debbb29c65c95f4d30137ed2aa0i0",
  "variationId": 247,
  "outliers": [
    "inkStatus"
  ],
  "isOutlier": true
}