{
  "radius": 2.1923948291263575,
  "cOffset": [
    0.0026231578121915615,
    0.0025867925088670007
  ],
  "mOffset": [
    -0.0025214940581115143,
    -0.0015642655553352602
  ],
  "yOffset": [
    -0.0010669885663967676,
    -0.0029241260131866514
  ],
  "kOffset": [
    20000,
    20000
  ],
  "noiseAmp": 6.580260590241728e-06,
  "colorMode": 0,
  "title": "Triumph of Science",
  "sourceId": "6461c2a49eba6c8220bf472d9a504554a0592470f0cdddddb0969e896a1a6ca9i0",
  "variationId": 268,
  "outliers": [],
  "isOutlier": false
}