{
  "radius": 2.26,
  "cOffset": [
    -0.00596,
    0.000408
  ],
  "mOffset": [
    0.00305,
    -0.00339
  ],
  "yOffset": [
    0.000505,
    0.0039
  ],
  "kOffset": [
    20000,
    20000
  ],
  "noiseAmp": 9.65e-06,
  "inkStatus": 0,
  "title": "Triumph of Bitcoin",
  "wear": 39.3,
  "sourceId": "ff08f64a29c957c1f376ca1d35c2ccb5851379da3df9618b8108f55ed65dfb39i0",
  "variationId": 230,
  "outliers": [],
  "isOutlier": false
}