{
  "radius": 2.3092878859750963,
  "cOffset": [
    0.001165809950742782,
    0.0007914996888864961
  ],
  "mOffset": [
    0.008182677633983941,
    0.002451808113357747
  ],
  "yOffset": [
    0.002113039922765774,
    -0.0007876356914984763
  ],
  "kOffset": [
    20000,
    20000
  ],
  "noiseAmp": 1.2235657395069097e-05,
  "colorMode": 0,
  "title": "Triumph of Bitcoin",
  "sourceId": "ba4b86348a6e7bad9deeb21752cf790694355b639650c679ce5b1c61feeab004i0",
  "variationId": 173,
  "outliers": [],
  "isOutlier": false
}