{
  "radius": 2.19,
  "cOffset": [
    -0.00725,
    -0.00276
  ],
  "mOffset": [
    -0.000884,
    -0.00189
  ],
  "yOffset": [
    -0.00681,
    0.00286
  ],
  "kOffset": [
    20000,
    20000
  ],
  "noiseAmp": 2.9e-05,
  "inkStatus": 1,
  "title": "Triumph of Bitcoin",
  "sourceId": "7fcc33c4cb0081cfa85c5d1d541aad5d8c631debbb29c65c95f4d30137ed2aa0i0"
}