{
  "radius": 2.27,
  "cOffset": [
    -0.00145,
    -0.000664
  ],
  "mOffset": [
    0.0124,
    -0.00126
  ],
  "yOffset": [
    -0.000123,
    0.00564
  ],
  "kOffset": [
    20000,
    20000
  ],
  "noiseAmp": 2.94e-05,
  "inkStatus": 0,
  "title": "Triumph of Bitcoin",
  "sourceId": "a4fca8cd68283460126b88cce9a4d7462917eae4e6c1a5f91300fb9280eae7dbi0"
}