{
  "radius": 0.015463433838095323,
  "cOffset": [
    0.005303314183795557,
    -0.0052319237712739955
  ],
  "mOffset": [
    -0.004509867126622145,
    0.0046835101292760205
  ],
  "yOffset": [
    -0.003302837163492437,
    0.0007334325252484786
  ],
  "kOffset": [
    99.10510761094169,
    99.94564041173994
  ],
  "noiseAmp": 8.969068750812482e-07,
  "colorMode": 0,
  "sourceId": "cf3ae616cfa57b2304a43445a0025e16d1c36943ed15cb1af5898185cf0d88efi0",
  "variationId": 115,
  "outliers": [
    "cOffset"
  ],
  "isOutlier": true
}