{
  "radius": 0.015131977176632647,
  "cOffset": [
    -0.0010855659851824696,
    -0.00045990398761254774
  ],
  "mOffset": [
    -0.004708593482994095,
    0.0028005211854263893
  ],
  "yOffset": [
    -0.00023936148855903375,
    -0.0008531858074867975
  ],
  "kOffset": [
    110.1330289587467,
    80.46950372510184
  ],
  "noiseAmp": 9.090546940372048e-07,
  "colorMode": 0,
  "sourceId": "ff08f64a29c957c1f376ca1d35c2ccb5851379da3df9618b8108f55ed65dfb39i0",
  "variationId": 220,
  "outliers": [],
  "isOutlier": false
}