{
  "radius": 2.14,
  "cOffset": [
    0.00264,
    0.0014
  ],
  "mOffset": [
    -0.00102,
    -0.00514
  ],
  "yOffset": [
    0.00249,
    0.00232
  ],
  "kOffset": [
    20000,
    20000
  ],
  "noiseAmp": 1.34e-05,
  "inkStatus": 0,
  "title": "Triumph of Science",
  "sourceId": "6461c2a49eba6c8220bf472d9a504554a0592470f0cdddddb0969e896a1a6ca9i0"
}