{
  "radius": 2.2736578983556495,
  "cOffset": [
    0.00014752372732820533,
    0.0010233114569822845
  ],
  "mOffset": [
    0.007207566777754589,
    0.0004371689294651787
  ],
  "yOffset": [
    0.0018353214845683215,
    -0.0005105284443449362
  ],
  "kOffset": [
    20000,
    20000
  ],
  "noiseAmp": 7.738344708789609e-07,
  "colorMode": 0,
  "title": "Triumph of Bitcoin",
  "sourceId": "a4fca8cd68283460126b88cce9a4d7462917eae4e6c1a5f91300fb9280eae7dbi0",
  "variationId": 85,
  "outliers": [],
  "isOutlier": false
}