{
  "radius": 2.07,
  "cOffset": [
    0.00112,
    0.00183
  ],
  "mOffset": [
    -0.00157,
    0.000528
  ],
  "yOffset": [
    0.00453,
    -0.00522
  ],
  "kOffset": [
    20000,
    20000
  ],
  "noiseAmp": 5.8e-06,
  "inkStatus": 0,
  "title": "Triumph of Bitcoin",
  "sourceId": "5f53dd709a8d2e350674d86679ff550763502a0ff8c2b567cefa4b52f736aa7fi0"
}