{
  "radius": 2.26,
  "cOffset": [
    0.00308,
    -0.00124
  ],
  "mOffset": [
    0.00382,
    -0.000641
  ],
  "yOffset": [
    0.00221,
    0.00242
  ],
  "kOffset": [
    20000,
    20000
  ],
  "noiseAmp": 2.12e-05,
  "inkStatus": 0,
  "title": "Triumph of Bitcoin",
  "sourceId": "ff08f64a29c957c1f376ca1d35c2ccb5851379da3df9618b8108f55ed65dfb39i0"
}