{
  "radius": 2.230209606904334,
  "cOffset": [
    -0.0007218387243051412,
    -0.005432884469503735
  ],
  "mOffset": [
    -0.0017659589415390101,
    -0.00374743449490164
  ],
  "yOffset": [
    0.0008136322558504451,
    0.0007381670001337127
  ],
  "kOffset": [
    20000,
    20000
  ],
  "noiseAmp": 1.1291467336875538e-05,
  "colorMode": 0,
  "title": "Triumph of Bitcoin",
  "sourceId": "ec11a3e19cb22adf6a880c63b1daf19568cf5a6717572bfd123d91f15fe4d241i0",
  "variationId": 149,
  "outliers": [],
  "isOutlier": false
}