{
  "radius": 0.013984820876300898,
  "cOffset": [
    -0.0018790765556215999,
    0.0002006044290095497
  ],
  "mOffset": [
    0.0017386467772072202,
    -0.0023860780528585143
  ],
  "yOffset": [
    0.0015746692849226641,
    -0.0007014270651249259
  ],
  "kOffset": [
    107.30430077974385,
    108.24024615024786
  ],
  "noiseAmp": 2.1797058797809033e-06,
  "colorMode": 0,
  "sourceId": "a4fca8cd68283460126b88cce9a4d7462917eae4e6c1a5f91300fb9280eae7dbi0",
  "variationId": 87,
  "outliers": [],
  "isOutlier": false
}