{
  "radius": 2.29,
  "cOffset": [
    -0.000208,
    -0.000919
  ],
  "mOffset": [
    -0.00138,
    -0.00189
  ],
  "yOffset": [
    0.00162,
    -0.00164
  ],
  "kOffset": [
    20000,
    20000
  ],
  "noiseAmp": 2.69e-05,
  "inkStatus": 0,
  "title": "Triumph of Bitcoin",
  "sourceId": "7fcc33c4cb0081cfa85c5d1d541aad5d8c631debbb29c65c95f4d30137ed2aa0i0"
}