{
  "radius": 0.014845114487814408,
  "cOffset": [
    -0.000660374426342872,
    -0.00023710236543260786
  ],
  "mOffset": [
    -0.00545913226149365,
    -0.0030589587242955416
  ],
  "yOffset": [
    0.0001491519742167022,
    0.0036580102633610944
  ],
  "kOffset": [
    120.70163391929192,
    108.7583643606763
  ],
  "noiseAmp": 6.002660879625839e-07,
  "colorMode": 0,
  "sourceId": "cf3ae616cfa57b2304a43445a0025e16d1c36943ed15cb1af5898185cf0d88efi0",
  "variationId": 107,
  "outliers": [],
  "isOutlier": false
}