{
  "radius": 2.09,
  "cOffset": [
    0.000745,
    0.00353
  ],
  "mOffset": [
    0.00257,
    -0.00269
  ],
  "yOffset": [
    -0.00174,
    -0.000327
  ],
  "kOffset": [
    20000,
    20000
  ],
  "noiseAmp": 1.1e-05,
  "inkStatus": 0,
  "title": "Triumph of Science",
  "wear": 51.6,
  "sourceId": "b1ff3531357fc4703e14454c8cfc606c79f88f87f908ec0d34a3e7eb02a843adi0",
  "variationId": 287,
  "outliers": [],
  "isOutlier": false
}