{
  "radius": 2.01,
  "cOffset": [
    0.00137,
    -0.0028
  ],
  "mOffset": [
    0.000322,
    -0.000974
  ],
  "yOffset": [
    0.000341,
    0.000163
  ],
  "kOffset": [
    20000,
    20000
  ],
  "noiseAmp": 3.37e-06,
  "inkStatus": 0,
  "title": "Triumph of Science",
  "sourceId": "b1ff3531357fc4703e14454c8cfc606c79f88f87f908ec0d34a3e7eb02a843adi0"
}