{
  "radius": 2.2,
  "cOffset": [
    4.83e-06,
    0.00198
  ],
  "mOffset": [
    -0.00221,
    0.00025
  ],
  "yOffset": [
    0.00245,
    0.00356
  ],
  "kOffset": [
    20000,
    20000
  ],
  "noiseAmp": 2.5e-06,
  "inkStatus": 0,
  "title": "Triumph of Bitcoin",
  "sourceId": "fb9fad20ede2f27b013efe9b408e6be1b3ff546dfca53eac86c7e0f1a632d551i0"
}