{
  "radius": 0.015332916427812515,
  "cOffset": [
    0.0024726375921974805,
    0.00011075878291906402
  ],
  "mOffset": [
    -0.006163977981234289,
    -0.0019580224989008896
  ],
  "yOffset": [
    0.0004911156381747207,
    -0.0013788806816834444
  ],
  "kOffset": [
    115.94858744882805,
    88.28923349024826
  ],
  "noiseAmp": 4.372044858600945e-07,
  "colorMode": 0,
  "sourceId": "ff08f64a29c957c1f376ca1d35c2ccb5851379da3df9618b8108f55ed65dfb39i0",
  "variationId": 226,
  "outliers": [],
  "isOutlier": false
}