{
  "radius": 0.01575688359738069,
  "cOffset": [
    -0.002485213306464294,
    -9.757601897619456e-05
  ],
  "mOffset": [
    0.004787993343863239,
    -0.0008577073412913557
  ],
  "yOffset": [
    0.00032485902020397856,
    0.0012150948572101912
  ],
  "kOffset": [
    103.12369637874193,
    88.36701370253328
  ],
  "noiseAmp": 8.452317638683089e-08,
  "colorMode": 0,
  "sourceId": "63594e1b8512a5ad3215acfb7470f181444c773c0953d875f9713fca3d896774i0",
  "variationId": 24,
  "outliers": [],
  "isOutlier": false
}