{
  "radius": 2.11,
  "cOffset": [
    -0.00132,
    -0.000766
  ],
  "mOffset": [
    -0.0496,
    0.0495
  ],
  "yOffset": [
    -0.00216,
    -0.000128
  ],
  "kOffset": [
    20000,
    20000
  ],
  "noiseAmp": 2.57e-05,
  "inkStatus": 2,
  "title": "Triumph of Bitcoin",
  "sourceId": "fb9fad20ede2f27b013efe9b408e6be1b3ff546dfca53eac86c7e0f1a632d551i0"
}