{
  "radius": 0.014902204427633833,
  "cOffset": [
    -0.0015062488522254915,
    0.000237447527012678
  ],
  "mOffset": [
    -0.0003595569226392673,
    0.00023018082696099864
  ],
  "yOffset": [
    -0.0013701741256256536,
    -0.00011907952598655562
  ],
  "kOffset": [
    96.61742442840918,
    114.71520026426239
  ],
  "noiseAmp": 1.854595039206535e-06,
  "colorMode": 0,
  "sourceId": "b1ff3531357fc4703e14454c8cfc606c79f88f87f908ec0d34a3e7eb02a843adi0",
  "variationId": 301,
  "outliers": [],
  "isOutlier": false
}