{
  "radius": 0.015313872988688788,
  "cOffset": [
    0.00012053743976879092,
    0.0002522285237027771
  ],
  "mOffset": [
    0.0007116518155100112,
    7.925771306427342e-05
  ],
  "yOffset": [
    0.0006446447891377603,
    -0.0015755983496540435
  ],
  "kOffset": [
    93.30142478815849,
    110.24602753795214
  ],
  "noiseAmp": 8.097573501541429e-07,
  "colorMode": 0,
  "sourceId": "ff08f64a29c957c1f376ca1d35c2ccb5851379da3df9618b8108f55ed65dfb39i0",
  "variationId": 221,
  "outliers": [],
  "isOutlier": false
}