{
  "radius": 2.35,
  "cOffset": [
    -0.00435,
    0.00164
  ],
  "mOffset": [
    -7.86e-05,
    0.00329
  ],
  "yOffset": [
    -0.00232,
    -0.0026
  ],
  "kOffset": [
    20000,
    20000
  ],
  "noiseAmp": 6.59e-06,
  "inkStatus": 0,
  "title": "Triumph of Bitcoin",
  "wear": 30.0,
  "sourceId": "5f53dd709a8d2e350674d86679ff550763502a0ff8c2b567cefa4b52f736aa7fi0",
  "variationId": 49,
  "outliers": [],
  "isOutlier": false
}