{
  "radius": 2.224200599176271,
  "cOffset": [
    -9.904035426094915e-05,
    0.0014234500351079174
  ],
  "mOffset": [
    -0.0014500071348518056,
    -0.005350238688092914
  ],
  "yOffset": [
    0.0006873530008627098,
    -0.00103771204294957
  ],
  "kOffset": [
    20000,
    20000
  ],
  "noiseAmp": 2.8527385280975902e-05,
  "colorMode": 0,
  "title": "Triumph of Bitcoin",
  "sourceId": "11e0ab1f653675211944593bb87d1b875050c2f328ab175595d2e7189da9b2f8i0",
  "variationId": 143,
  "outliers": [],
  "isOutlier": false
}