{
  "radius": 2.21,
  "cOffset": [
    0.00257,
    -0.000535
  ],
  "mOffset": [
    0.00149,
    -0.00401
  ],
  "yOffset": [
    -0.000385,
    -0.000231
  ],
  "kOffset": [
    20000,
    20000
  ],
  "noiseAmp": 7.7e-06,
  "inkStatus": 0,
  "title": "Triumph of Bitcoin",
  "wear": 63.5,
  "sourceId": "a4fca8cd68283460126b88cce9a4d7462917eae4e6c1a5f91300fb9280eae7dbi0",
  "variationId": 88,
  "outliers": [],
  "isOutlier": false
}