{
  "radius": 0.01451687221120021,
  "cOffset": [
    0.001660279059667821,
    0.0003696496503315172
  ],
  "mOffset": [
    -0.00032807072650365066,
    -0.002566878528789438
  ],
  "yOffset": [
    -0.0016614376818118515,
    8.062441065773154e-05
  ],
  "kOffset": [
    95.47100622195399,
    116.24690727394858
  ],
  "noiseAmp": 1.57975005237504e-07,
  "colorMode": 0,
  "sourceId": "fb9fad20ede2f27b013efe9b408e6be1b3ff546dfca53eac86c7e0f1a632d551i0",
  "variationId": 199,
  "outliers": [],
  "isOutlier": false
}