{
  "radius": 2.0986689111990557,
  "cOffset": [
    -0.0037153708269506585,
    0.003007677197062715
  ],
  "mOffset": [
    -0.001913036006562501,
    -0.004999609846443578
  ],
  "yOffset": [
    -0.0010575697160388998,
    -0.0023047502812560865
  ],
  "kOffset": [
    20000,
    20000
  ],
  "noiseAmp": 1.5174651561603049e-05,
  "colorMode": 0,
  "title": "Triumph of Bitcoin",
  "sourceId": "63594e1b8512a5ad3215acfb7470f181444c773c0953d875f9713fca3d896774i0",
  "variationId": 36,
  "outliers": [],
  "isOutlier": false
}