{
  "radius": 0.015048130612123383,
  "cOffset": [
    -0.0024239855635866904,
    -0.00032804675582701564
  ],
  "mOffset": [
    -0.0007134591081858458,
    0.0006156407574691115
  ],
  "yOffset": [
    -0.00036936751154045377,
    0.0007078651192280705
  ],
  "kOffset": [
    99.83127546878049,
    106.65967349493263
  ],
  "noiseAmp": 1.090271756082863e-06,
  "colorMode": 0,
  "sourceId": "ec11a3e19cb22adf6a880c63b1daf19568cf5a6717572bfd123d91f15fe4d241i0",
  "variationId": 159,
  "outliers": [],
  "isOutlier": false
}