{
  "radius": 2.3555623391649023,
  "cOffset": [
    -0.001058412123017814,
    -0.004722705017374068
  ],
  "mOffset": [
    -0.0026760712802673062,
    0.002233969620162565
  ],
  "yOffset": [
    -0.0020276896530963284,
    0.0015941208224225284
  ],
  "kOffset": [
    20000,
    20000
  ],
  "noiseAmp": 5.722659847229518e-06,
  "colorMode": 0,
  "title": "Triumph of Bitcoin",
  "sourceId": "fbab7ffde03428ed7c11dc268605241b6e33ea212229b03fb1d8f21e289fae54i0",
  "variationId": 17,
  "outliers": [],
  "isOutlier": false
}