{
  "radius": 2.1816358283279484,
  "cOffset": [
    -0.003951434286482848,
    -0.0013869498644707753
  ],
  "mOffset": [
    0.0003783156071269063,
    0.0017744308975786154
  ],
  "yOffset": [
    0.0011993071371960502,
    -0.0007798557716558795
  ],
  "kOffset": [
    20000,
    20000
  ],
  "noiseAmp": 1.1057887350334556e-05,
  "colorMode": 0,
  "title": "Triumph of Bitcoin",
  "sourceId": "fbab7ffde03428ed7c11dc268605241b6e33ea212229b03fb1d8f21e289fae54i0",
  "variationId": 12,
  "outliers": [],
  "isOutlier": false
}