{
  "radius": 0.01587642469912018,
  "cOffset": [
    0.003940647610082952,
    0.0001225074307811098
  ],
  "mOffset": [
    0.0037472399031518665,
    -0.00038032098909972245
  ],
  "yOffset": [
    0.0007694877113107942,
    0.0024997208656499666
  ],
  "kOffset": [
    105.96683461637562,
    97.05558802923845
  ],
  "noiseAmp": 1.3048685150142086e-06,
  "colorMode": 0,
  "sourceId": "fb9fad20ede2f27b013efe9b408e6be1b3ff546dfca53eac86c7e0f1a632d551i0",
  "variationId": 192,
  "outliers": [],
  "isOutlier": false
}