{
  "radius": 2.31,
  "cOffset": [
    -0.00181,
    -0.000912
  ],
  "mOffset": [
    0.00539,
    0.00139
  ],
  "yOffset": [
    0.00161,
    -0.000826
  ],
  "kOffset": [
    20000,
    20000
  ],
  "noiseAmp": 1.37e-06,
  "inkStatus": 0,
  "title": "Triumph of Bitcoin",
  "wear": 59.6,
  "sourceId": "fb9fad20ede2f27b013efe9b408e6be1b3ff546dfca53eac86c7e0f1a632d551i0",
  "variationId": 207,
  "outliers": [],
  "isOutlier": false
}