{
  "radius": 0.015304955803235714,
  "cOffset": [
    -0.0020389112531429966,
    0.00041000421509661505
  ],
  "mOffset": [
    -0.0023700670245397504,
    -0.0020574971807605425
  ],
  "yOffset": [
    -3.1674932796883235e-05,
    -0.0008215521466410393
  ],
  "kOffset": [
    98.19623888775193,
    103.24234066162029
  ],
  "noiseAmp": 1.7693564476701066e-06,
  "colorMode": 0,
  "sourceId": "b1ff3531357fc4703e14454c8cfc606c79f88f87f908ec0d34a3e7eb02a843adi0",
  "variationId": 294,
  "outliers": [],
  "isOutlier": false
}