{
  "radius": 2.19,
  "cOffset": [
    -0.00181,
    -0.00625
  ],
  "mOffset": [
    0.00233,
    -0.00671
  ],
  "yOffset": [
    -0.00291,
    -0.000132
  ],
  "kOffset": [
    20000,
    20000
  ],
  "noiseAmp": 9.37e-06,
  "inkStatus": 0,
  "title": "Triumph of Bitcoin",
  "wear": 42.7,
  "sourceId": "ba4b86348a6e7bad9deeb21752cf790694355b639650c679ce5b1c61feeab004i0",
  "variationId": 188,
  "outliers": [],
  "isOutlier": false
}