{
  "radius": 2.236773581528474,
  "cOffset": [
    -0.005811327657225334,
    -0.002301692405781535
  ],
  "mOffset": [
    -0.0020087251546119524,
    0.0014994438550334473
  ],
  "yOffset": [
    0.0031156837268731807,
    0.0009126180409754331
  ],
  "kOffset": [
    20000,
    20000
  ],
  "noiseAmp": 8.491243814716537e-06,
  "colorMode": 0,
  "title": "Triumph of Bitcoin",
  "sourceId": "fb9fad20ede2f27b013efe9b408e6be1b3ff546dfca53eac86c7e0f1a632d551i0",
  "variationId": 207,
  "outliers": [],
  "isOutlier": false
}