{
  "radius": 2.143971796293318,
  "cOffset": [
    1.0780909335673985e-07,
    -0.0025214772202842
  ],
  "mOffset": [
    0.007780371531917723,
    3.2561139858864136e-05
  ],
  "yOffset": [
    0.0003870918447414019,
    -0.002390117737724699
  ],
  "kOffset": [
    20000,
    20000
  ],
  "noiseAmp": 1.119339802260667e-05,
  "colorMode": 0,
  "title": "Triumph of Bitcoin",
  "sourceId": "ec11a3e19cb22adf6a880c63b1daf19568cf5a6717572bfd123d91f15fe4d241i0",
  "variationId": 153,
  "outliers": [],
  "isOutlier": false
}