{
  "radius": 2.51,
  "cOffset": [
    -0.000528,
    0.0017
  ],
  "mOffset": [
    -0.00576,
    -0.00121
  ],
  "yOffset": [
    -0.048,
    0.00301
  ],
  "kOffset": [
    20000,
    20000
  ],
  "noiseAmp": 2.99e-06,
  "inkStatus": 0,
  "title": "Triumph of Bitcoin",
  "sourceId": "11e0ab1f653675211944593bb87d1b875050c2f328ab175595d2e7189da9b2f8i0"
}