{
  "radius": 2.23,
  "cOffset": [
    -0.00205,
    0.00149
  ],
  "mOffset": [
    -0.0045,
    -0.00466
  ],
  "yOffset": [
    0.00117,
    0.000161
  ],
  "kOffset": [
    20000,
    20000
  ],
  "noiseAmp": 1.4e-05,
  "inkStatus": 0,
  "title": "Triumph of Bitcoin",
  "wear": 51.7,
  "sourceId": "ba4b86348a6e7bad9deeb21752cf790694355b639650c679ce5b1c61feeab004i0",
  "variationId": 181,
  "outliers": [],
  "isOutlier": false
}