{
  "radius": 2.13,
  "cOffset": [
    -0.00391,
    0.00141
  ],
  "mOffset": [
    -0.00134,
    -0.00452
  ],
  "yOffset": [
    -0.00255,
    -0.00305
  ],
  "kOffset": [
    20000,
    20000
  ],
  "noiseAmp": 1.24e-05,
  "inkStatus": 0,
  "title": "Triumph of Science",
  "sourceId": "6461c2a49eba6c8220bf472d9a504554a0592470f0cdddddb0969e896a1a6ca9i0"
}