{
  "radius": 0.015098700311634874,
  "cOffset": [
    0.0015813827056229465,
    -0.00022846472815608756
  ],
  "mOffset": [
    -0.002755294776726089,
    5.4353762623588445e-05
  ],
  "yOffset": [
    -0.002256377378557376,
    0.0011001846570477453
  ],
  "kOffset": [
    117.0693738919353,
    107.28507572464268
  ],
  "noiseAmp": 6.777088577514863e-07,
  "colorMode": 0,
  "sourceId": "7fcc33c4cb0081cfa85c5d1d541aad5d8c631debbb29c65c95f4d30137ed2aa0i0",
  "variationId": 263,
  "outliers": [],
  "isOutlier": false
}