{
  "radius": 2.2,
  "cOffset": [
    -0.00211,
    0.00154
  ],
  "mOffset": [
    0.00493,
    6.65e-05
  ],
  "yOffset": [
    -0.000809,
    -0.00423
  ],
  "kOffset": [
    20000,
    20000
  ],
  "noiseAmp": 1.72e-06,
  "inkStatus": 0,
  "title": "Triumph of Science",
  "sourceId": "b1ff3531357fc4703e14454c8cfc606c79f88f87f908ec0d34a3e7eb02a843adi0"
}