{
  "radius": 2.0,
  "cOffset": [
    -0.0014,
    0.00607
  ],
  "mOffset": [
    -0.00609,
    -0.00453
  ],
  "yOffset": [
    -0.0089,
    -0.00223
  ],
  "kOffset": [
    20000,
    20000
  ],
  "noiseAmp": 1.4e-05,
  "inkStatus": 0,
  "title": "Triumph of Bitcoin",
  "sourceId": "fb9fad20ede2f27b013efe9b408e6be1b3ff546dfca53eac86c7e0f1a632d551i0"
}