{
  "radius": 2.18,
  "cOffset": [
    0.024,
    -0.0508
  ],
  "mOffset": [
    -0.00219,
    -0.00151
  ],
  "yOffset": [
    -0.0209,
    0.0257
  ],
  "kOffset": [
    20000,
    20000
  ],
  "noiseAmp": 5.75e-06,
  "inkStatus": 0,
  "title": "Triumph of Bitcoin",
  "sourceId": "11e0ab1f653675211944593bb87d1b875050c2f328ab175595d2e7189da9b2f8i0"
}