{
  "radius": 2.17,
  "cOffset": [
    0.00181,
    0.0168
  ],
  "mOffset": [
    -0.00266,
    0.000588
  ],
  "yOffset": [
    -0.00329,
    -0.00159
  ],
  "kOffset": [
    20000,
    20000
  ],
  "noiseAmp": 1.67e-05,
  "inkStatus": 2,
  "title": "Triumph of Bitcoin",
  "wear": 31.5,
  "sourceId": "ba4b86348a6e7bad9deeb21752cf790694355b639650c679ce5b1c61feeab004i0",
  "variationId": 171,
  "outliers": [
    "inkStatus",
    "cOffset"
  ],
  "isOutlier": true
}