{
  "radius": 2.25,
  "cOffset": [
    -0.00214,
    -0.00462
  ],
  "mOffset": [
    0.00234,
    0.0029
  ],
  "yOffset": [
    -0.00198,
    -0.000548
  ],
  "kOffset": [
    20000,
    20000
  ],
  "noiseAmp": 7.58e-06,
  "inkStatus": 2,
  "title": "Triumph of Bitcoin",
  "wear": 47.7,
  "sourceId": "a4fca8cd68283460126b88cce9a4d7462917eae4e6c1a5f91300fb9280eae7dbi0",
  "variationId": 77,
  "outliers": [
    "inkStatus"
  ],
  "isOutlier": true
}