{
  "radius": 2.275231798224994,
  "cOffset": [
    -0.0002562036393586629,
    0.004294562967263267
  ],
  "mOffset": [
    -0.002466129194394493,
    0.0010214716286701339
  ],
  "yOffset": [
    -0.0014157037200050228,
    0.001834063426962953
  ],
  "kOffset": [
    20000,
    20000
  ],
  "noiseAmp": 1.0596557685206195e-05,
  "colorMode": 0,
  "title": "Triumph of Bitcoin",
  "sourceId": "7fcc33c4cb0081cfa85c5d1d541aad5d8c631debbb29c65c95f4d30137ed2aa0i0",
  "variationId": 241,
  "outliers": [],
  "isOutlier": false
}