{
  "radius": 2.1962447608125615,
  "cOffset": [
    -0.0007346847783867551,
    -0.0031522244600831286
  ],
  "mOffset": [
    -0.0026347844473848434,
    0.008678766862073235
  ],
  "yOffset": [
    -0.0010265749391659119,
    0.001883023213999058
  ],
  "kOffset": [
    20000,
    20000
  ],
  "noiseAmp": 1.103455346550451e-05,
  "colorMode": 0,
  "title": "Triumph of Bitcoin",
  "sourceId": "11e0ab1f653675211944593bb87d1b875050c2f328ab175595d2e7189da9b2f8i0",
  "variationId": 133,
  "outliers": [],
  "isOutlier": false
}