{
  "radius": 2.27,
  "cOffset": [
    -0.00272,
    -0.00162
  ],
  "mOffset": [
    0.00515,
    0.00047
  ],
  "yOffset": [
    0.0012,
    0.000634
  ],
  "kOffset": [
    20000,
    20000
  ],
  "noiseAmp": 5.93e-05,
  "inkStatus": 1,
  "title": "Triumph of Bitcoin",
  "wear": 38.2,
  "sourceId": "fbab7ffde03428ed7c11dc268605241b6e33ea212229b03fb1d8f21e289fae54i0",
  "variationId": 21,
  "outliers": [
    "inkStatus",
    "noiseAmp"
  ],
  "isOutlier": true
}