{
  "radius": 2.3,
  "cOffset": [
    0.000543,
    0.000861
  ],
  "mOffset": [
    0.00342,
    -0.00115
  ],
  "yOffset": [
    -0.00022,
    0.00456
  ],
  "kOffset": [
    20000,
    20000
  ],
  "noiseAmp": 1.2e-05,
  "inkStatus": 0,
  "title": "Triumph of Science",
  "sourceId": "b1ff3531357fc4703e14454c8cfc606c79f88f87f908ec0d34a3e7eb02a843adi0"
}