{
  "radius": 0.014410675571255593,
  "cOffset": [
    -0.00016817487213483667,
    0.0003638164504068136
  ],
  "mOffset": [
    -0.0018490407681690283,
    -0.004647842039204158
  ],
  "yOffset": [
    -0.002710101518337978,
    -0.0014473787134636198
  ],
  "kOffset": [
    108.26834294387477,
    97.64855604902334
  ],
  "noiseAmp": 4.061123521899417e-06,
  "colorMode": 0,
  "sourceId": "5f53dd709a8d2e350674d86679ff550763502a0ff8c2b567cefa4b52f736aa7fi0",
  "variationId": 48,
  "outliers": [
    "noiseAmp"
  ],
  "isOutlier": true
}