{
  "radius": 2.0063594103078812,
  "cOffset": [
    -0.003025097727339681,
    0.0027769069726159205
  ],
  "mOffset": [
    -0.0018820745164257115,
    -0.005101822008676301
  ],
  "yOffset": [
    -0.0011019909109661213,
    -0.0004968558862104927
  ],
  "kOffset": [
    20000,
    20000
  ],
  "noiseAmp": 5.61429212776195e-06,
  "colorMode": 0,
  "title": "Triumph of Bitcoin",
  "sourceId": "7fcc33c4cb0081cfa85c5d1d541aad5d8c631debbb29c65c95f4d30137ed2aa0i0",
  "variationId": 242,
  "outliers": [],
  "isOutlier": false
}