{
  "radius": 2.0,
  "cOffset": [
    -0.00353,
    -0.00308
  ],
  "mOffset": [
    0.00261,
    0.0064
  ],
  "yOffset": [
    0.00544,
    0.00295
  ],
  "kOffset": [
    20000,
    20000
  ],
  "noiseAmp": 1.02e-05,
  "inkStatus": 0,
  "title": "Triumph of Bitcoin",
  "wear": 45.0,
  "sourceId": "ff08f64a29c957c1f376ca1d35c2ccb5851379da3df9618b8108f55ed65dfb39i0",
  "variationId": 226,
  "outliers": [],
  "isOutlier": false
}