{
  "radius": 0.01558087257317576,
  "cOffset": [
    -0.005571305311424742,
    -0.00015712391277239535
  ],
  "mOffset": [
    -0.0006956124047754006,
    0.0037761576660207837
  ],
  "yOffset": [
    0.0012423446790724739,
    0.000829615370713301
  ],
  "kOffset": [
    95.7244040891925,
    109.34814626119363
  ],
  "noiseAmp": 2.077274979960514e-06,
  "colorMode": 0,
  "sourceId": "63594e1b8512a5ad3215acfb7470f181444c773c0953d875f9713fca3d896774i0",
  "variationId": 35,
  "outliers": [],
  "isOutlier": false
}