{
  "radius": 0.015342272724619329,
  "cOffset": [
    0.003388247825156628,
    -0.0003700111415988646
  ],
  "mOffset": [
    -0.001814696606905842,
    0.00545879025342966
  ],
  "yOffset": [
    -0.0011540484881614951,
    0.0016207825792785868
  ],
  "kOffset": [
    99.86532892033118,
    110.71993320233983
  ],
  "noiseAmp": 1.3528997694936465e-06,
  "colorMode": 0,
  "sourceId": "806d80e7cf7f39208eccf59102e0086d6b593dbe3152777ef31dfc869a02340fi0",
  "variationId": 331,
  "outliers": [],
  "isOutlier": false
}