{
  "radius": 2.2743324391610917,
  "cOffset": [
    0.0035288947843108986,
    0.0021702586264055797
  ],
  "mOffset": [
    -0.004265260293081937,
    -0.0024874310972074847
  ],
  "yOffset": [
    0.0025999594035774416,
    -0.0011388668469779538
  ],
  "kOffset": [
    20000,
    20000
  ],
  "noiseAmp": 2.04146476293942e-05,
  "colorMode": 0,
  "title": "Triumph of Bitcoin",
  "sourceId": "fb9fad20ede2f27b013efe9b408e6be1b3ff546dfca53eac86c7e0f1a632d551i0",
  "variationId": 202,
  "outliers": [],
  "isOutlier": false
}