{
  "radius": 2.2001131295537095,
  "cOffset": [
    -0.0012419561821754212,
    0.0030835340556466463
  ],
  "mOffset": [
    -0.004058088986112864,
    -0.0014186122814431594
  ],
  "yOffset": [
    0.0001335776491394615,
    0.0007105895948041783
  ],
  "kOffset": [
    20000,
    20000
  ],
  "noiseAmp": 2.1133869783728642e-05,
  "colorMode": 0,
  "title": "Triumph of Bitcoin",
  "sourceId": "fbab7ffde03428ed7c11dc268605241b6e33ea212229b03fb1d8f21e289fae54i0",
  "variationId": 8,
  "outliers": [],
  "isOutlier": false
}