{
  "radius": 2.088740427947242,
  "cOffset": [
    -0.000885739903168023,
    0.002391317593983094
  ],
  "mOffset": [
    0.0015317902773829312,
    -0.0022067116643203657
  ],
  "yOffset": [
    0.0016318386722802241,
    -0.0006443927304092485
  ],
  "kOffset": [
    20000,
    20000
  ],
  "noiseAmp": 1.2206967400695564e-05,
  "colorMode": 0,
  "title": "Triumph of Bitcoin",
  "sourceId": "fbab7ffde03428ed7c11dc268605241b6e33ea212229b03fb1d8f21e289fae54i0",
  "variationId": 20,
  "outliers": [],
  "isOutlier": false
}