{
  "radius": 1.99,
  "cOffset": [
    -0.000761,
    0.00107
  ],
  "mOffset": [
    0.000196,
    -0.00609
  ],
  "yOffset": [
    -0.00209,
    0.000367
  ],
  "kOffset": [
    20000,
    20000
  ],
  "noiseAmp": 3.39e-06,
  "inkStatus": 0,
  "title": "Triumph of Bitcoin",
  "sourceId": "a4fca8cd68283460126b88cce9a4d7462917eae4e6c1a5f91300fb9280eae7dbi0"
}