{
  "radius": 2.01,
  "cOffset": [
    -0.00195,
    -0.000458
  ],
  "mOffset": [
    -0.00202,
    0.00322
  ],
  "yOffset": [
    0.0024,
    0.00197
  ],
  "kOffset": [
    20000,
    20000
  ],
  "noiseAmp": 4.83e-06,
  "inkStatus": 0,
  "title": "Triumph of Science",
  "wear": 51.6,
  "sourceId": "6461c2a49eba6c8220bf472d9a504554a0592470f0cdddddb0969e896a1a6ca9i0",
  "variationId": 279,
  "outliers": [],
  "isOutlier": false
}