{
  "radius": 0.015338908352397623,
  "cOffset": [
    -0.0018466080834907482,
    -0.0004353007979792239
  ],
  "mOffset": [
    0.00613074642524154,
    -0.002044326992016877
  ],
  "yOffset": [
    -0.0009533736611313879,
    -0.0007443753257923587
  ],
  "kOffset": [
    105.55015428390138,
    102.32196574562712
  ],
  "noiseAmp": 3.9587109200032235e-07,
  "colorMode": 0,
  "sourceId": "b1ff3531357fc4703e14454c8cfc606c79f88f87f908ec0d34a3e7eb02a843adi0",
  "variationId": 302,
  "outliers": [],
  "isOutlier": false
}