{
  "radius": 2.16,
  "cOffset": [
    0.00289,
    -0.000123
  ],
  "mOffset": [
    -0.00281,
    0.00477
  ],
  "yOffset": [
    0.00398,
    -0.00131
  ],
  "kOffset": [
    20000,
    20000
  ],
  "noiseAmp": 1.39e-05,
  "inkStatus": 0,
  "title": "Triumph of Bitcoin",
  "sourceId": "ec11a3e19cb22adf6a880c63b1daf19568cf5a6717572bfd123d91f15fe4d241i0"
}