{
  "radius": 0.014984178089411984,
  "cOffset": [
    -5.637226916059299e-05,
    0.00015439435102184478
  ],
  "mOffset": [
    0.0005406107474733957,
    -0.003752576749802183
  ],
  "yOffset": [
    -0.0006549591445532739,
    0.0014154242813094922
  ],
  "kOffset": [
    101.73705884160262,
    104.7706191459924
  ],
  "noiseAmp": 1.284070296346126e-06,
  "colorMode": 0,
  "sourceId": "806d80e7cf7f39208eccf59102e0086d6b593dbe3152777ef31dfc869a02340fi0",
  "variationId": 321,
  "outliers": [],
  "isOutlier": false
}