{
  "radius": 2.2,
  "cOffset": [
    -0.00265,
    -0.00894
  ],
  "mOffset": [
    0.00102,
    0.00329
  ],
  "yOffset": [
    0.00566,
    -0.0053
  ],
  "kOffset": [
    20000,
    20000
  ],
  "noiseAmp": 3.35e-06,
  "inkStatus": 0,
  "title": "Triumph of Bitcoin",
  "sourceId": "fbab7ffde03428ed7c11dc268605241b6e33ea212229b03fb1d8f21e289fae54i0"
}