{
  "radius": 2.2,
  "cOffset": [
    -0.00705,
    -0.00381
  ],
  "mOffset": [
    0.00586,
    -0.00123
  ],
  "yOffset": [
    0.00348,
    0.00476
  ],
  "kOffset": [
    20000,
    20000
  ],
  "noiseAmp": 3.98e-06,
  "inkStatus": 0,
  "title": "Triumph of Bitcoin",
  "sourceId": "fbab7ffde03428ed7c11dc268605241b6e33ea212229b03fb1d8f21e289fae54i0"
}