{
  "radius": 2.05,
  "cOffset": [
    0.00214,
    -0.000416
  ],
  "mOffset": [
    -0.000285,
    -6.36e-05
  ],
  "yOffset": [
    0.00266,
    0.00207
  ],
  "kOffset": [
    20000,
    20000
  ],
  "noiseAmp": 2.41e-06,
  "inkStatus": 3,
  "title": "Triumph of Bitcoin",
  "sourceId": "11e0ab1f653675211944593bb87d1b875050c2f328ab175595d2e7189da9b2f8i0"
}