{
  "radius": 2.1,
  "cOffset": [
    -0.000621,
    0.00148
  ],
  "mOffset": [
    -0.00168,
    -0.00453
  ],
  "yOffset": [
    -0.000573,
    -0.0024
  ],
  "kOffset": [
    20000,
    20000
  ],
  "noiseAmp": 7.66e-06,
  "inkStatus": 4,
  "title": "Triumph of Bitcoin",
  "wear": 60.6,
  "sourceId": "63594e1b8512a5ad3215acfb7470f181444c773c0953d875f9713fca3d896774i0",
  "variationId": 39,
  "outliers": [
    "inkStatus"
  ],
  "isOutlier": true
}