{
  "radius": 2.29,
  "cOffset": [
    0.00208,
    -0.00233
  ],
  "mOffset": [
    -0.00221,
    -0.000346
  ],
  "yOffset": [
    0.00276,
    -0.00528
  ],
  "kOffset": [
    20000,
    20000
  ],
  "noiseAmp": 1.26e-06,
  "inkStatus": 0,
  "title": "Triumph of Bitcoin",
  "sourceId": "11e0ab1f653675211944593bb87d1b875050c2f328ab175595d2e7189da9b2f8i0"
}