{
  "radius": 2.15,
  "cOffset": [
    -0.00323,
    0.00312
  ],
  "mOffset": [
    -0.00148,
    0.000181
  ],
  "yOffset": [
    -0.000362,
    -0.00662
  ],
  "kOffset": [
    20000,
    20000
  ],
  "noiseAmp": 8.03e-06,
  "inkStatus": 0,
  "title": "Triumph of Bitcoin",
  "sourceId": "63594e1b8512a5ad3215acfb7470f181444c773c0953d875f9713fca3d896774i0"
}