{
  "radius": 0.014733764422374831,
  "cOffset": [
    -0.0009119286217385455,
    -0.00011815289754970951
  ],
  "mOffset": [
    0.00370570517958518,
    0.002531453244621244
  ],
  "yOffset": [
    -0.002143653767081727,
    0.00023560732397010482
  ],
  "kOffset": [
    94.04524695506979,
    103.74885430017977
  ],
  "noiseAmp": 2.9992494424935347e-07,
  "colorMode": 0,
  "sourceId": "806d80e7cf7f39208eccf59102e0086d6b593dbe3152777ef31dfc869a02340fi0",
  "variationId": 316,
  "outliers": [],
  "isOutlier": false
}