{
  "radius": 0.014892676160225209,
  "cOffset": [
    0.0013846798443581066,
    0.0002894518712150888
  ],
  "mOffset": [
    0.0003622668211589556,
    0.002987249534329149
  ],
  "yOffset": [
    -0.00019499971214207711,
    -0.0015709526510805706
  ],
  "kOffset": [
    113.2030499011278,
    89.94119105973448
  ],
  "noiseAmp": 4.245861554283654e-07,
  "colorMode": 0,
  "sourceId": "ec11a3e19cb22adf6a880c63b1daf19568cf5a6717572bfd123d91f15fe4d241i0",
  "variationId": 156,
  "outliers": [],
  "isOutlier": false
}