{
  "radius": 0.015208224661831554,
  "cOffset": [
    -0.00416266540420013,
    -3.1838068352403655e-05
  ],
  "mOffset": [
    -0.004294418066541331,
    0.0019430562181172925
  ],
  "yOffset": [
    0.0014376227859326286,
    -3.044215048224698e-05
  ],
  "kOffset": [
    109.30300851526484,
    101.13831966095364
  ],
  "noiseAmp": 7.424089003170085e-07,
  "colorMode": 0,
  "sourceId": "ff08f64a29c957c1f376ca1d35c2ccb5851379da3df9618b8108f55ed65dfb39i0",
  "variationId": 225,
  "outliers": [],
  "isOutlier": false
}