{
  "radius": 2.36,
  "cOffset": [
    -0.00253,
    0.00403
  ],
  "mOffset": [
    0.00191,
    -0.000212
  ],
  "yOffset": [
    -0.00063,
    0.000721
  ],
  "kOffset": [
    20000,
    20000
  ],
  "noiseAmp": 6.35e-07,
  "inkStatus": 4,
  "title": "Triumph of Bitcoin",
  "wear": 45.3,
  "sourceId": "fbab7ffde03428ed7c11dc268605241b6e33ea212229b03fb1d8f21e289fae54i0",
  "variationId": 11,
  "outliers": [
    "inkStatus"
  ],
  "isOutlier": true
}