{
  "radius": 0.015922879752615814,
  "cOffset": [
    -0.0026626420367070964,
    0.00023425674277080665
  ],
  "mOffset": [
    -0.0027490434548776074,
    0.0021639606602272365
  ],
  "yOffset": [
    -0.0011968461620492838,
    1.2549042688676524e-05
  ],
  "kOffset": [
    87.65206417110133,
    84.41087085367747
  ],
  "noiseAmp": 1.0638344271258697e-06,
  "colorMode": 0,
  "sourceId": "b1ff3531357fc4703e14454c8cfc606c79f88f87f908ec0d34a3e7eb02a843adi0",
  "variationId": 295,
  "outliers": [],
  "isOutlier": false
}