{
  "radius": 1.9877291670628725,
  "cOffset": [
    -0.0019523723787212676,
    0.0015619600201779913
  ],
  "mOffset": [
    0.0022545886817176195,
    -0.003567276566060009
  ],
  "yOffset": [
    -0.004196031134053474,
    -0.0007515528484538132
  ],
  "kOffset": [
    20000,
    20000
  ],
  "noiseAmp": 7.75132420556589e-06,
  "colorMode": 0,
  "title": "Triumph of Bitcoin",
  "sourceId": "cf3ae616cfa57b2304a43445a0025e16d1c36943ed15cb1af5898185cf0d88efi0",
  "variationId": 111,
  "outliers": [],
  "isOutlier": false
}