{
  "radius": 2.14,
  "cOffset": [
    -0.000325,
    0.0023
  ],
  "mOffset": [
    -0.00842,
    0.000546
  ],
  "yOffset": [
    -0.00156,
    -0.000235
  ],
  "kOffset": [
    20000,
    20000
  ],
  "noiseAmp": 1.63e-05,
  "inkStatus": 0,
  "title": "Triumph of Bitcoin",
  "wear": 60.0,
  "sourceId": "ff08f64a29c957c1f376ca1d35c2ccb5851379da3df9618b8108f55ed65dfb39i0",
  "variationId": 235,
  "outliers": [],
  "isOutlier": false
}