{
  "radius": 0.014273756553502326,
  "cOffset": [
    0.0032229031494216266,
    0.00011662714556308397
  ],
  "mOffset": [
    -0.00026456358295203256,
    -0.005595204365052092
  ],
  "yOffset": [
    -0.0008517139463257899,
    0.0022591923567998125
  ],
  "kOffset": [
    111.22852528293362,
    108.22586105052125
  ],
  "noiseAmp": 7.110044549149048e-08,
  "colorMode": 0,
  "sourceId": "fbab7ffde03428ed7c11dc268605241b6e33ea212229b03fb1d8f21e289fae54i0",
  "variationId": 4,
  "outliers": [],
  "isOutlier": false
}