{
  "radius": 2.264999643854453,
  "cOffset": [
    0.0015556616831918343,
    -0.0003281957997081788
  ],
  "mOffset": [
    0.002217569539822642,
    0.0021692950054070462
  ],
  "yOffset": [
    -0.004289097227092464,
    -0.002123695153202648
  ],
  "kOffset": [
    20000,
    20000
  ],
  "noiseAmp": 1.020160976442421e-05,
  "colorMode": 0,
  "title": "Triumph of Bitcoin",
  "sourceId": "ec11a3e19cb22adf6a880c63b1daf19568cf5a6717572bfd123d91f15fe4d241i0",
  "variationId": 145,
  "outliers": [],
  "isOutlier": false
}