{
  "radius": 0.015813578797063993,
  "cOffset": [
    -0.00025394006548709207,
    0.00018939849159979437
  ],
  "mOffset": [
    0.00032154532754013175,
    -0.0025947500592638567
  ],
  "yOffset": [
    -9.591264894819123e-06,
    0.001201164857995412
  ],
  "kOffset": [
    102.94221112018812,
    100.42866500642643
  ],
  "noiseAmp": 3.4727641097579013e-07,
  "colorMode": 0,
  "sourceId": "5f53dd709a8d2e350674d86679ff550763502a0ff8c2b567cefa4b52f736aa7fi0",
  "variationId": 59,
  "outliers": [],
  "isOutlier": false
}