{
  "radius": 0.015207965202713784,
  "cOffset": [
    -0.0006843381497753742,
    -3.6735109748902735e-05
  ],
  "mOffset": [
    0.004855959105158274,
    -0.0009329360147336118
  ],
  "yOffset": [
    0.0010917245462575313,
    0.00013427320515212648
  ],
  "kOffset": [
    100.086416177083,
    99.30597572725884
  ],
  "noiseAmp": 1.8452464950764425e-07,
  "colorMode": 0,
  "sourceId": "b1ff3531357fc4703e14454c8cfc606c79f88f87f908ec0d34a3e7eb02a843adi0",
  "variationId": 288,
  "outliers": [],
  "isOutlier": false
}