{
  "radius": 2.17,
  "cOffset": [
    0.00226,
    0.000247
  ],
  "mOffset": [
    0.0011,
    -0.000319
  ],
  "yOffset": [
    0.00498,
    -0.000822
  ],
  "kOffset": [
    20000,
    20000
  ],
  "noiseAmp": 9.93e-06,
  "inkStatus": 0,
  "title": "Triumph of Science",
  "wear": 63.7,
  "sourceId": "6461c2a49eba6c8220bf472d9a504554a0592470f0cdddddb0969e896a1a6ca9i0",
  "variationId": 276,
  "outliers": [],
  "isOutlier": false
}