{
  "radius": 0.014828189383563355,
  "cOffset": [
    -0.0006492580838816969,
    0.0005810977333576658
  ],
  "mOffset": [
    -5.516102476971037e-05,
    0.0014242447423600153
  ],
  "yOffset": [
    -0.0008003602160495079,
    0.0008268612174601446
  ],
  "kOffset": [
    100.515332852881,
    92.61683258875304
  ],
  "noiseAmp": 4.028675273166734e-07,
  "colorMode": 0,
  "sourceId": "ba4b86348a6e7bad9deeb21752cf790694355b639650c679ce5b1c61feeab004i0",
  "variationId": 187,
  "outliers": [],
  "isOutlier": false
}