{
  "radius": 0.014513439086668046,
  "cOffset": [
    -0.0011304415322378443,
    -0.00026943788529175963
  ],
  "mOffset": [
    0.006228061485898717,
    0.0019587661704890285
  ],
  "yOffset": [
    0.00035602270909990396,
    0.0003980463800281505
  ],
  "kOffset": [
    94.01385564341138,
    85.21443681369072
  ],
  "noiseAmp": 9.375930709603903e-07,
  "colorMode": 0,
  "sourceId": "6461c2a49eba6c8220bf472d9a504554a0592470f0cdddddb0969e896a1a6ca9i0",
  "variationId": 274,
  "outliers": [],
  "isOutlier": false
}