{
  "radius": 2.23,
  "cOffset": [
    -0.00401,
    -0.000882
  ],
  "mOffset": [
    -0.00217,
    0.0024
  ],
  "yOffset": [
    0.00174,
    -0.00281
  ],
  "kOffset": [
    20000,
    20000
  ],
  "noiseAmp": 1.12e-05,
  "inkStatus": 0,
  "title": "Triumph of Science",
  "sourceId": "6461c2a49eba6c8220bf472d9a504554a0592470f0cdddddb0969e896a1a6ca9i0"
}