{
  "radius": 0.015572230356453868,
  "cOffset": [
    0.0007425087929515583,
    5.3156409821145265e-05
  ],
  "mOffset": [
    -0.00023571256091561334,
    0.001075501060296088
  ],
  "yOffset": [
    -0.0013929358615912754,
    -0.001231933172171959
  ],
  "kOffset": [
    93.07523570781956,
    83.38729757553168
  ],
  "noiseAmp": 9.543558800888793e-07,
  "colorMode": 0,
  "sourceId": "ec11a3e19cb22adf6a880c63b1daf19568cf5a6717572bfd123d91f15fe4d241i0",
  "variationId": 158,
  "outliers": [],
  "isOutlier": false
}