{
  "radius": 2.27,
  "cOffset": [
    0.00413,
    0.00158
  ],
  "mOffset": [
    0.000573,
    -0.00176
  ],
  "yOffset": [
    0.00355,
    -0.00276
  ],
  "kOffset": [
    20000,
    20000
  ],
  "noiseAmp": 7.2e-06,
  "inkStatus": 0,
  "title": "Triumph of Science",
  "sourceId": "b1ff3531357fc4703e14454c8cfc606c79f88f87f908ec0d34a3e7eb02a843adi0"
}