{
  "radius": 1.86,
  "cOffset": [
    0.00234,
    -0.00164
  ],
  "mOffset": [
    -0.00863,
    0.00113
  ],
  "yOffset": [
    -0.00377,
    -0.00225
  ],
  "kOffset": [
    20000,
    20000
  ],
  "noiseAmp": 1.36e-05,
  "inkStatus": 0,
  "title": "Triumph of Bitcoin",
  "sourceId": "ff08f64a29c957c1f376ca1d35c2ccb5851379da3df9618b8108f55ed65dfb39i0"
}