{
  "radius": 2.199613184567879,
  "cOffset": [
    -0.0014303257827050627,
    0.0016725459220035552
  ],
  "mOffset": [
    0.0003167649271756839,
    0.002359406546984115
  ],
  "yOffset": [
    -0.001485129701296432,
    -0.0012518350813484405
  ],
  "kOffset": [
    20000,
    20000
  ],
  "noiseAmp": 1.4818583460280805e-05,
  "colorMode": 0,
  "title": "Triumph of Bitcoin",
  "sourceId": "11e0ab1f653675211944593bb87d1b875050c2f328ab175595d2e7189da9b2f8i0",
  "variationId": 137,
  "outliers": [],
  "isOutlier": false
}