{
  "radius": 0.0673575612724195,
  "cOffset": [
    0.021692378856813195,
    -0.004636889469833858
  ],
  "mOffset": [
    -0.13378612001287496,
    0.04559144521188652
  ],
  "yOffset": [
    0.0027174469534880833,
    0.009555085986081315
  ],
  "kOffset": [
    103.52076635662891,
    89.18000228792215
  ],
  "noiseAmp": 1.4877963221693816e-06,
  "colorMode": 0,
  "sourceId": "5f53dd709a8d2e350674d86679ff550763502a0ff8c2b567cefa4b52f736aa7fi0",
  "variationId": 51,
  "outliers": [
    "mOffset",
    "radius",
    "cOffset",
    "yOffset"
  ],
  "isOutlier": true
}