{
  "radius": 2.202320416235588,
  "cOffset": [
    -0.0007238946459466871,
    -0.0020740315044697473
  ],
  "mOffset": [
    -0.025010234862342245,
    0.07454874892975466
  ],
  "yOffset": [
    0.00040442989946243757,
    -0.0035457056657174496
  ],
  "kOffset": [
    20000,
    20000
  ],
  "noiseAmp": 4.9958246003033055e-06,
  "colorMode": 0,
  "title": "Triumph of Bitcoin",
  "sourceId": "ec11a3e19cb22adf6a880c63b1daf19568cf5a6717572bfd123d91f15fe4d241i0",
  "variationId": 147,
  "outliers": [
    "mOffset"
  ],
  "isOutlier": true
}