{
  "radius": 2.38,
  "cOffset": [
    -0.00343,
    0.00148
  ],
  "mOffset": [
    -0.004,
    0.00347
  ],
  "yOffset": [
    -0.00433,
    0.00135
  ],
  "kOffset": [
    20000,
    20000
  ],
  "noiseAmp": 0.000186,
  "inkStatus": 0,
  "title": "Triumph of Bitcoin",
  "sourceId": "fb9fad20ede2f27b013efe9b408e6be1b3ff546dfca53eac86c7e0f1a632d551i0"
}