{
  "radius": 0.015072229854982973,
  "cOffset": [
    0.0018731819933591287,
    -0.00022095751906880867
  ],
  "mOffset": [
    -0.0033452958011429656,
    -0.003715700661085223
  ],
  "yOffset": [
    -0.0006695469956859572,
    0.0010933177571559494
  ],
  "kOffset": [
    76.26846045155283,
    93.86108798495324
  ],
  "noiseAmp": 1.3237371832778599e-06,
  "colorMode": 0,
  "sourceId": "ba4b86348a6e7bad9deeb21752cf790694355b639650c679ce5b1c61feeab004i0",
  "variationId": 169,
  "outliers": [],
  "isOutlier": false
}