{
  "radius": 2.1376542157666036,
  "cOffset": [
    0.0033105102789445346,
    0.000248074858888987
  ],
  "mOffset": [
    0.0027474646769861406,
    -0.00355596910169041
  ],
  "yOffset": [
    -0.0030355718585036093,
    -0.0005835969260175731
  ],
  "kOffset": [
    20000,
    20000
  ],
  "noiseAmp": 1.4122978406002441e-05,
  "colorMode": 0,
  "title": "Triumph of Bitcoin",
  "sourceId": "5f53dd709a8d2e350674d86679ff550763502a0ff8c2b567cefa4b52f736aa7fi0",
  "variationId": 52,
  "outliers": [],
  "isOutlier": false
}