{
  "radius": 2.1930945264455124,
  "cOffset": [
    -0.00283062482503505,
    0.00043232923054417047
  ],
  "mOffset": [
    -0.0011570416556078806,
    0.0065171674746520684
  ],
  "yOffset": [
    0.0009351844807551831,
    0.0014199751791011005
  ],
  "kOffset": [
    20000,
    20000
  ],
  "noiseAmp": 4.672170370065757e-06,
  "colorMode": 0,
  "title": "Triumph of Bitcoin",
  "sourceId": "7fcc33c4cb0081cfa85c5d1d541aad5d8c631debbb29c65c95f4d30137ed2aa0i0",
  "variationId": 244,
  "outliers": [],
  "isOutlier": false
}