{
  "radius": 2.04,
  "cOffset": [
    0.000975,
    0.000636
  ],
  "mOffset": [
    -0.0031,
    0.00434
  ],
  "yOffset": [
    -0.0022,
    0.00439
  ],
  "kOffset": [
    20000,
    20000
  ],
  "noiseAmp": 6.53e-06,
  "inkStatus": 2,
  "title": "Triumph of Bitcoin",
  "wear": 30.6,
  "sourceId": "11e0ab1f653675211944593bb87d1b875050c2f328ab175595d2e7189da9b2f8i0",
  "variationId": 123,
  "outliers": [
    "inkStatus"
  ],
  "isOutlier": true
}