{
  "radius": 0.014755335421153077,
  "cOffset": [
    0.0019674990609692376,
    -0.00011000842342633509
  ],
  "mOffset": [
    -0.00859270774906514,
    0.004317218224028395
  ],
  "yOffset": [
    0.0023258421373842032,
    -0.00045184884118719106
  ],
  "kOffset": [
    84.96459660122993,
    115.34275685694006
  ],
  "noiseAmp": 2.3345037062917918e-06,
  "colorMode": 0,
  "sourceId": "b1ff3531357fc4703e14454c8cfc606c79f88f87f908ec0d34a3e7eb02a843adi0",
  "variationId": 305,
  "outliers": [],
  "isOutlier": false
}