{
  "radius": 2.315492215801918,
  "cOffset": [
    -0.002958056156299491,
    -0.0020152032563541355
  ],
  "mOffset": [
    -0.0005844714584384653,
    -0.005300745990465582
  ],
  "yOffset": [
    0.002392971931690448,
    0.0013957314067797805
  ],
  "kOffset": [
    20000,
    20000
  ],
  "noiseAmp": 1.2903822380606437e-05,
  "colorMode": 0,
  "title": "Triumph of Bitcoin",
  "sourceId": "11e0ab1f653675211944593bb87d1b875050c2f328ab175595d2e7189da9b2f8i0",
  "variationId": 138,
  "outliers": [],
  "isOutlier": false
}