{
  "radius": 2.29,
  "cOffset": [
    0.00467,
    0.00332
  ],
  "mOffset": [
    -0.00429,
    -0.00923
  ],
  "yOffset": [
    -0.000348,
    -0.00046
  ],
  "kOffset": [
    20000,
    20000
  ],
  "noiseAmp": 6.22e-06,
  "inkStatus": 0,
  "title": "Triumph of Bitcoin",
  "wear": 60.6,
  "sourceId": "ff08f64a29c957c1f376ca1d35c2ccb5851379da3df9618b8108f55ed65dfb39i0",
  "variationId": 229,
  "outliers": [],
  "isOutlier": false
}