{
  "radius": 0.015132606843205536,
  "cOffset": [
    0.0033207669477250848,
    -4.562976929312596e-05
  ],
  "mOffset": [
    0.0002552328580659531,
    0.005362251092718295
  ],
  "yOffset": [
    -0.0011711739750675883,
    -4.774167777029422e-05
  ],
  "kOffset": [
    117.69986876426945,
    75.87443757605035
  ],
  "noiseAmp": 1.4385748505429832e-06,
  "colorMode": 0,
  "sourceId": "806d80e7cf7f39208eccf59102e0086d6b593dbe3152777ef31dfc869a02340fi0",
  "variationId": 319,
  "outliers": [],
  "isOutlier": false
}