{
  "radius": 2.08,
  "cOffset": [
    0.000156,
    -0.00158
  ],
  "mOffset": [
    0.00266,
    0.00506
  ],
  "yOffset": [
    0.000459,
    -0.0033
  ],
  "kOffset": [
    20000,
    20000
  ],
  "noiseAmp": 9.5e-06,
  "inkStatus": 0,
  "title": "Triumph of Science",
  "wear": 67.7,
  "sourceId": "806d80e7cf7f39208eccf59102e0086d6b593dbe3152777ef31dfc869a02340fi0",
  "variationId": 330,
  "outliers": [],
  "isOutlier": false
}