{
  "radius": 2.2147488105131914,
  "cOffset": [
    0.022806705528611845,
    0.09067092980762241
  ],
  "mOffset": [
    0.07866538519702901,
    -0.04832158743255732
  ],
  "yOffset": [
    -0.0002869478357150142,
    0.0008275371116301355
  ],
  "kOffset": [
    20000,
    20000
  ],
  "noiseAmp": 1.1458835598630342e-05,
  "colorMode": 0,
  "title": "Triumph of Science",
  "sourceId": "6461c2a49eba6c8220bf472d9a504554a0592470f0cdddddb0969e896a1a6ca9i0",
  "variationId": 271,
  "outliers": [
    "cOffset",
    "mOffset"
  ],
  "isOutlier": true
}