{
  "radius": 2.28,
  "cOffset": [
    0.000483,
    0.00113
  ],
  "mOffset": [
    0.00213,
    -0.0071
  ],
  "yOffset": [
    0.00537,
    0.00136
  ],
  "kOffset": [
    20000,
    20000
  ],
  "noiseAmp": 2.36e-05,
  "inkStatus": 0,
  "title": "Triumph of Science",
  "sourceId": "6461c2a49eba6c8220bf472d9a504554a0592470f0cdddddb0969e896a1a6ca9i0"
}