{
  "radius": 2.284416979247426,
  "cOffset": [
    0.029974796567086376,
    0.013373743095025982
  ],
  "mOffset": [
    -0.0023653490311245757,
    0.00014982716855539843
  ],
  "yOffset": [
    0.0016361664614155918,
    0.00034750445500023654
  ],
  "kOffset": [
    20000,
    20000
  ],
  "noiseAmp": 1.2086247400907966e-05,
  "colorMode": 0,
  "title": "Triumph of Bitcoin",
  "sourceId": "fb9fad20ede2f27b013efe9b408e6be1b3ff546dfca53eac86c7e0f1a632d551i0",
  "variationId": 199,
  "outliers": [
    "cOffset"
  ],
  "isOutlier": true
}