{
  "radius": 2.38,
  "cOffset": [
    0.000708,
    -0.000538
  ],
  "mOffset": [
    -0.000553,
    -0.00211
  ],
  "yOffset": [
    0.00216,
    0.00303
  ],
  "kOffset": [
    20000,
    20000
  ],
  "noiseAmp": 1.35e-05,
  "inkStatus": 0,
  "title": "Triumph of Bitcoin",
  "sourceId": "63594e1b8512a5ad3215acfb7470f181444c773c0953d875f9713fca3d896774i0"
}