{
  "radius": 0.015242102849054452,
  "cOffset": [
    -0.0006712519107163246,
    0.0006608984989390845
  ],
  "mOffset": [
    0.002416789882408801,
    -0.007937041644919726
  ],
  "yOffset": [
    0.0011320125605310605,
    0.0013889618263304227
  ],
  "kOffset": [
    102.81308584210706,
    88.03777575788884
  ],
  "noiseAmp": 1.1216202535260063e-06,
  "colorMode": 0,
  "sourceId": "ba4b86348a6e7bad9deeb21752cf790694355b639650c679ce5b1c61feeab004i0",
  "variationId": 185,
  "outliers": [],
  "isOutlier": false
}