{
  "radius": 2.0104803167587586,
  "cOffset": [
    -0.0005577647366770624,
    0.0012402056212030292
  ],
  "mOffset": [
    -0.0010937127920993288,
    -0.001058355089797967
  ],
  "yOffset": [
    0.005107244584858461,
    -0.003980250792369459
  ],
  "kOffset": [
    20000,
    20000
  ],
  "noiseAmp": 1.4153457148651775e-05,
  "colorMode": 0,
  "title": "Triumph of Science",
  "sourceId": "b1ff3531357fc4703e14454c8cfc606c79f88f87f908ec0d34a3e7eb02a843adi0",
  "variationId": 302,
  "outliers": [],
  "isOutlier": false
}