{
  "radius": 2.4,
  "cOffset": [
    -0.00247,
    -0.00178
  ],
  "mOffset": [
    -0.00227,
    -0.00626
  ],
  "yOffset": [
    -0.00107,
    -0.00145
  ],
  "kOffset": [
    20000,
    20000
  ],
  "noiseAmp": 8.51e-06,
  "inkStatus": 0,
  "title": "Triumph of Bitcoin",
  "wear": 37.3,
  "sourceId": "cf3ae616cfa57b2304a43445a0025e16d1c36943ed15cb1af5898185cf0d88efi0",
  "variationId": 116,
  "outliers": [],
  "isOutlier": false
}