{
  "radius": 0.014130914005508049,
  "cOffset": [
    0.003438150173003128,
    -0.00018231047432841583
  ],
  "mOffset": [
    -0.0020625307233535744,
    0.0001333736505846195
  ],
  "yOffset": [
    -0.00030506153071587345,
    0.0014508379982676564
  ],
  "kOffset": [
    97.45512802428296,
    96.15825958252563
  ],
  "noiseAmp": 7.682197738114305e-07,
  "colorMode": 0,
  "sourceId": "806d80e7cf7f39208eccf59102e0086d6b593dbe3152777ef31dfc869a02340fi0",
  "variationId": 326,
  "outliers": [],
  "isOutlier": false
}