{
  "radius": 0.014793684339360048,
  "cOffset": [
    -0.005013705233789485,
    0.0003377943456990974
  ],
  "mOffset": [
    -0.0008919630073360367,
    0.002810745787849507
  ],
  "yOffset": [
    0.0011540084100951774,
    0.0012105417998894117
  ],
  "kOffset": [
    98.44185330571831,
    95.89188637628517
  ],
  "noiseAmp": 2.0388834822970156e-06,
  "colorMode": 0,
  "sourceId": "ba4b86348a6e7bad9deeb21752cf790694355b639650c679ce5b1c61feeab004i0",
  "variationId": 183,
  "outliers": [],
  "isOutlier": false
}