{
  "radius": 2.226277532407735,
  "cOffset": [
    -0.0012105952156136663,
    0.0028462945812777756
  ],
  "mOffset": [
    0.07982110234664161,
    -0.010488437262982653
  ],
  "yOffset": [
    0.0009594411404895876,
    0.0013790938524136703
  ],
  "kOffset": [
    20000,
    20000
  ],
  "noiseAmp": 9.250537583876067e-06,
  "colorMode": 0,
  "title": "Triumph of Bitcoin",
  "sourceId": "cf3ae616cfa57b2304a43445a0025e16d1c36943ed15cb1af5898185cf0d88efi0",
  "variationId": 100,
  "outliers": [
    "mOffset"
  ],
  "isOutlier": true
}