{
  "radius": 2.11,
  "cOffset": [
    0.00225,
    -0.00196
  ],
  "mOffset": [
    0.00185,
    0.0056
  ],
  "yOffset": [
    -0.000895,
    0.00509
  ],
  "kOffset": [
    20000,
    20000
  ],
  "noiseAmp": 8.13e-06,
  "inkStatus": 0,
  "title": "Triumph of Bitcoin",
  "wear": 46.6,
  "sourceId": "fbab7ffde03428ed7c11dc268605241b6e33ea212229b03fb1d8f21e289fae54i0",
  "variationId": 12,
  "outliers": [],
  "isOutlier": false
}