{
  "radius": 2.19,
  "cOffset": [
    0.00345,
    -0.00202
  ],
  "mOffset": [
    -0.00912,
    0.00814
  ],
  "yOffset": [
    -0.00168,
    0.00613
  ],
  "kOffset": [
    20000,
    20000
  ],
  "noiseAmp": 3.71e-06,
  "inkStatus": 0,
  "title": "Triumph of Bitcoin",
  "sourceId": "ff08f64a29c957c1f376ca1d35c2ccb5851379da3df9618b8108f55ed65dfb39i0"
}