{
  "radius": 2.229303415748566,
  "cOffset": [
    -0.004457820242360107,
    0.0012488785372424276
  ],
  "mOffset": [
    0.0023994633860255996,
    0.007138998080536618
  ],
  "yOffset": [
    0.0008952597828992483,
    0.004659375305014314
  ],
  "kOffset": [
    20000,
    20000
  ],
  "noiseAmp": 1.109214003566703e-06,
  "colorMode": 0,
  "title": "Triumph of Bitcoin",
  "sourceId": "fb9fad20ede2f27b013efe9b408e6be1b3ff546dfca53eac86c7e0f1a632d551i0",
  "variationId": 198,
  "outliers": [],
  "isOutlier": false
}