{
  "radius": 2.3719067292893894,
  "cOffset": [
    -0.045386055248834954,
    0.01831531708277341
  ],
  "mOffset": [
    0.002499521230239331,
    0.001249533913848372
  ],
  "yOffset": [
    -0.0015712486323764166,
    -0.0011294837945667142
  ],
  "kOffset": [
    20000,
    20000
  ],
  "noiseAmp": 1.2600414886174115e-05,
  "colorMode": 0,
  "title": "Triumph of Science",
  "sourceId": "b1ff3531357fc4703e14454c8cfc606c79f88f87f908ec0d34a3e7eb02a843adi0",
  "variationId": 293,
  "outliers": [
    "cOffset"
  ],
  "isOutlier": true
}