{
  "radius": 0.015875088911949865,
  "cOffset": [
    -0.026749622035888845,
    -0.0004939222525683391
  ],
  "mOffset": [
    0.005495391202838573,
    -0.0019951530331794843
  ],
  "yOffset": [
    0.004761704189874567,
    0.0010905207090880185
  ],
  "kOffset": [
    115.41309575078961,
    100.11088819629879
  ],
  "noiseAmp": 1.665984209032273e-06,
  "colorMode": 0,
  "sourceId": "6461c2a49eba6c8220bf472d9a504554a0592470f0cdddddb0969e896a1a6ca9i0",
  "variationId": 264,
  "outliers": [
    "yOffset",
    "cOffset"
  ],
  "isOutlier": true
}