{
  "radius": 2.27,
  "cOffset": [
    0.0211,
    -0.0156
  ],
  "mOffset": [
    5.68e-05,
    -0.00878
  ],
  "yOffset": [
    -0.000178,
    -0.00175
  ],
  "kOffset": [
    20000,
    20000
  ],
  "noiseAmp": 1.37e-05,
  "inkStatus": 6,
  "title": "Triumph of Science",
  "wear": 45.0,
  "sourceId": "6461c2a49eba6c8220bf472d9a504554a0592470f0cdddddb0969e896a1a6ca9i0",
  "variationId": 268,
  "outliers": [
    "inkStatus",
    "cOffset"
  ],
  "isOutlier": true
}