{
  "radius": 0.01464479559516936,
  "cOffset": [
    0.0009716538294611721,
    0.00013969411486389077
  ],
  "mOffset": [
    0.004053553163494253,
    0.005066840275066507
  ],
  "yOffset": [
    -0.002095206141839649,
    -0.002294501187078316
  ],
  "kOffset": [
    103.52682463563603,
    90.29061420392098
  ],
  "noiseAmp": 5.288341872538128e-07,
  "colorMode": 0,
  "sourceId": "fb9fad20ede2f27b013efe9b408e6be1b3ff546dfca53eac86c7e0f1a632d551i0",
  "variationId": 205,
  "outliers": [],
  "isOutlier": false
}