{
  "radius": 0.015837805115477617,
  "cOffset": [
    -0.0014623414184208742,
    5.512595676694708e-05
  ],
  "mOffset": [
    -0.0018426119333569604,
    0.005168738595138248
  ],
  "yOffset": [
    0.0020407151145560975,
    0.001574925060144275
  ],
  "kOffset": [
    78.05060774555793,
    108.13493913712871
  ],
  "noiseAmp": 8.197190195773478e-07,
  "colorMode": 0,
  "sourceId": "cf3ae616cfa57b2304a43445a0025e16d1c36943ed15cb1af5898185cf0d88efi0",
  "variationId": 108,
  "outliers": [],
  "isOutlier": false
}