{
  "radius": 2.22,
  "cOffset": [
    -0.00154,
    0.00142
  ],
  "mOffset": [
    0.000147,
    0.00638
  ],
  "yOffset": [
    -0.00262,
    -0.00422
  ],
  "kOffset": [
    20000,
    20000
  ],
  "noiseAmp": 1.09e-05,
  "inkStatus": 0,
  "title": "Triumph of Bitcoin",
  "wear": 54.7,
  "sourceId": "7fcc33c4cb0081cfa85c5d1d541aad5d8c631debbb29c65c95f4d30137ed2aa0i0",
  "variationId": 252,
  "outliers": [],
  "isOutlier": false
}