{
  "radius": 2.2679375814168994,
  "cOffset": [
    -0.0019934710022494794,
    -0.003623704208016647
  ],
  "mOffset": [
    0.0018136929858330979,
    0.0019052089578034024
  ],
  "yOffset": [
    0.002069280595190051,
    -0.004702347523978994
  ],
  "kOffset": [
    20000,
    20000
  ],
  "noiseAmp": 5.0305361992486e-06,
  "colorMode": 0,
  "title": "Triumph of Bitcoin",
  "sourceId": "ec11a3e19cb22adf6a880c63b1daf19568cf5a6717572bfd123d91f15fe4d241i0",
  "variationId": 146,
  "outliers": [],
  "isOutlier": false
}