{
  "radius": 0.014906139990537949,
  "cOffset": [
    0.0002127286978302093,
    0.0002433721717358851
  ],
  "mOffset": [
    -0.003693659170995476,
    -0.00453172275346727
  ],
  "yOffset": [
    0.0020987601959428347,
    0.00020530657639246313
  ],
  "kOffset": [
    97.99615089727104,
    115.53441226985015
  ],
  "noiseAmp": 2.6901512853332176e-06,
  "colorMode": 0,
  "sourceId": "7fcc33c4cb0081cfa85c5d1d541aad5d8c631debbb29c65c95f4d30137ed2aa0i0",
  "variationId": 251,
  "outliers": [],
  "isOutlier": false
}