{
  "radius": 0.014787123040499952,
  "cOffset": [
    -0.0008977940115681644,
    -0.00038965455404601406
  ],
  "mOffset": [
    -0.003842265677519986,
    0.0024937218664319093
  ],
  "yOffset": [
    -0.00037179209764186895,
    -0.0008809784919720626
  ],
  "kOffset": [
    82.98562980835186,
    104.85949353329111
  ],
  "noiseAmp": 5.346559355008524e-07,
  "colorMode": 0,
  "sourceId": "a4fca8cd68283460126b88cce9a4d7462917eae4e6c1a5f91300fb9280eae7dbi0",
  "variationId": 84,
  "outliers": [],
  "isOutlier": false
}