{
  "radius": 0.015275656900983984,
  "cOffset": [
    0.005000098143581472,
    0.00010724604930246201
  ],
  "mOffset": [
    0.002379581198621362,
    -0.0005593635209236368
  ],
  "yOffset": [
    -1.5240154388244932e-05,
    0.0005359867686890511
  ],
  "kOffset": [
    111.93476313942816,
    111.15836425643869
  ],
  "noiseAmp": 2.3283982941465693e-07,
  "colorMode": 0,
  "sourceId": "ff08f64a29c957c1f376ca1d35c2ccb5851379da3df9618b8108f55ed65dfb39i0",
  "variationId": 227,
  "outliers": [],
  "isOutlier": false
}