{
  "radius": 0.015378255190144983,
  "cOffset": [
    -0.00019469948709293692,
    -8.94218920406074e-05
  ],
  "mOffset": [
    -0.0029384440981896705,
    0.006673382161228115
  ],
  "yOffset": [
    -0.0011412944953187595,
    -0.0007210185502702354
  ],
  "kOffset": [
    102.96382938147367,
    96.18979208063658
  ],
  "noiseAmp": 5.718548512526188e-07,
  "colorMode": 0,
  "sourceId": "5f53dd709a8d2e350674d86679ff550763502a0ff8c2b567cefa4b52f736aa7fi0",
  "variationId": 52,
  "outliers": [],
  "isOutlier": false
}