{
  "radius": 2.215939809746652,
  "cOffset": [
    0.005978352096006749,
    0.002544242705288955
  ],
  "mOffset": [
    0.046182931402180084,
    -0.044188850605234004
  ],
  "yOffset": [
    0.009485010592494555,
    0.0027126420579109177
  ],
  "kOffset": [
    20000,
    20000
  ],
  "noiseAmp": 9.629845435535712e-06,
  "colorMode": 0,
  "title": "Triumph of Bitcoin",
  "sourceId": "cf3ae616cfa57b2304a43445a0025e16d1c36943ed15cb1af5898185cf0d88efi0",
  "variationId": 101,
  "outliers": [
    "yOffset",
    "mOffset"
  ],
  "isOutlier": true
}