{
  "radius": 0.06456457489612295,
  "cOffset": [
    0.03328862962459682,
    -0.006357956341162124
  ],
  "mOffset": [
    0.0006584960001537773,
    0.0010245104261725664
  ],
  "yOffset": [
    -0.0013691768078950204,
    7.378880262869009e-05
  ],
  "kOffset": [
    127.30703977573836,
    87.0142224322873
  ],
  "noiseAmp": 1.0888341602890549e-07,
  "colorMode": 4,
  "sourceId": "fbab7ffde03428ed7c11dc268605241b6e33ea212229b03fb1d8f21e289fae54i0",
  "variationId": 15,
  "outliers": [
    "colorMode",
    "radius",
    "cOffset"
  ],
  "isOutlier": true
}