{
  "radius": 2.1750076513377805,
  "cOffset": [
    -0.00016116820137090042,
    -0.002230505954758746
  ],
  "mOffset": [
    -0.0005007529590144764,
    -0.002621807657222508
  ],
  "yOffset": [
    -0.004850093828436893,
    8.045032163576489e-05
  ],
  "kOffset": [
    20000,
    20000
  ],
  "noiseAmp": 5.66812168445831e-06,
  "colorMode": 0,
  "title": "Triumph of Bitcoin",
  "sourceId": "fb9fad20ede2f27b013efe9b408e6be1b3ff546dfca53eac86c7e0f1a632d551i0",
  "variationId": 209,
  "outliers": [],
  "isOutlier": false
}