{
  "radius": 2.1000079502186457,
  "cOffset": [
    0.0009026577455564615,
    0.0033954246345377437
  ],
  "mOffset": [
    0.0030144461009780376,
    -0.003645738905651925
  ],
  "yOffset": [
    -0.003213105731409502,
    -0.0021272475077422372
  ],
  "kOffset": [
    20000,
    20000
  ],
  "noiseAmp": 9.831257731224464e-06,
  "colorMode": 0,
  "title": "Triumph of Bitcoin",
  "sourceId": "ff08f64a29c957c1f376ca1d35c2ccb5851379da3df9618b8108f55ed65dfb39i0",
  "variationId": 226,
  "outliers": [],
  "isOutlier": false
}