{
  "radius": 2.02,
  "cOffset": [
    -0.0347,
    0.00172
  ],
  "mOffset": [
    0.0115,
    -0.072
  ],
  "yOffset": [
    0.00243,
    -0.00123
  ],
  "kOffset": [
    20000,
    20000
  ],
  "noiseAmp": 1.44e-05,
  "inkStatus": 0,
  "title": "Triumph of Bitcoin",
  "sourceId": "cf3ae616cfa57b2304a43445a0025e16d1c36943ed15cb1af5898185cf0d88efi0"
}