{
  "radius": 0.01402263474852653,
  "cOffset": [
    -0.003568874082302684,
    4.9310256299334824e-05
  ],
  "mOffset": [
    -0.0004270069880145201,
    -0.005548683083047157
  ],
  "yOffset": [
    -0.000875459065919907,
    0.0006088000126246409
  ],
  "kOffset": [
    114.6184999213412,
    106.27732097271922
  ],
  "noiseAmp": 1.5194629964776332e-06,
  "colorMode": 0,
  "sourceId": "63594e1b8512a5ad3215acfb7470f181444c773c0953d875f9713fca3d896774i0",
  "variationId": 33,
  "outliers": [],
  "isOutlier": false
}