{
  "radius": 2.18,
  "cOffset": [
    -0.00323,
    0.00107
  ],
  "mOffset": [
    0.00198,
    0.00351
  ],
  "yOffset": [
    -0.00406,
    -0.00572
  ],
  "kOffset": [
    20000,
    20000
  ],
  "noiseAmp": 6.42e-06,
  "inkStatus": 0,
  "title": "Triumph of Bitcoin",
  "sourceId": "ba4b86348a6e7bad9deeb21752cf790694355b639650c679ce5b1c61feeab004i0"
}