{
  "radius": 2.131674265242594,
  "cOffset": [
    0.0011089074753643509,
    0.00526518113563076
  ],
  "mOffset": [
    -0.0007502444680923646,
    -0.0028016205832780998
  ],
  "yOffset": [
    0.0021483649704413525,
    0.00103619280811924
  ],
  "kOffset": [
    20000,
    20000
  ],
  "noiseAmp": 3.099884472982338e-06,
  "colorMode": 0,
  "title": "Triumph of Bitcoin",
  "sourceId": "7fcc33c4cb0081cfa85c5d1d541aad5d8c631debbb29c65c95f4d30137ed2aa0i0",
  "variationId": 259,
  "outliers": [],
  "isOutlier": false
}