{
  "radius": 0.016030136311519325,
  "cOffset": [
    0.0015776904624903326,
    0.00016442812129501517
  ],
  "mOffset": [
    0.006101356203082503,
    0.0026207559272812702
  ],
  "yOffset": [
    -0.00044423786192618927,
    0.0005457652606348652
  ],
  "kOffset": [
    106.8611901928776,
    99.78192356041716
  ],
  "noiseAmp": 7.415679999279426e-07,
  "colorMode": 0,
  "sourceId": "fb9fad20ede2f27b013efe9b408e6be1b3ff546dfca53eac86c7e0f1a632d551i0",
  "variationId": 212,
  "outliers": [],
  "isOutlier": false
}