{
  "radius": 2.12,
  "cOffset": [
    0.000653,
    8.28e-05
  ],
  "mOffset": [
    0.0119,
    0.00727
  ],
  "yOffset": [
    -0.00198,
    -0.00398
  ],
  "kOffset": [
    20000,
    20000
  ],
  "noiseAmp": 9.09e-06,
  "inkStatus": 0,
  "title": "Triumph of Science",
  "sourceId": "806d80e7cf7f39208eccf59102e0086d6b593dbe3152777ef31dfc869a02340fi0"
}