{
  "radius": 2.248219315244212,
  "cOffset": [
    0.002386704182859957,
    -0.0014892805625185718
  ],
  "mOffset": [
    -0.0001152349001795999,
    0.004278751507283634
  ],
  "yOffset": [
    -0.0011670234472860965,
    0.0038014337293322095
  ],
  "kOffset": [
    20000,
    20000
  ],
  "noiseAmp": 2.0424657140913225e-05,
  "colorMode": 0,
  "title": "Triumph of Science",
  "sourceId": "b1ff3531357fc4703e14454c8cfc606c79f88f87f908ec0d34a3e7eb02a843adi0",
  "variationId": 296,
  "outliers": [],
  "isOutlier": false
}