{
  "radius": 0.014144639816474302,
  "cOffset": [
    -0.0016277716512574925,
    0.0001236129781665488
  ],
  "mOffset": [
    -0.0008731579456204166,
    -0.0036712580270372823
  ],
  "yOffset": [
    -0.0003868135466629882,
    0.0002826851961971561
  ],
  "kOffset": [
    100.12079273524326,
    107.84806165987987
  ],
  "noiseAmp": 6.405348502001112e-07,
  "colorMode": 0,
  "sourceId": "fb9fad20ede2f27b013efe9b408e6be1b3ff546dfca53eac86c7e0f1a632d551i0",
  "variationId": 215,
  "outliers": [],
  "isOutlier": false
}