{
  "radius": 0.01478978073820938,
  "cOffset": [
    0.029625281771592925,
    -0.0007753106988943332
  ],
  "mOffset": [
    -0.021280068482496587,
    -0.02276156291097836
  ],
  "yOffset": [
    0.002209387727095362,
    0.0008808020973022714
  ],
  "kOffset": [
    87.02885349189359,
    105.77447161261412
  ],
  "noiseAmp": 1.2439608086938398e-05,
  "colorMode": 0,
  "sourceId": "7fcc33c4cb0081cfa85c5d1d541aad5d8c631debbb29c65c95f4d30137ed2aa0i0",
  "variationId": 247,
  "outliers": [
    "mOffset",
    "noiseAmp",
    "cOffset"
  ],
  "isOutlier": true
}