{
  "radius": 2.2319212668618973,
  "cOffset": [
    -0.0033858054481110847,
    -0.0008668246797396045
  ],
  "mOffset": [
    -0.004650763363575011,
    0.0007448434726875911
  ],
  "yOffset": [
    0.000622812808007479,
    -0.0021398627722623424
  ],
  "kOffset": [
    20000,
    20000
  ],
  "noiseAmp": 8.352590997197236e-06,
  "colorMode": 0,
  "title": "Triumph of Bitcoin",
  "sourceId": "cf3ae616cfa57b2304a43445a0025e16d1c36943ed15cb1af5898185cf0d88efi0",
  "variationId": 113,
  "outliers": [],
  "isOutlier": false
}