{
  "radius": 0.014955951640779796,
  "cOffset": [
    0.0017218576753738877,
    -0.0004854149433516495
  ],
  "mOffset": [
    -0.006847079695199941,
    -0.0062272054442368075
  ],
  "yOffset": [
    -0.0019370638832500653,
    0.000749597941081257
  ],
  "kOffset": [
    99.60534423696545,
    97.10660490563444
  ],
  "noiseAmp": 4.247666921451805e-07,
  "colorMode": 0,
  "sourceId": "6461c2a49eba6c8220bf472d9a504554a0592470f0cdddddb0969e896a1a6ca9i0",
  "variationId": 265,
  "outliers": [],
  "isOutlier": false
}