{
  "radius": 2.14,
  "cOffset": [
    -0.00208,
    0.00252
  ],
  "mOffset": [
    0.000867,
    -0.00231
  ],
  "yOffset": [
    -0.00012,
    -0.00267
  ],
  "kOffset": [
    20000,
    20000
  ],
  "noiseAmp": 1.57e-05,
  "inkStatus": 3,
  "title": "Triumph of Science",
  "wear": 50.3,
  "sourceId": "6461c2a49eba6c8220bf472d9a504554a0592470f0cdddddb0969e896a1a6ca9i0",
  "variationId": 270,
  "outliers": [
    "inkStatus"
  ],
  "isOutlier": true
}