{
  "radius": 2.04,
  "cOffset": [
    1.05e-07,
    0.0032
  ],
  "mOffset": [
    -0.00499,
    -0.00326
  ],
  "yOffset": [
    -0.00171,
    0.0046
  ],
  "kOffset": [
    20000,
    20000
  ],
  "noiseAmp": 8.12e-06,
  "inkStatus": 0,
  "title": "Triumph of Bitcoin",
  "sourceId": "fb9fad20ede2f27b013efe9b408e6be1b3ff546dfca53eac86c7e0f1a632d551i0"
}