{
  "radius": 2.22,
  "cOffset": [
    0.0032,
    0.00782
  ],
  "mOffset": [
    0.00543,
    0.00346
  ],
  "yOffset": [
    0.00186,
    0.000672
  ],
  "kOffset": [
    20000,
    20000
  ],
  "noiseAmp": 5e-06,
  "inkStatus": 0,
  "title": "Triumph of Bitcoin",
  "sourceId": "fb9fad20ede2f27b013efe9b408e6be1b3ff546dfca53eac86c7e0f1a632d551i0"
}