{
  "radius": 2.1651427129702476,
  "cOffset": [
    -0.001962432650332894,
    0.0008348860624465458
  ],
  "mOffset": [
    -0.005471430293067681,
    -0.0008130375462537253
  ],
  "yOffset": [
    -0.002334864237794897,
    -0.0012047438051743541
  ],
  "kOffset": [
    20000,
    20000
  ],
  "noiseAmp": 5.599926552586596e-06,
  "colorMode": 0,
  "title": "Triumph of Bitcoin",
  "sourceId": "ba4b86348a6e7bad9deeb21752cf790694355b639650c679ce5b1c61feeab004i0",
  "variationId": 172,
  "outliers": [],
  "isOutlier": false
}