{
  "radius": 2.2,
  "cOffset": [
    0.00367,
    0.00092
  ],
  "mOffset": [
    0.00395,
    -0.000292
  ],
  "yOffset": [
    0.00105,
    0.00217
  ],
  "kOffset": [
    20000,
    20000
  ],
  "noiseAmp": 1.07e-05,
  "inkStatus": 0,
  "title": "Triumph of Bitcoin",
  "sourceId": "63594e1b8512a5ad3215acfb7470f181444c773c0953d875f9713fca3d896774i0"
}