{
  "radius": 0.015381089844534691,
  "cOffset": [
    -0.0062128191398110625,
    -0.0003054082344424617
  ],
  "mOffset": [
    0.001917994671080114,
    0.0020622363457743283
  ],
  "yOffset": [
    -0.00030049663944401914,
    0.00017218517554784288
  ],
  "kOffset": [
    113.62329779829956,
    118.38054414611493
  ],
  "noiseAmp": 5.251930204152397e-07,
  "colorMode": 0,
  "sourceId": "cf3ae616cfa57b2304a43445a0025e16d1c36943ed15cb1af5898185cf0d88efi0",
  "variationId": 110,
  "outliers": [],
  "isOutlier": false
}