{
  "radius": 2.2549816203189534,
  "cOffset": [
    0.003576392203372803,
    0.003112842557976578
  ],
  "mOffset": [
    -0.010016558445821503,
    0.00045110765322291734
  ],
  "yOffset": [
    0.0007172446700974114,
    0.0014669848625812815
  ],
  "kOffset": [
    20000,
    20000
  ],
  "noiseAmp": 2.2631663407539462e-06,
  "colorMode": 0,
  "title": "Triumph of Bitcoin",
  "sourceId": "7fcc33c4cb0081cfa85c5d1d541aad5d8c631debbb29c65c95f4d30137ed2aa0i0",
  "variationId": 243,
  "outliers": [],
  "isOutlier": false
}