{
  "radius": 2.28,
  "cOffset": [
    0.00255,
    4.65e-05
  ],
  "mOffset": [
    0.00545,
    0.00378
  ],
  "yOffset": [
    0.00124,
    -0.000161
  ],
  "kOffset": [
    20000,
    20000
  ],
  "noiseAmp": 6.8e-06,
  "inkStatus": 0,
  "title": "Triumph of Science",
  "sourceId": "6461c2a49eba6c8220bf472d9a504554a0592470f0cdddddb0969e896a1a6ca9i0"
}