{
  "radius": 0.015558667244764917,
  "cOffset": [
    0.00062157734122495,
    0.0001713456542019415
  ],
  "mOffset": [
    -0.002467938037508524,
    8.078011288506838e-05
  ],
  "yOffset": [
    -0.0005062263068747182,
    -0.002928944175820872
  ],
  "kOffset": [
    97.61716169310182,
    102.25995474073956
  ],
  "noiseAmp": 2.6830437000421057e-06,
  "colorMode": 0,
  "sourceId": "b1ff3531357fc4703e14454c8cfc606c79f88f87f908ec0d34a3e7eb02a843adi0",
  "variationId": 307,
  "outliers": [],
  "isOutlier": false
}