{
  "radius": 2.51,
  "cOffset": [
    0.00308,
    0.00244
  ],
  "mOffset": [
    0.0042,
    -0.00462
  ],
  "yOffset": [
    -0.00086,
    -0.00448
  ],
  "kOffset": [
    20000,
    20000
  ],
  "noiseAmp": 1.06e-05,
  "inkStatus": 0,
  "title": "Triumph of Bitcoin",
  "sourceId": "cf3ae616cfa57b2304a43445a0025e16d1c36943ed15cb1af5898185cf0d88efi0"
}