{
  "radius": 0.015098652924008695,
  "cOffset": [
    0.0011245752412861218,
    -0.00038417556071262846
  ],
  "mOffset": [
    -0.0016465600278897238,
    -0.0036422767340202767
  ],
  "yOffset": [
    -0.0014299950107570603,
    -0.002910666037266028
  ],
  "kOffset": [
    89.45754142321215,
    92.21034120144188
  ],
  "noiseAmp": 8.309125256540537e-07,
  "colorMode": 0,
  "sourceId": "7fcc33c4cb0081cfa85c5d1d541aad5d8c631debbb29c65c95f4d30137ed2aa0i0",
  "variationId": 241,
  "outliers": [],
  "isOutlier": false
}