{
  "radius": 2.1903684651815576,
  "cOffset": [
    -0.0036670004106851566,
    -0.0065868043944129154
  ],
  "mOffset": [
    0.04969420864677487,
    0.007426992927392503
  ],
  "yOffset": [
    -0.0006126302436872403,
    0.002379566874485381
  ],
  "kOffset": [
    20000,
    20000
  ],
  "noiseAmp": 2.8456701293379573e-05,
  "colorMode": 4,
  "title": "Triumph of Bitcoin",
  "sourceId": "63594e1b8512a5ad3215acfb7470f181444c773c0953d875f9713fca3d896774i0",
  "variationId": 31,
  "outliers": [
    "colorMode",
    "mOffset"
  ],
  "isOutlier": true
}