{
  "radius": 2.44,
  "cOffset": [
    0.00221,
    -0.00348
  ],
  "mOffset": [
    -0.0019,
    -0.00218
  ],
  "yOffset": [
    0.00296,
    0.00464
  ],
  "kOffset": [
    20000,
    20000
  ],
  "noiseAmp": 3.72e-06,
  "inkStatus": 0,
  "title": "Triumph of Bitcoin",
  "sourceId": "a4fca8cd68283460126b88cce9a4d7462917eae4e6c1a5f91300fb9280eae7dbi0"
}