{
  "radius": 2.0947748972662734,
  "cOffset": [
    -0.0026163758172987528,
    -0.0013660116092040339
  ],
  "mOffset": [
    1.5493656574867085e-05,
    0.00027031956170687344
  ],
  "yOffset": [
    -0.0010636021473443798,
    0.0025451686507494977
  ],
  "kOffset": [
    20000,
    20000
  ],
  "noiseAmp": 9.341723305789641e-06,
  "colorMode": 0,
  "title": "Triumph of Bitcoin",
  "sourceId": "a4fca8cd68283460126b88cce9a4d7462917eae4e6c1a5f91300fb9280eae7dbi0",
  "variationId": 86,
  "outliers": [],
  "isOutlier": false
}