{
  "radius": 2.2161873832141388,
  "cOffset": [
    -0.000712228567667803,
    0.0005313990496954424
  ],
  "mOffset": [
    0.006040452035216224,
    0.0059454251786286525
  ],
  "yOffset": [
    -0.0008751050771177928,
    -0.00038375105311451115
  ],
  "kOffset": [
    20000,
    20000
  ],
  "noiseAmp": 9.48363137570357e-06,
  "colorMode": 0,
  "title": "Triumph of Bitcoin",
  "sourceId": "a4fca8cd68283460126b88cce9a4d7462917eae4e6c1a5f91300fb9280eae7dbi0",
  "variationId": 72,
  "outliers": [],
  "isOutlier": false
}