{
  "radius": 2.16,
  "cOffset": [
    -0.00495,
    -0.00252
  ],
  "mOffset": [
    0.00585,
    0.00267
  ],
  "yOffset": [
    -0.00129,
    0.0015
  ],
  "kOffset": [
    20000,
    20000
  ],
  "noiseAmp": 1.7e-05,
  "inkStatus": 0,
  "title": "Triumph of Bitcoin",
  "wear": 36.2,
  "sourceId": "ff08f64a29c957c1f376ca1d35c2ccb5851379da3df9618b8108f55ed65dfb39i0",
  "variationId": 239,
  "outliers": [],
  "isOutlier": false
}