{
  "radius": 2.27,
  "cOffset": [
    0.00308,
    -0.000243
  ],
  "mOffset": [
    0.00201,
    0.000744
  ],
  "yOffset": [
    0.00556,
    0.00503
  ],
  "kOffset": [
    20000,
    20000
  ],
  "noiseAmp": 9.22e-06,
  "inkStatus": 0,
  "title": "Triumph of Bitcoin",
  "sourceId": "11e0ab1f653675211944593bb87d1b875050c2f328ab175595d2e7189da9b2f8i0"
}