{
  "radius": 2.13,
  "cOffset": [
    -0.00027,
    -0.000199
  ],
  "mOffset": [
    0.00914,
    0.000469
  ],
  "yOffset": [
    0.000105,
    -0.00156
  ],
  "kOffset": [
    20000,
    20000
  ],
  "noiseAmp": 1.13e-05,
  "inkStatus": 0,
  "title": "Triumph of Bitcoin",
  "sourceId": "ba4b86348a6e7bad9deeb21752cf790694355b639650c679ce5b1c61feeab004i0"
}