{
  "radius": 2.1662460096646883,
  "cOffset": [
    0.0017300843030049107,
    0.0004743790472675922
  ],
  "mOffset": [
    -0.006555226120872506,
    -0.002598317838945861
  ],
  "yOffset": [
    -0.002998213583395784,
    0.0009457059242143137
  ],
  "kOffset": [
    20000,
    20000
  ],
  "noiseAmp": 5.7310045862520204e-06,
  "colorMode": 0,
  "title": "Triumph of Bitcoin",
  "sourceId": "63594e1b8512a5ad3215acfb7470f181444c773c0953d875f9713fca3d896774i0",
  "variationId": 30,
  "outliers": [],
  "isOutlier": false
}