{
  "radius": 2.18,
  "cOffset": [
    -0.00102,
    0.00099
  ],
  "mOffset": [
    -0.0041,
    -0.00779
  ],
  "yOffset": [
    -0.000208,
    0.00161
  ],
  "kOffset": [
    20000,
    20000
  ],
  "noiseAmp": 4.05e-05,
  "inkStatus": 0,
  "title": "Triumph of Science",
  "wear": 51.1,
  "sourceId": "6461c2a49eba6c8220bf472d9a504554a0592470f0cdddddb0969e896a1a6ca9i0",
  "variationId": 264,
  "outliers": [
    "noiseAmp"
  ],
  "isOutlier": true
}