{
  "radius": 2.20170923567044,
  "cOffset": [
    -0.0023729725886825464,
    -0.0003574108407150261
  ],
  "mOffset": [
    -0.006173279748736594,
    -0.0021625961055425267
  ],
  "yOffset": [
    0.004135508433399266,
    0.0008012639069064775
  ],
  "kOffset": [
    20000,
    20000
  ],
  "noiseAmp": 2.173722864325652e-07,
  "colorMode": 0,
  "title": "Triumph of Bitcoin",
  "sourceId": "5f53dd709a8d2e350674d86679ff550763502a0ff8c2b567cefa4b52f736aa7fi0",
  "variationId": 55,
  "outliers": [],
  "isOutlier": false
}