{
  "radius": 2.4,
  "cOffset": [
    0.00043,
    0.00206
  ],
  "mOffset": [
    -0.000473,
    -0.00337
  ],
  "yOffset": [
    0.00137,
    5.98e-05
  ],
  "kOffset": [
    20000,
    20000
  ],
  "noiseAmp": 3.43e-06,
  "inkStatus": 1,
  "title": "Triumph of Science",
  "wear": 53.3,
  "sourceId": "6461c2a49eba6c8220bf472d9a504554a0592470f0cdddddb0969e896a1a6ca9i0",
  "variationId": 281,
  "outliers": [
    "inkStatus"
  ],
  "isOutlier": true
}