{
  "radius": 0.016670956953392876,
  "cOffset": [
    0.015570524088213782,
    -0.001985121020117288
  ],
  "mOffset": [
    -0.0036898198811720143,
    -0.0032851007146386777
  ],
  "yOffset": [
    0.0007879387695628558,
    0.0007839335708357883
  ],
  "kOffset": [
    103.93193599261008,
    105.25659664528158
  ],
  "noiseAmp": 3.63280171418526e-07,
  "colorMode": 3,
  "sourceId": "5f53dd709a8d2e350674d86679ff550763502a0ff8c2b567cefa4b52f736aa7fi0",
  "variationId": 60,
  "outliers": [
    "colorMode",
    "cOffset"
  ],
  "isOutlier": true
}