{
  "radius": 0.06687243154823988,
  "cOffset": [
    0.0066676771540137925,
    0.00023994772237925256
  ],
  "mOffset": [
    0.002656051279686221,
    0.0010125786144857373
  ],
  "yOffset": [
    0.02202288892567593,
    0.0013488672891292827
  ],
  "kOffset": [
    72.40381582192109,
    109.57779376685673
  ],
  "noiseAmp": 1.3468870708742903e-06,
  "colorMode": 0,
  "sourceId": "63594e1b8512a5ad3215acfb7470f181444c773c0953d875f9713fca3d896774i0",
  "variationId": 34,
  "outliers": [
    "cOffset",
    "radius",
    "yOffset"
  ],
  "isOutlier": true
}