{
  "radius": 0.0150827838005513,
  "cOffset": [
    -8.581816149925982e-05,
    0.0005270700174642797
  ],
  "mOffset": [
    0.0004734912823791266,
    -0.002333516739315472
  ],
  "yOffset": [
    0.00345873313656734,
    0.00035082813126825925
  ],
  "kOffset": [
    95.29803214113352,
    113.89325557826993
  ],
  "noiseAmp": 1.3951867247109907e-06,
  "colorMode": 0,
  "sourceId": "6461c2a49eba6c8220bf472d9a504554a0592470f0cdddddb0969e896a1a6ca9i0",
  "variationId": 271,
  "outliers": [],
  "isOutlier": false
}