{
  "radius": 2.1,
  "cOffset": [
    0.00197,
    -0.00065
  ],
  "mOffset": [
    -0.00238,
    -0.00701
  ],
  "yOffset": [
    0.00252,
    0.00193
  ],
  "kOffset": [
    20000,
    20000
  ],
  "noiseAmp": 3.33e-06,
  "inkStatus": 4,
  "title": "Triumph of Science",
  "wear": 41.7,
  "sourceId": "b1ff3531357fc4703e14454c8cfc606c79f88f87f908ec0d34a3e7eb02a843adi0",
  "variationId": 305,
  "outliers": [
    "inkStatus"
  ],
  "isOutlier": true
}