{
  "radius": 1.99,
  "cOffset": [
    -0.00366,
    -0.00183
  ],
  "mOffset": [
    0.00348,
    0.00189
  ],
  "yOffset": [
    8.71e-05,
    0.000215
  ],
  "kOffset": [
    20000,
    20000
  ],
  "noiseAmp": 2.59e-06,
  "inkStatus": 2,
  "title": "Triumph of Bitcoin",
  "wear": 33.8,
  "sourceId": "11e0ab1f653675211944593bb87d1b875050c2f328ab175595d2e7189da9b2f8i0",
  "variationId": 142,
  "outliers": [
    "inkStatus"
  ],
  "isOutlier": true
}