{
  "radius": 0.014402290304196371,
  "cOffset": [
    0.0028827505500446456,
    -0.00010207479215356065
  ],
  "mOffset": [
    -0.00011403033669083432,
    0.007539892992150159
  ],
  "yOffset": [
    0.000330541906822684,
    0.0005190455911970256
  ],
  "kOffset": [
    93.84538137558434,
    88.79855183731146
  ],
  "noiseAmp": 2.3000747065681194e-07,
  "colorMode": 0,
  "sourceId": "7fcc33c4cb0081cfa85c5d1d541aad5d8c631debbb29c65c95f4d30137ed2aa0i0",
  "variationId": 248,
  "outliers": [],
  "isOutlier": false
}