{
  "radius": 0.014704409005094694,
  "cOffset": [
    0.0008324703881160409,
    -0.00011730424409418903
  ],
  "mOffset": [
    -0.0011085116339946649,
    0.003845571628450627
  ],
  "yOffset": [
    0.002329390869244576,
    -6.363213001988955e-06
  ],
  "kOffset": [
    104.54983939768346,
    99.92289462894048
  ],
  "noiseAmp": 1.8361943787502705e-06,
  "colorMode": 0,
  "sourceId": "6461c2a49eba6c8220bf472d9a504554a0592470f0cdddddb0969e896a1a6ca9i0",
  "variationId": 278,
  "outliers": [],
  "isOutlier": false
}