{
  "radius": 2.36,
  "cOffset": [
    -0.00536,
    0.0017
  ],
  "mOffset": [
    -0.00105,
    0.00143
  ],
  "yOffset": [
    -0.00265,
    -0.00249
  ],
  "kOffset": [
    20000,
    20000
  ],
  "noiseAmp": 8.33e-05,
  "inkStatus": 5,
  "title": "Triumph of Bitcoin",
  "sourceId": "ff08f64a29c957c1f376ca1d35c2ccb5851379da3df9618b8108f55ed65dfb39i0"
}