{
  "radius": 2.22,
  "cOffset": [
    -0.000234,
    -0.000345
  ],
  "mOffset": [
    0.00393,
    0.00119
  ],
  "yOffset": [
    -0.0033,
    0.00124
  ],
  "kOffset": [
    20000,
    20000
  ],
  "noiseAmp": 5.33e-06,
  "inkStatus": 0,
  "title": "Triumph of Bitcoin",
  "wear": 47.8,
  "sourceId": "cf3ae616cfa57b2304a43445a0025e16d1c36943ed15cb1af5898185cf0d88efi0",
  "variationId": 118,
  "outliers": [],
  "isOutlier": false
}