{
  "radius": 2.28,
  "cOffset": [
    0.00479,
    0.00275
  ],
  "mOffset": [
    -0.00216,
    0.00802
  ],
  "yOffset": [
    -0.00219,
    -0.00369
  ],
  "kOffset": [
    20000,
    20000
  ],
  "noiseAmp": 6.18e-07,
  "inkStatus": 0,
  "title": "Triumph of Bitcoin",
  "sourceId": "a4fca8cd68283460126b88cce9a4d7462917eae4e6c1a5f91300fb9280eae7dbi0"
}