{
  "radius": 2.1429580971769395,
  "cOffset": [
    -0.0025016309204170407,
    0.0017419258419121698
  ],
  "mOffset": [
    0.0036165130809663287,
    0.00021548470528097368
  ],
  "yOffset": [
    0.001669418886190449,
    -0.0007805523921247451
  ],
  "kOffset": [
    20000,
    20000
  ],
  "noiseAmp": 6.0959844837750016e-06,
  "colorMode": 0,
  "title": "Triumph of Bitcoin",
  "sourceId": "7fcc33c4cb0081cfa85c5d1d541aad5d8c631debbb29c65c95f4d30137ed2aa0i0",
  "variationId": 256,
  "outliers": [],
  "isOutlier": false
}