{
  "radius": 2.2180840435362947,
  "cOffset": [
    -0.0006063152242992797,
    -0.0013390854477879
  ],
  "mOffset": [
    0.001250741489143438,
    -0.005221873347872709
  ],
  "yOffset": [
    -0.002274964397274586,
    0.0005710046933971866
  ],
  "kOffset": [
    20000,
    20000
  ],
  "noiseAmp": 2.5921050501205087e-06,
  "colorMode": 0,
  "title": "Triumph of Bitcoin",
  "sourceId": "63594e1b8512a5ad3215acfb7470f181444c773c0953d875f9713fca3d896774i0",
  "variationId": 37,
  "outliers": [],
  "isOutlier": false
}