{
  "radius": 2.17,
  "cOffset": [
    -0.00232,
    -0.002
  ],
  "mOffset": [
    -0.00679,
    -0.00172
  ],
  "yOffset": [
    -0.00146,
    0.00119
  ],
  "kOffset": [
    20000,
    20000
  ],
  "noiseAmp": 1.69e-05,
  "inkStatus": 0,
  "title": "Triumph of Bitcoin",
  "sourceId": "63594e1b8512a5ad3215acfb7470f181444c773c0953d875f9713fca3d896774i0"
}