{
  "radius": 0.014696587296575202,
  "cOffset": [
    0.0041224304227109095,
    8.532909075410126e-05
  ],
  "mOffset": [
    -0.0012230414000301314,
    9.206638354894461e-05
  ],
  "yOffset": [
    2.7108001786655386e-05,
    -0.0005996441288037053
  ],
  "kOffset": [
    98.42171283651011,
    108.25075464023327
  ],
  "noiseAmp": 4.639410079489052e-07,
  "colorMode": 0,
  "sourceId": "ba4b86348a6e7bad9deeb21752cf790694355b639650c679ce5b1c61feeab004i0",
  "variationId": 188,
  "outliers": [],
  "isOutlier": false
}