{
  "radius": 2.35,
  "cOffset": [
    0.00257,
    -0.00257
  ],
  "mOffset": [
    0.00104,
    -0.00187
  ],
  "yOffset": [
    -0.00748,
    -0.00176
  ],
  "kOffset": [
    20000,
    20000
  ],
  "noiseAmp": 2.11e-06,
  "inkStatus": 0,
  "title": "Triumph of Bitcoin",
  "sourceId": "7fcc33c4cb0081cfa85c5d1d541aad5d8c631debbb29c65c95f4d30137ed2aa0i0"
}