{
  "radius": 0.06646927177526915,
  "cOffset": [
    -0.05774940032396838,
    0.000784235903047489
  ],
  "mOffset": [
    0.018292641752180695,
    -0.04184521000842013
  ],
  "yOffset": [
    2.0195893861877378e-05,
    0.000465963540658019
  ],
  "kOffset": [
    118.52824099917261,
    96.45783434043736
  ],
  "noiseAmp": 2.595294636703109e-07,
  "colorMode": 0,
  "sourceId": "11e0ab1f653675211944593bb87d1b875050c2f328ab175595d2e7189da9b2f8i0",
  "variationId": 121,
  "outliers": [
    "radius",
    "cOffset",
    "mOffset"
  ],
  "isOutlier": true
}