{
  "radius": 2.14,
  "cOffset": [
    -0.000122,
    -0.00181
  ],
  "mOffset": [
    0.00116,
    0.00652
  ],
  "yOffset": [
    0.000133,
    -0.00133
  ],
  "kOffset": [
    20000,
    20000
  ],
  "noiseAmp": 1.48e-05,
  "inkStatus": 0,
  "title": "Triumph of Bitcoin",
  "sourceId": "ff08f64a29c957c1f376ca1d35c2ccb5851379da3df9618b8108f55ed65dfb39i0"
}