{
  "radius": 2.19,
  "cOffset": [
    -0.00291,
    -0.000986
  ],
  "mOffset": [
    0.00447,
    0.000891
  ],
  "yOffset": [
    -9.85e-05,
    0.00121
  ],
  "kOffset": [
    20000,
    20000
  ],
  "noiseAmp": 1.52e-05,
  "inkStatus": 0,
  "title": "Triumph of Bitcoin",
  "sourceId": "63594e1b8512a5ad3215acfb7470f181444c773c0953d875f9713fca3d896774i0"
}