{
  "radius": 2.1,
  "cOffset": [
    0.00448,
    0.000311
  ],
  "mOffset": [
    0.000318,
    -0.00707
  ],
  "yOffset": [
    0.00143,
    -0.0048
  ],
  "kOffset": [
    20000,
    20000
  ],
  "noiseAmp": 7.1e-06,
  "inkStatus": 2,
  "title": "Triumph of Bitcoin",
  "wear": 35.3,
  "sourceId": "63594e1b8512a5ad3215acfb7470f181444c773c0953d875f9713fca3d896774i0",
  "variationId": 41,
  "outliers": [
    "inkStatus"
  ],
  "isOutlier": true
}