{
  "radius": 2.26,
  "cOffset": [
    -0.00291,
    -0.00347
  ],
  "mOffset": [
    -0.0012,
    -0.00331
  ],
  "yOffset": [
    0.000102,
    -0.00152
  ],
  "kOffset": [
    20000,
    20000
  ],
  "noiseAmp": 1.6e-05,
  "inkStatus": 2,
  "title": "Triumph of Bitcoin",
  "wear": 69.6,
  "sourceId": "11e0ab1f653675211944593bb87d1b875050c2f328ab175595d2e7189da9b2f8i0",
  "variationId": 143,
  "outliers": [
    "inkStatus"
  ],
  "isOutlier": true
}