{
  "radius": 2.31,
  "cOffset": [
    -0.00148,
    0.0019
  ],
  "mOffset": [
    -0.00243,
    0.00386
  ],
  "yOffset": [
    -0.000921,
    -0.00181
  ],
  "kOffset": [
    20000,
    20000
  ],
  "noiseAmp": 1.39e-05,
  "inkStatus": 0,
  "title": "Triumph of Bitcoin",
  "sourceId": "11e0ab1f653675211944593bb87d1b875050c2f328ab175595d2e7189da9b2f8i0"
}