{
  "radius": 2.1876087064897303,
  "cOffset": [
    3.327197515260376e-05,
    -0.00506658839873931
  ],
  "mOffset": [
    -0.0025805988062390507,
    -0.0001415204822134568
  ],
  "yOffset": [
    -0.004847833583800024,
    -0.00134248092069674
  ],
  "kOffset": [
    20000,
    20000
  ],
  "noiseAmp": 1.0059244149532354e-05,
  "colorMode": 0,
  "title": "Triumph of Bitcoin",
  "sourceId": "5f53dd709a8d2e350674d86679ff550763502a0ff8c2b567cefa4b52f736aa7fi0",
  "variationId": 53,
  "outliers": [],
  "isOutlier": false
}