{
  "radius": 2.345389268776292,
  "cOffset": [
    0.002671745240411348,
    0.0038719146117846565
  ],
  "mOffset": [
    -0.006240766034126776,
    0.001978654457845263
  ],
  "yOffset": [
    -0.005402621810041481,
    -0.001733951663263766
  ],
  "kOffset": [
    20000,
    20000
  ],
  "noiseAmp": 7.665862777831304e-06,
  "colorMode": 0,
  "title": "Triumph of Science",
  "sourceId": "6461c2a49eba6c8220bf472d9a504554a0592470f0cdddddb0969e896a1a6ca9i0",
  "variationId": 272,
  "outliers": [],
  "isOutlier": false
}