{
  "radius": 0.013785469823302986,
  "cOffset": [
    0.0035098108035948256,
    -0.00027840135519355047
  ],
  "mOffset": [
    -0.002206714839229027,
    0.00013913053817275704
  ],
  "yOffset": [
    -0.0003638697877901582,
    -0.0005713865159907605
  ],
  "kOffset": [
    86.6496516265018,
    101.3013794454469
  ],
  "noiseAmp": 1.4003375186927435e-06,
  "colorMode": 0,
  "sourceId": "fb9fad20ede2f27b013efe9b408e6be1b3ff546dfca53eac86c7e0f1a632d551i0",
  "variationId": 210,
  "outliers": [],
  "isOutlier": false
}