{
  "radius": 2.1571332520523594,
  "cOffset": [
    0.0009479072048097921,
    0.001406179082278046
  ],
  "mOffset": [
    -0.004105551092944006,
    -0.02657467388230988
  ],
  "yOffset": [
    0.00010484380502654812,
    -0.00021658328643333675
  ],
  "kOffset": [
    20000,
    20000
  ],
  "noiseAmp": 0.00018647856491099067,
  "colorMode": 0,
  "title": "Triumph of Bitcoin",
  "sourceId": "5f53dd709a8d2e350674d86679ff550763502a0ff8c2b567cefa4b52f736aa7fi0",
  "variationId": 57,
  "outliers": [
    "noiseAmp",
    "mOffset"
  ],
  "isOutlier": true
}