{
  "radius": 0.015235606317256152,
  "cOffset": [
    0.0008412917682123937,
    0.00037996039335653635
  ],
  "mOffset": [
    0.004814368823123108,
    -0.004129102229621622
  ],
  "yOffset": [
    -5.1746148812649075e-05,
    0.0021549051441324208
  ],
  "kOffset": [
    96.79568634790512,
    115.8050527407859
  ],
  "noiseAmp": 1.3831879540550265e-06,
  "colorMode": 0,
  "sourceId": "6461c2a49eba6c8220bf472d9a504554a0592470f0cdddddb0969e896a1a6ca9i0",
  "variationId": 266,
  "outliers": [],
  "isOutlier": false
}