{
  "radius": 0.016271587560130665,
  "cOffset": [
    0.00012160611028337161,
    0.00011252504953498894
  ],
  "mOffset": [
    -0.0005457726554462,
    -0.005848333801646929
  ],
  "yOffset": [
    -0.002223454534911474,
    0.0011634519873725661
  ],
  "kOffset": [
    88.90587484821623,
    114.21955503703761
  ],
  "noiseAmp": 1.0178398441382946e-06,
  "colorMode": 0,
  "sourceId": "b1ff3531357fc4703e14454c8cfc606c79f88f87f908ec0d34a3e7eb02a843adi0",
  "variationId": 291,
  "outliers": [],
  "isOutlier": false
}