{
  "radius": 2.114912633361063,
  "cOffset": [
    0.0027358312686084573,
    0.0007226342385965667
  ],
  "mOffset": [
    0.004603152569378498,
    -0.003728892072196025
  ],
  "yOffset": [
    -0.0012150475187034798,
    -0.001311789940030734
  ],
  "kOffset": [
    20000,
    20000
  ],
  "noiseAmp": 7.151301303855838e-06,
  "colorMode": 0,
  "title": "Triumph of Bitcoin",
  "sourceId": "cf3ae616cfa57b2304a43445a0025e16d1c36943ed15cb1af5898185cf0d88efi0",
  "variationId": 108,
  "outliers": [],
  "isOutlier": false
}