{
  "radius": 0.01474633269691335,
  "cOffset": [
    0.0011559275677361462,
    -0.0006499595786095773
  ],
  "mOffset": [
    0.0029839022272250553,
    0.002331610657811521
  ],
  "yOffset": [
    9.405768123401799e-05,
    8.020422805185074e-05
  ],
  "kOffset": [
    109.0411614819203,
    101.02101171327622
  ],
  "noiseAmp": 1.2321592404708207e-06,
  "colorMode": 0,
  "sourceId": "ff08f64a29c957c1f376ca1d35c2ccb5851379da3df9618b8108f55ed65dfb39i0",
  "variationId": 239,
  "outliers": [],
  "isOutlier": false
}