{
  "radius": 2.22,
  "cOffset": [
    -0.00127,
    -0.00068
  ],
  "mOffset": [
    0.00186,
    0.00341
  ],
  "yOffset": [
    0.00375,
    -0.00318
  ],
  "kOffset": [
    20000,
    20000
  ],
  "noiseAmp": 1.84e-05,
  "inkStatus": 0,
  "title": "Triumph of Bitcoin",
  "sourceId": "ec11a3e19cb22adf6a880c63b1daf19568cf5a6717572bfd123d91f15fe4d241i0"
}