{
  "radius": 0.01511632805876137,
  "cOffset": [
    -0.0026978949616218635,
    -0.0002424244834512565
  ],
  "mOffset": [
    -0.000252986474399165,
    0.00041007939082879515
  ],
  "yOffset": [
    -0.00164760322927956,
    0.0016930797442445268
  ],
  "kOffset": [
    88.31184032841654,
    101.72339330972997
  ],
  "noiseAmp": 7.52216062403658e-07,
  "colorMode": 0,
  "sourceId": "ec11a3e19cb22adf6a880c63b1daf19568cf5a6717572bfd123d91f15fe4d241i0",
  "variationId": 146,
  "outliers": [],
  "isOutlier": false
}