{
  "radius": 2.5,
  "cOffset": [
    -0.0041,
    -0.00419
  ],
  "mOffset": [
    -0.0109,
    0.0041
  ],
  "yOffset": [
    -0.001,
    0.00124
  ],
  "kOffset": [
    20000,
    20000
  ],
  "noiseAmp": 4.59e-06,
  "inkStatus": 0,
  "title": "Triumph of Bitcoin",
  "sourceId": "7fcc33c4cb0081cfa85c5d1d541aad5d8c631debbb29c65c95f4d30137ed2aa0i0"
}