{
  "radius": 2.3896806610718335,
  "cOffset": [
    0.0010112214362137304,
    -0.0038225156696838005
  ],
  "mOffset": [
    0.0015328401915541286,
    -0.004580120241778586
  ],
  "yOffset": [
    0.0007885978179907003,
    0.0030453718590833447
  ],
  "kOffset": [
    20000,
    20000
  ],
  "noiseAmp": 2.737909748137172e-06,
  "colorMode": 0,
  "title": "Triumph of Bitcoin",
  "sourceId": "a4fca8cd68283460126b88cce9a4d7462917eae4e6c1a5f91300fb9280eae7dbi0",
  "variationId": 77,
  "outliers": [],
  "isOutlier": false
}