{
  "radius": 0.01530951163078233,
  "cOffset": [
    -0.002124945790254153,
    -0.0001822664288661052
  ],
  "mOffset": [
    0.001383028549837614,
    0.003138695203151377
  ],
  "yOffset": [
    -0.0020755806600481668,
    0.0019932455631636492
  ],
  "kOffset": [
    107.9372840192787,
    124.99340395037183
  ],
  "noiseAmp": 4.479715368778439e-07,
  "colorMode": 0,
  "sourceId": "fb9fad20ede2f27b013efe9b408e6be1b3ff546dfca53eac86c7e0f1a632d551i0",
  "variationId": 204,
  "outliers": [],
  "isOutlier": false
}