{
  "radius": 0.015490479827343598,
  "cOffset": [
    -0.0025574634517992424,
    -7.963076268082982e-05
  ],
  "mOffset": [
    0.00017738577339070216,
    -0.0055579672823381715
  ],
  "yOffset": [
    0.0004909298720818052,
    -0.00046374269835346865
  ],
  "kOffset": [
    110.55313423822399,
    118.13359435259005
  ],
  "noiseAmp": 1.2800406320303583e-06,
  "colorMode": 0,
  "sourceId": "ec11a3e19cb22adf6a880c63b1daf19568cf5a6717572bfd123d91f15fe4d241i0",
  "variationId": 162,
  "outliers": [],
  "isOutlier": false
}