{
  "radius": 2.17,
  "cOffset": [
    -0.00169,
    0.000885
  ],
  "mOffset": [
    -0.00695,
    0.00446
  ],
  "yOffset": [
    0.00307,
    -0.000449
  ],
  "kOffset": [
    20000,
    20000
  ],
  "noiseAmp": 1.38e-05,
  "inkStatus": 0,
  "title": "Triumph of Bitcoin",
  "wear": 53.1,
  "sourceId": "cf3ae616cfa57b2304a43445a0025e16d1c36943ed15cb1af5898185cf0d88efi0",
  "variationId": 96,
  "outliers": [],
  "isOutlier": false
}