{
  "radius": 2.24,
  "cOffset": [
    0.000454,
    0.000878
  ],
  "mOffset": [
    -0.00648,
    0.00602
  ],
  "yOffset": [
    0.00201,
    0.000596
  ],
  "kOffset": [
    20000,
    20000
  ],
  "noiseAmp": 7.61e-06,
  "inkStatus": 0,
  "title": "Triumph of Bitcoin",
  "sourceId": "ff08f64a29c957c1f376ca1d35c2ccb5851379da3df9618b8108f55ed65dfb39i0"
}