{
  "radius": 2.13,
  "cOffset": [
    -0.000183,
    0.00297
  ],
  "mOffset": [
    -0.000608,
    0.000574
  ],
  "yOffset": [
    0.0041,
    0.000241
  ],
  "kOffset": [
    20000,
    20000
  ],
  "noiseAmp": 1.75e-05,
  "inkStatus": 0,
  "title": "Triumph of Bitcoin",
  "wear": 36.3,
  "sourceId": "11e0ab1f653675211944593bb87d1b875050c2f328ab175595d2e7189da9b2f8i0",
  "variationId": 125,
  "outliers": [],
  "isOutlier": false
}