{
  "radius": 2.19,
  "cOffset": [
    -0.00555,
    0.00206
  ],
  "mOffset": [
    0.000815,
    -0.00376
  ],
  "yOffset": [
    0.00174,
    0.00174
  ],
  "kOffset": [
    20000,
    20000
  ],
  "noiseAmp": 1.48e-05,
  "inkStatus": 0,
  "title": "Triumph of Bitcoin",
  "sourceId": "ba4b86348a6e7bad9deeb21752cf790694355b639650c679ce5b1c61feeab004i0"
}