{
  "radius": 2.24,
  "cOffset": [
    -0.000483,
    -0.00175
  ],
  "mOffset": [
    -0.00736,
    -0.00804
  ],
  "yOffset": [
    0.00196,
    0.00286
  ],
  "kOffset": [
    20000,
    20000
  ],
  "noiseAmp": 8.1e-06,
  "inkStatus": 0,
  "title": "Triumph of Bitcoin",
  "sourceId": "11e0ab1f653675211944593bb87d1b875050c2f328ab175595d2e7189da9b2f8i0"
}