{
  "radius": 2.23,
  "cOffset": [
    -0.00674,
    -0.015
  ],
  "mOffset": [
    -0.00356,
    -0.0025
  ],
  "yOffset": [
    0.00083,
    0.00222
  ],
  "kOffset": [
    20000,
    20000
  ],
  "noiseAmp": 1.1e-06,
  "inkStatus": 2,
  "title": "Triumph of Bitcoin",
  "wear": 42.9,
  "sourceId": "7fcc33c4cb0081cfa85c5d1d541aad5d8c631debbb29c65c95f4d30137ed2aa0i0",
  "variationId": 248,
  "outliers": [
    "inkStatus",
    "cOffset"
  ],
  "isOutlier": true
}