{
  "radius": 2.2037487165572314,
  "cOffset": [
    -0.003749061784957824,
    -0.0007375755927373648
  ],
  "mOffset": [
    0.0017342888923309548,
    -0.001495864459505921
  ],
  "yOffset": [
    -0.00218983053900848,
    -0.00023696059436643395
  ],
  "kOffset": [
    20000,
    20000
  ],
  "noiseAmp": 1.1127753982098294e-06,
  "colorMode": 0,
  "title": "Triumph of Bitcoin",
  "sourceId": "ec11a3e19cb22adf6a880c63b1daf19568cf5a6717572bfd123d91f15fe4d241i0",
  "variationId": 148,
  "outliers": [],
  "isOutlier": false
}