{
  "radius": 1.94,
  "cOffset": [
    -0.00118,
    -0.00185
  ],
  "mOffset": [
    -0.0034,
    -0.00643
  ],
  "yOffset": [
    0.00232,
    -0.00212
  ],
  "kOffset": [
    20000,
    20000
  ],
  "noiseAmp": 7.93e-06,
  "inkStatus": 0,
  "title": "Triumph of Bitcoin",
  "sourceId": "ec11a3e19cb22adf6a880c63b1daf19568cf5a6717572bfd123d91f15fe4d241i0"
}