{
  "radius": 0.014735081361809314,
  "cOffset": [
    0.0008505429959007743,
    4.416675321753157e-05
  ],
  "mOffset": [
    -0.0009428163379114263,
    0.0083965980683519
  ],
  "yOffset": [
    -9.208489490104542e-05,
    0.0004470400769185598
  ],
  "kOffset": [
    87.5915437480649,
    79.34956516173484
  ],
  "noiseAmp": 1.813261136744344e-06,
  "colorMode": 0,
  "sourceId": "fbab7ffde03428ed7c11dc268605241b6e33ea212229b03fb1d8f21e289fae54i0",
  "variationId": 18,
  "outliers": [],
  "isOutlier": false
}