{
  "radius": 2.05,
  "cOffset": [
    -0.000317,
    -0.0025
  ],
  "mOffset": [
    0.00571,
    -0.0025
  ],
  "yOffset": [
    -0.00171,
    -0.00181
  ],
  "kOffset": [
    20000,
    20000
  ],
  "noiseAmp": 1.78e-06,
  "inkStatus": 2,
  "title": "Triumph of Bitcoin",
  "wear": 48.1,
  "sourceId": "ba4b86348a6e7bad9deeb21752cf790694355b639650c679ce5b1c61feeab004i0",
  "variationId": 185,
  "outliers": [
    "inkStatus"
  ],
  "isOutlier": true
}