{
  "radius": 2.29,
  "cOffset": [
    -0.00293,
    0.00477
  ],
  "mOffset": [
    -0.00182,
    0.000993
  ],
  "yOffset": [
    -0.00164,
    -0.00037
  ],
  "kOffset": [
    20000,
    20000
  ],
  "noiseAmp": 4.77e-06,
  "inkStatus": 0,
  "title": "Triumph of Bitcoin",
  "sourceId": "ff08f64a29c957c1f376ca1d35c2ccb5851379da3df9618b8108f55ed65dfb39i0"
}