{
  "radius": 1.98,
  "cOffset": [
    -0.00263,
    -0.0021
  ],
  "mOffset": [
    -0.00188,
    -0.00203
  ],
  "yOffset": [
    -0.00182,
    0.00118
  ],
  "kOffset": [
    20000,
    20000
  ],
  "noiseAmp": 9.84e-06,
  "inkStatus": 0,
  "title": "Triumph of Bitcoin",
  "wear": 53.7,
  "sourceId": "ec11a3e19cb22adf6a880c63b1daf19568cf5a6717572bfd123d91f15fe4d241i0",
  "variationId": 158,
  "outliers": [],
  "isOutlier": false
}