{
  "radius": 2.08,
  "cOffset": [
    0.00244,
    0.00487
  ],
  "mOffset": [
    0.00623,
    -0.000358
  ],
  "yOffset": [
    -0.00493,
    0.00277
  ],
  "kOffset": [
    20000,
    20000
  ],
  "noiseAmp": 1.08e-05,
  "inkStatus": 0,
  "title": "Triumph of Bitcoin",
  "sourceId": "cf3ae616cfa57b2304a43445a0025e16d1c36943ed15cb1af5898185cf0d88efi0"
}