{
  "radius": 1.9794881218913019,
  "cOffset": [
    0.0022150391871537463,
    -0.00035870031751390497
  ],
  "mOffset": [
    0.00536967493207623,
    -0.009809757343445228
  ],
  "yOffset": [
    0.0007570166813578536,
    0.0015069725707781254
  ],
  "kOffset": [
    20000,
    20000
  ],
  "noiseAmp": 3.054774297174987e-05,
  "colorMode": 0,
  "title": "Triumph of Bitcoin",
  "sourceId": "cf3ae616cfa57b2304a43445a0025e16d1c36943ed15cb1af5898185cf0d88efi0",
  "variationId": 105,
  "outliers": [],
  "isOutlier": false
}