{
  "radius": 2.24,
  "cOffset": [
    0.00271,
    -0.00019
  ],
  "mOffset": [
    0.000258,
    -1.39e-05
  ],
  "yOffset": [
    0.00306,
    0.00184
  ],
  "kOffset": [
    20000,
    20000
  ],
  "noiseAmp": 9.2e-06,
  "inkStatus": 0,
  "title": "Triumph of Bitcoin",
  "wear": 45.2,
  "sourceId": "ff08f64a29c957c1f376ca1d35c2ccb5851379da3df9618b8108f55ed65dfb39i0",
  "variationId": 224,
  "outliers": [],
  "isOutlier": false
}