{
  "radius": 2.1,
  "cOffset": [
    0.00103,
    -0.0019
  ],
  "mOffset": [
    0.031,
    0.0712
  ],
  "yOffset": [
    -0.00172,
    -0.00196
  ],
  "kOffset": [
    20000,
    20000
  ],
  "noiseAmp": 5.76e-07,
  "inkStatus": 0,
  "title": "Triumph of Science",
  "wear": 42.6,
  "sourceId": "b1ff3531357fc4703e14454c8cfc606c79f88f87f908ec0d34a3e7eb02a843adi0",
  "variationId": 291,
  "outliers": [
    "mOffset"
  ],
  "isOutlier": true
}