{
  "radius": 2.267599891343715,
  "cOffset": [
    -0.0025283572155653422,
    0.0017680312465859196
  ],
  "mOffset": [
    0.002565627418104356,
    0.00037059299074676717
  ],
  "yOffset": [
    -0.0011184172844805145,
    0.0005694614946169127
  ],
  "kOffset": [
    20000,
    20000
  ],
  "noiseAmp": 4.270450053773536e-06,
  "colorMode": 0,
  "title": "Triumph of Bitcoin",
  "sourceId": "11e0ab1f653675211944593bb87d1b875050c2f328ab175595d2e7189da9b2f8i0",
  "variationId": 132,
  "outliers": [],
  "isOutlier": false
}