{
  "radius": 2.37,
  "cOffset": [
    0.000981,
    -0.0011
  ],
  "mOffset": [
    -0.0844,
    -0.0354
  ],
  "yOffset": [
    -0.000717,
    -1.88e-05
  ],
  "kOffset": [
    20000,
    20000
  ],
  "noiseAmp": 4.63e-07,
  "inkStatus": 0,
  "title": "Triumph of Bitcoin",
  "wear": 61.7,
  "sourceId": "ff08f64a29c957c1f376ca1d35c2ccb5851379da3df9618b8108f55ed65dfb39i0",
  "variationId": 231,
  "outliers": [
    "mOffset"
  ],
  "isOutlier": true
}