{
  "radius": 2.22,
  "cOffset": [
    -0.00206,
    0.000972
  ],
  "mOffset": [
    0.000308,
    -0.000793
  ],
  "yOffset": [
    -0.000633,
    0.00465
  ],
  "kOffset": [
    20000,
    20000
  ],
  "noiseAmp": 6.27e-06,
  "inkStatus": 0,
  "title": "Triumph of Bitcoin",
  "wear": 44.8,
  "sourceId": "fbab7ffde03428ed7c11dc268605241b6e33ea212229b03fb1d8f21e289fae54i0",
  "variationId": 7,
  "outliers": [],
  "isOutlier": false
}