{
  "radius": 2.3389486239285286,
  "cOffset": [
    0.0019317614562711545,
    0.0006390355012184551
  ],
  "mOffset": [
    0.0036211709545679767,
    0.00016425177545894608
  ],
  "yOffset": [
    -0.0004209850884424127,
    0.004152851763533925
  ],
  "kOffset": [
    20000,
    20000
  ],
  "noiseAmp": 1.2288194673791017e-05,
  "colorMode": 0,
  "title": "Triumph of Bitcoin",
  "sourceId": "7fcc33c4cb0081cfa85c5d1d541aad5d8c631debbb29c65c95f4d30137ed2aa0i0",
  "variationId": 245,
  "outliers": [],
  "isOutlier": false
}