{
  "radius": 0.015868849580830114,
  "cOffset": [
    -0.0033574556472225708,
    -4.434374738139227e-05
  ],
  "mOffset": [
    0.007240774195551463,
    -5.045050767956882e-05
  ],
  "yOffset": [
    0.0014178064899012252,
    8.983369240160164e-05
  ],
  "kOffset": [
    100.78359949864601,
    102.10026528332125
  ],
  "noiseAmp": 1.0247091632229941e-06,
  "colorMode": 0,
  "sourceId": "11e0ab1f653675211944593bb87d1b875050c2f328ab175595d2e7189da9b2f8i0",
  "variationId": 136,
  "outliers": [],
  "isOutlier": false
}