{
  "radius": 2.0353355307579,
  "cOffset": [
    -0.0031288937304958494,
    0.0015398273550907885
  ],
  "mOffset": [
    -0.005358895735883898,
    -0.005883211278422818
  ],
  "yOffset": [
    -2.5414380231019502e-05,
    0.0008790841437593458
  ],
  "kOffset": [
    20000,
    20000
  ],
  "noiseAmp": 1.942311038375504e-05,
  "colorMode": 0,
  "title": "Triumph of Bitcoin",
  "sourceId": "7fcc33c4cb0081cfa85c5d1d541aad5d8c631debbb29c65c95f4d30137ed2aa0i0",
  "variationId": 247,
  "outliers": [],
  "isOutlier": false
}