{
  "radius": 0.015378075196583471,
  "cOffset": [
    -0.0005042505700710849,
    0.0001208788482613437
  ],
  "mOffset": [
    0.00258974664359616,
    -0.00357277915940061
  ],
  "yOffset": [
    -0.0010625081538234806,
    -0.0008724081369591917
  ],
  "kOffset": [
    99.22138817137741,
    86.25437662954297
  ],
  "noiseAmp": 4.26136390723134e-08,
  "colorMode": 0,
  "sourceId": "5f53dd709a8d2e350674d86679ff550763502a0ff8c2b567cefa4b52f736aa7fi0",
  "variationId": 62,
  "outliers": [],
  "isOutlier": false
}