{
  "radius": 2.0015393236096486,
  "cOffset": [
    -0.003970364512215093,
    0.0032010528120198045
  ],
  "mOffset": [
    -0.0051189891115694655,
    -0.008981350758837001
  ],
  "yOffset": [
    -0.0020156601438659568,
    -0.0009479848464398552
  ],
  "kOffset": [
    20000,
    20000
  ],
  "noiseAmp": 7.574040748971034e-06,
  "colorMode": 0,
  "title": "Triumph of Bitcoin",
  "sourceId": "fb9fad20ede2f27b013efe9b408e6be1b3ff546dfca53eac86c7e0f1a632d551i0",
  "variationId": 194,
  "outliers": [],
  "isOutlier": false
}