{
  "radius": 2.07,
  "cOffset": [
    0.000876,
    0.00169
  ],
  "mOffset": [
    0.0696,
    -0.0418
  ],
  "yOffset": [
    -0.00374,
    -0.00271
  ],
  "kOffset": [
    20000,
    20000
  ],
  "noiseAmp": 4.68e-06,
  "inkStatus": 0,
  "title": "Triumph of Bitcoin",
  "sourceId": "fbab7ffde03428ed7c11dc268605241b6e33ea212229b03fb1d8f21e289fae54i0"
}