{
  "radius": 2.454429105180628,
  "cOffset": [
    0.0012049314486717538,
    0.0018686742409577788
  ],
  "mOffset": [
    -0.004043691186548703,
    0.001534023272854681
  ],
  "yOffset": [
    0.0008306908449283027,
    -0.00047396441060009966
  ],
  "kOffset": [
    20000,
    20000
  ],
  "noiseAmp": 1.0990764239124578e-05,
  "colorMode": 0,
  "title": "Triumph of Science",
  "sourceId": "b1ff3531357fc4703e14454c8cfc606c79f88f87f908ec0d34a3e7eb02a843adi0",
  "variationId": 299,
  "outliers": [],
  "isOutlier": false
}