{
  "radius": 0.014784421824858732,
  "cOffset": [
    -0.003035607280495989,
    0.00018909762403240946
  ],
  "mOffset": [
    0.0008028554628329358,
    0.0036180724808910526
  ],
  "yOffset": [
    -0.0022992978484062798,
    -0.0013454295775632004
  ],
  "kOffset": [
    100.23757727381151,
    119.20614216382621
  ],
  "noiseAmp": 3.0547032241439154e-07,
  "colorMode": 0,
  "sourceId": "fb9fad20ede2f27b013efe9b408e6be1b3ff546dfca53eac86c7e0f1a632d551i0",
  "variationId": 200,
  "outliers": [],
  "isOutlier": false
}