{
  "radius": 0.01441458266046201,
  "cOffset": [
    0.0018860418767580377,
    0.00019968770127230508
  ],
  "mOffset": [
    -0.0036793971826167803,
    0.0014414796349289975
  ],
  "yOffset": [
    8.25656870936343e-05,
    0.002162045384480284
  ],
  "kOffset": [
    90.55728316294564,
    97.29891951081052
  ],
  "noiseAmp": 1.8466069708242754e-06,
  "colorMode": 0,
  "sourceId": "806d80e7cf7f39208eccf59102e0086d6b593dbe3152777ef31dfc869a02340fi0",
  "variationId": 332,
  "outliers": [],
  "isOutlier": false
}