{
  "radius": 0.014169791588344251,
  "cOffset": [
    0.003116908309431814,
    0.0003778480760940244
  ],
  "mOffset": [
    -0.00041055074140450314,
    -0.00030281094996886153
  ],
  "yOffset": [
    -0.0016750644009167269,
    0.0015852002313403119
  ],
  "kOffset": [
    107.0669011928175,
    110.3636819997365
  ],
  "noiseAmp": 4.4675887101579573e-07,
  "colorMode": 0,
  "sourceId": "fb9fad20ede2f27b013efe9b408e6be1b3ff546dfca53eac86c7e0f1a632d551i0",
  "variationId": 201,
  "outliers": [],
  "isOutlier": false
}