{
  "radius": 2.22,
  "cOffset": [
    0.000757,
    -0.00128
  ],
  "mOffset": [
    -0.00119,
    0.00642
  ],
  "yOffset": [
    0.00618,
    -0.00206
  ],
  "kOffset": [
    20000,
    20000
  ],
  "noiseAmp": 5.32e-06,
  "inkStatus": 0,
  "title": "Triumph of Bitcoin",
  "wear": 52.1,
  "sourceId": "cf3ae616cfa57b2304a43445a0025e16d1c36943ed15cb1af5898185cf0d88efi0",
  "variationId": 105,
  "outliers": [],
  "isOutlier": false
}