{
  "radius": 2.149613839739382,
  "cOffset": [
    -0.00020071102863934123,
    -0.004960506135762794
  ],
  "mOffset": [
    -0.0025512759569315253,
    0.007205227107917644
  ],
  "yOffset": [
    -0.004126500393916407,
    0.000638975768693727
  ],
  "kOffset": [
    20000,
    20000
  ],
  "noiseAmp": 4.895953382596159e-06,
  "colorMode": 0,
  "title": "Triumph of Bitcoin",
  "sourceId": "ec11a3e19cb22adf6a880c63b1daf19568cf5a6717572bfd123d91f15fe4d241i0",
  "variationId": 154,
  "outliers": [],
  "isOutlier": false
}