{
  "radius": 2.09,
  "cOffset": [
    0.00243,
    -0.000224
  ],
  "mOffset": [
    0.00507,
    -0.00082
  ],
  "yOffset": [
    0.00264,
    -0.00479
  ],
  "kOffset": [
    20000,
    20000
  ],
  "noiseAmp": 2.01e-06,
  "inkStatus": 0,
  "title": "Triumph of Bitcoin",
  "sourceId": "fbab7ffde03428ed7c11dc268605241b6e33ea212229b03fb1d8f21e289fae54i0"
}