{
  "radius": 2.38,
  "cOffset": [
    -0.00209,
    0.00479
  ],
  "mOffset": [
    -0.00151,
    0.0026
  ],
  "yOffset": [
    -0.00102,
    -0.00625
  ],
  "kOffset": [
    20000,
    20000
  ],
  "noiseAmp": 1.36e-06,
  "inkStatus": 1,
  "title": "Triumph of Bitcoin",
  "wear": 45.0,
  "sourceId": "fb9fad20ede2f27b013efe9b408e6be1b3ff546dfca53eac86c7e0f1a632d551i0",
  "variationId": 195,
  "outliers": [
    "inkStatus"
  ],
  "isOutlier": true
}