{
  "radius": 0.06619739776254147,
  "cOffset": [
    -0.0003042343613901948,
    0.0002948212223553802
  ],
  "mOffset": [
    -0.04375194909216221,
    0.01413420773337914
  ],
  "yOffset": [
    -0.0008721419816797832,
    -0.00034770001688474414
  ],
  "kOffset": [
    101.15822249609543,
    109.45694803530493
  ],
  "noiseAmp": 3.207905415938259e-07,
  "colorMode": 0,
  "sourceId": "7fcc33c4cb0081cfa85c5d1d541aad5d8c631debbb29c65c95f4d30137ed2aa0i0",
  "variationId": 259,
  "outliers": [
    "mOffset",
    "radius"
  ],
  "isOutlier": true
}