{
  "radius": 0.014538098205149095,
  "cOffset": [
    0.006110151655175839,
    0.00042469948996382684
  ],
  "mOffset": [
    -0.0006687354431626841,
    0.0013306977925150879
  ],
  "yOffset": [
    -0.0007301861703140189,
    0.0013113112709125683
  ],
  "kOffset": [
    79.46038763964607,
    102.6358254104208
  ],
  "noiseAmp": 3.3266414476573156e-08,
  "colorMode": 0,
  "sourceId": "fbab7ffde03428ed7c11dc268605241b6e33ea212229b03fb1d8f21e289fae54i0",
  "variationId": 22,
  "outliers": [],
  "isOutlier": false
}