{
  "radius": 2.09175619723247,
  "cOffset": [
    -0.002665718203054941,
    0.001350125120891626
  ],
  "mOffset": [
    -0.0004950710787288547,
    -0.0015970185228051602
  ],
  "yOffset": [
    -0.0026665606121289306,
    -0.0013534037376119578
  ],
  "kOffset": [
    20000,
    20000
  ],
  "noiseAmp": 4.641890289391753e-06,
  "colorMode": 0,
  "title": "Triumph of Bitcoin",
  "sourceId": "ec11a3e19cb22adf6a880c63b1daf19568cf5a6717572bfd123d91f15fe4d241i0",
  "variationId": 162,
  "outliers": [],
  "isOutlier": false
}