{
  "radius": 0.014620664285573078,
  "cOffset": [
    0.0019837302339219725,
    0.00025583382629992786
  ],
  "mOffset": [
    0.012897428701367373,
    0.05594429373770583
  ],
  "yOffset": [
    0.032661413056448665,
    0.00023725622659286405
  ],
  "kOffset": [
    109.84574400019822,
    95.74479708069666
  ],
  "noiseAmp": 6.707567094450426e-07,
  "colorMode": 0,
  "sourceId": "7fcc33c4cb0081cfa85c5d1d541aad5d8c631debbb29c65c95f4d30137ed2aa0i0",
  "variationId": 252,
  "outliers": [
    "yOffset",
    "mOffset"
  ],
  "isOutlier": true
}