{
  "radius": 2.3,
  "cOffset": [
    -0.00091,
    -0.000142
  ],
  "mOffset": [
    -0.00395,
    0.00701
  ],
  "yOffset": [
    0.000512,
    0.000351
  ],
  "kOffset": [
    20000,
    20000
  ],
  "noiseAmp": 1.97e-05,
  "inkStatus": 0,
  "title": "Triumph of Bitcoin",
  "sourceId": "63594e1b8512a5ad3215acfb7470f181444c773c0953d875f9713fca3d896774i0"
}