{
  "radius": 0.015058744014692649,
  "cOffset": [
    0.0005778387222724727,
    -8.693794902199545e-05
  ],
  "mOffset": [
    0.0009171546451832092,
    -0.0009171578963727402
  ],
  "yOffset": [
    -0.002300642618344879,
    0.00014302042556430078
  ],
  "kOffset": [
    103.30613397303438,
    103.89121894430221
  ],
  "noiseAmp": 9.961750906164417e-07,
  "colorMode": 0,
  "sourceId": "7fcc33c4cb0081cfa85c5d1d541aad5d8c631debbb29c65c95f4d30137ed2aa0i0",
  "variationId": 258,
  "outliers": [],
  "isOutlier": false
}