{
  "radius": 2.04,
  "cOffset": [
    -0.0061,
    0.0067
  ],
  "mOffset": [
    -0.000763,
    -0.00403
  ],
  "yOffset": [
    0.00135,
    0.00159
  ],
  "kOffset": [
    20000,
    20000
  ],
  "noiseAmp": 4.16e-06,
  "inkStatus": 0,
  "title": "Triumph of Bitcoin",
  "sourceId": "cf3ae616cfa57b2304a43445a0025e16d1c36943ed15cb1af5898185cf0d88efi0"
}