{
  "radius": 2.33,
  "cOffset": [
    -0.00408,
    0.00158
  ],
  "mOffset": [
    -0.00603,
    0.00275
  ],
  "yOffset": [
    -0.0032,
    0.00225
  ],
  "kOffset": [
    20000,
    20000
  ],
  "noiseAmp": 1.26e-05,
  "inkStatus": 6,
  "title": "Triumph of Science",
  "wear": 53.1,
  "sourceId": "b1ff3531357fc4703e14454c8cfc606c79f88f87f908ec0d34a3e7eb02a843adi0",
  "variationId": 293,
  "outliers": [
    "inkStatus"
  ],
  "isOutlier": true
}