{
  "radius": 0.014940981127996916,
  "cOffset": [
    -0.007268869385698204,
    0.0073893919448020685
  ],
  "mOffset": [
    -0.004124792479575262,
    0.12070655084205131
  ],
  "yOffset": [
    -0.0009767828309014382,
    -0.0005702414981515678
  ],
  "kOffset": [
    86.66109322626208,
    115.24971360472595
  ],
  "noiseAmp": 8.05267088300146e-07,
  "colorMode": 4,
  "sourceId": "fbab7ffde03428ed7c11dc268605241b6e33ea212229b03fb1d8f21e289fae54i0",
  "variationId": 17,
  "outliers": [
    "colorMode",
    "cOffset",
    "mOffset"
  ],
  "isOutlier": true
}