{
  "radius": 2.202152875665957,
  "cOffset": [
    -0.003353469237441834,
    -0.0008358712487260301
  ],
  "mOffset": [
    0.005040764869110428,
    -0.0011001937243549258
  ],
  "yOffset": [
    0.0017482330811202818,
    -0.0019227095395887937
  ],
  "kOffset": [
    20000,
    20000
  ],
  "noiseAmp": 5.06714247147012e-06,
  "colorMode": 0,
  "title": "Triumph of Science",
  "sourceId": "806d80e7cf7f39208eccf59102e0086d6b593dbe3152777ef31dfc869a02340fi0",
  "variationId": 313,
  "outliers": [],
  "isOutlier": false
}