{
  "radius": 0.014868680350524936,
  "cOffset": [
    0.0020951250015132316,
    -2.275513939914878e-05
  ],
  "mOffset": [
    -0.015128398981828304,
    0.07780165901763791
  ],
  "yOffset": [
    0.0005840468681372994,
    -0.0014482390643436392
  ],
  "kOffset": [
    90.09719995582601,
    92.9699709582511
  ],
  "noiseAmp": 1.3063004571478807e-06,
  "colorMode": 0,
  "sourceId": "11e0ab1f653675211944593bb87d1b875050c2f328ab175595d2e7189da9b2f8i0",
  "variationId": 141,
  "outliers": [
    "mOffset"
  ],
  "isOutlier": true
}