{
  "radius": 2.2,
  "cOffset": [
    -0.00232,
    0.00189
  ],
  "mOffset": [
    -0.00138,
    -0.00355
  ],
  "yOffset": [
    -0.00115,
    0.00329
  ],
  "kOffset": [
    20000,
    20000
  ],
  "noiseAmp": 1.86e-05,
  "inkStatus": 0,
  "title": "Triumph of Science",
  "sourceId": "806d80e7cf7f39208eccf59102e0086d6b593dbe3152777ef31dfc869a02340fi0"
}