{
  "radius": 0.014707028821022742,
  "cOffset": [
    -0.0026961065678320884,
    0.0004500809713680221
  ],
  "mOffset": [
    0.008477008585518695,
    0.001974634931914832
  ],
  "yOffset": [
    0.0011660344902778607,
    -0.0003647593516432957
  ],
  "kOffset": [
    78.57374921335513,
    96.95733345331334
  ],
  "noiseAmp": 1.742760145459063e-06,
  "colorMode": 0,
  "sourceId": "ba4b86348a6e7bad9deeb21752cf790694355b639650c679ce5b1c61feeab004i0",
  "variationId": 173,
  "outliers": [],
  "isOutlier": false
}