{
  "radius": 2.07,
  "cOffset": [
    0.00153,
    0.000902
  ],
  "mOffset": [
    -0.00432,
    -0.00201
  ],
  "yOffset": [
    -0.00187,
    -0.00183
  ],
  "kOffset": [
    20000,
    20000
  ],
  "noiseAmp": 7.02e-05,
  "inkStatus": 0,
  "title": "Triumph of Bitcoin",
  "sourceId": "7fcc33c4cb0081cfa85c5d1d541aad5d8c631debbb29c65c95f4d30137ed2aa0i0"
}