{
  "radius": 2.25,
  "cOffset": [
    -0.0026,
    -0.000184
  ],
  "mOffset": [
    -0.0033,
    -0.00252
  ],
  "yOffset": [
    0.000787,
    -0.00241
  ],
  "kOffset": [
    20000,
    20000
  ],
  "noiseAmp": 0.000148,
  "inkStatus": 2,
  "title": "Triumph of Bitcoin",
  "wear": 28.6,
  "sourceId": "fbab7ffde03428ed7c11dc268605241b6e33ea212229b03fb1d8f21e289fae54i0",
  "variationId": 16,
  "outliers": [
    "inkStatus",
    "noiseAmp"
  ],
  "isOutlier": true
}