{
  "radius": 0.014860504004628164,
  "cOffset": [
    -0.003628783314928671,
    -4.7361305765269064e-05
  ],
  "mOffset": [
    0.004960321704335831,
    0.0015867099048742183
  ],
  "yOffset": [
    -0.000992997704909089,
    0.0003598504186565238
  ],
  "kOffset": [
    95.01586654558113,
    88.47764071154847
  ],
  "noiseAmp": 1.0402850626258655e-06,
  "colorMode": 0,
  "sourceId": "fb9fad20ede2f27b013efe9b408e6be1b3ff546dfca53eac86c7e0f1a632d551i0",
  "variationId": 194,
  "outliers": [],
  "isOutlier": false
}