{
  "radius": 2.468919077714079,
  "cOffset": [
    -0.002321836580106233,
    -0.004662662182795307
  ],
  "mOffset": [
    -0.0012714900071979878,
    0.0028981461635011465
  ],
  "yOffset": [
    0.001654742165540115,
    0.0017911055364503413
  ],
  "kOffset": [
    20000,
    20000
  ],
  "noiseAmp": 9.807616003085397e-06,
  "colorMode": 0,
  "title": "Triumph of Science",
  "sourceId": "6461c2a49eba6c8220bf472d9a504554a0592470f0cdddddb0969e896a1a6ca9i0",
  "variationId": 279,
  "outliers": [],
  "isOutlier": false
}