{
  "radius": 2.33,
  "cOffset": [
    0.00181,
    0.00387
  ],
  "mOffset": [
    -0.00284,
    0.00024
  ],
  "yOffset": [
    0.00161,
    0.00112
  ],
  "kOffset": [
    20000,
    20000
  ],
  "noiseAmp": 8.62e-07,
  "inkStatus": 0,
  "title": "Triumph of Bitcoin",
  "sourceId": "ba4b86348a6e7bad9deeb21752cf790694355b639650c679ce5b1c61feeab004i0"
}