{
  "radius": 2.151403973554157,
  "cOffset": [
    0.001581334620367048,
    -0.0012438940017843643
  ],
  "mOffset": [
    -0.001366060808921037,
    -0.0019238510563217108
  ],
  "yOffset": [
    0.00121645305794812,
    0.0028886213956540747
  ],
  "kOffset": [
    20000,
    20000
  ],
  "noiseAmp": 4.153057769353494e-06,
  "colorMode": 0,
  "title": "Triumph of Bitcoin",
  "sourceId": "fb9fad20ede2f27b013efe9b408e6be1b3ff546dfca53eac86c7e0f1a632d551i0",
  "variationId": 193,
  "outliers": [],
  "isOutlier": false
}