{
  "radius": 1.897871562063337,
  "cOffset": [
    0.005945901887732125,
    -0.001023936701411859
  ],
  "mOffset": [
    0.000484324930901702,
    -0.0009460447890006124
  ],
  "yOffset": [
    0.00013930201106404917,
    -0.002094892850767397
  ],
  "kOffset": [
    20000,
    20000
  ],
  "noiseAmp": 1.3483274109198955e-06,
  "colorMode": 0,
  "title": "Triumph of Bitcoin",
  "sourceId": "7fcc33c4cb0081cfa85c5d1d541aad5d8c631debbb29c65c95f4d30137ed2aa0i0",
  "variationId": 255,
  "outliers": [],
  "isOutlier": false
}