{
  "radius": 0.01405313827427294,
  "cOffset": [
    0.0024186566223224275,
    0.0004035130383645144
  ],
  "mOffset": [
    -0.0017641450169868468,
    0.006043730013299783
  ],
  "yOffset": [
    -0.002602399737656665,
    0.00028829613175692704
  ],
  "kOffset": [
    138.94232851521213,
    99.05012758390568
  ],
  "noiseAmp": 9.478332006955403e-07,
  "colorMode": 0,
  "sourceId": "a4fca8cd68283460126b88cce9a4d7462917eae4e6c1a5f91300fb9280eae7dbi0",
  "variationId": 80,
  "outliers": [],
  "isOutlier": false
}