{
  "radius": 0.014614419703983483,
  "cOffset": [
    0.0037750539761979606,
    -0.00025234890902858326
  ],
  "mOffset": [
    0.002585967354913307,
    0.004200638618212763
  ],
  "yOffset": [
    0.0025684483591845086,
    -0.0011139717119677138
  ],
  "kOffset": [
    94.53492688462917,
    115.8503160001263
  ],
  "noiseAmp": 2.2682397980215574e-07,
  "colorMode": 0,
  "sourceId": "fb9fad20ede2f27b013efe9b408e6be1b3ff546dfca53eac86c7e0f1a632d551i0",
  "variationId": 196,
  "outliers": [],
  "isOutlier": false
}