{
  "radius": 2.121603120882327,
  "cOffset": [
    -0.0003226142087928395,
    -0.0002233165237430847
  ],
  "mOffset": [
    0.0029975128297252147,
    0.003888792314475385
  ],
  "yOffset": [
    -0.0035149439652079712,
    0.003526930034905488
  ],
  "kOffset": [
    20000,
    20000
  ],
  "noiseAmp": 1.395909646013412e-05,
  "colorMode": 0,
  "title": "Triumph of Science",
  "sourceId": "b1ff3531357fc4703e14454c8cfc606c79f88f87f908ec0d34a3e7eb02a843adi0",
  "variationId": 305,
  "outliers": [],
  "isOutlier": false
}