{
  "radius": 0.014543087620840544,
  "cOffset": [
    -0.0008149824924964911,
    -0.00015343030379292696
  ],
  "mOffset": [
    0.0008509590826425986,
    0.00524103163509527
  ],
  "yOffset": [
    0.0007128815484455107,
    0.0008922371584444157
  ],
  "kOffset": [
    98.60159759020581,
    109.34489985607507
  ],
  "noiseAmp": 1.9331963100820968e-07,
  "colorMode": 0,
  "sourceId": "5f53dd709a8d2e350674d86679ff550763502a0ff8c2b567cefa4b52f736aa7fi0",
  "variationId": 50,
  "outliers": [],
  "isOutlier": false
}