{
  "radius": 0.015743977526954,
  "cOffset": [
    0.0046887161795268716,
    -0.00022573885398834994
  ],
  "mOffset": [
    0.00330340816193179,
    -0.0009017203951061961
  ],
  "yOffset": [
    0.00018270112022712907,
    5.580907856921606e-05
  ],
  "kOffset": [
    91.5576221721318,
    109.30809643444856
  ],
  "noiseAmp": 1.910452767591452e-06,
  "colorMode": 0,
  "sourceId": "63594e1b8512a5ad3215acfb7470f181444c773c0953d875f9713fca3d896774i0",
  "variationId": 41,
  "outliers": [],
  "isOutlier": false
}