{
  "radius": 0.0144667234706398,
  "cOffset": [
    -0.0016467298613693604,
    5.7733148381873714e-05
  ],
  "mOffset": [
    -0.002110010112320988,
    0.00404913492713923
  ],
  "yOffset": [
    -0.00024148795545016406,
    -0.0007865244727374137
  ],
  "kOffset": [
    80.28715702745924,
    98.9540560211696
  ],
  "noiseAmp": 5.550503057972199e-07,
  "colorMode": 0,
  "sourceId": "cf3ae616cfa57b2304a43445a0025e16d1c36943ed15cb1af5898185cf0d88efi0",
  "variationId": 97,
  "outliers": [],
  "isOutlier": false
}