{
  "radius": 0.014770005348448804,
  "cOffset": [
    0.0022027611056737346,
    7.60144403452168e-06
  ],
  "mOffset": [
    0.00040083586718645794,
    0.005880302339192056
  ],
  "yOffset": [
    -0.0009204604446676135,
    -0.0005936800488286351
  ],
  "kOffset": [
    119.12494893751409,
    101.60565595977208
  ],
  "noiseAmp": 2.3229451862917782e-07,
  "colorMode": 0,
  "sourceId": "a4fca8cd68283460126b88cce9a4d7462917eae4e6c1a5f91300fb9280eae7dbi0",
  "variationId": 91,
  "outliers": [],
  "isOutlier": false
}