{
  "radius": 2.2600996201126065,
  "cOffset": [
    0.0023061114535720883,
    -0.002206091839256639
  ],
  "mOffset": [
    -0.003865499776351296,
    0.0015900490855098224
  ],
  "yOffset": [
    0.004666617360233227,
    0.0008367931563083837
  ],
  "kOffset": [
    20000,
    20000
  ],
  "noiseAmp": 6.748767318041418e-06,
  "colorMode": 0,
  "title": "Triumph of Bitcoin",
  "sourceId": "63594e1b8512a5ad3215acfb7470f181444c773c0953d875f9713fca3d896774i0",
  "variationId": 33,
  "outliers": [],
  "isOutlier": false
}