{
  "radius": 2.325111696805555,
  "cOffset": [
    3.6208112730320334e-05,
    -0.001763190314965682
  ],
  "mOffset": [
    0.0035239196515969976,
    0.0058575005369095445
  ],
  "yOffset": [
    0.0016615298045110011,
    -0.0007447453481049708
  ],
  "kOffset": [
    20000,
    20000
  ],
  "noiseAmp": 8.01624752115511e-06,
  "colorMode": 0,
  "title": "Triumph of Bitcoin",
  "sourceId": "7fcc33c4cb0081cfa85c5d1d541aad5d8c631debbb29c65c95f4d30137ed2aa0i0",
  "variationId": 246,
  "outliers": [],
  "isOutlier": false
}