{
  "radius": 2.047468404120607,
  "cOffset": [
    -0.0022707194232758775,
    -0.0021349080528075856
  ],
  "mOffset": [
    -0.001051289123602155,
    -0.002764967787347289
  ],
  "yOffset": [
    0.0048004058372475115,
    -0.000646034335153797
  ],
  "kOffset": [
    20000,
    20000
  ],
  "noiseAmp": 1.555022966941581e-05,
  "colorMode": 0,
  "title": "Triumph of Bitcoin",
  "sourceId": "ec11a3e19cb22adf6a880c63b1daf19568cf5a6717572bfd123d91f15fe4d241i0",
  "variationId": 166,
  "outliers": [],
  "isOutlier": false
}