{
  "radius": 2.18,
  "cOffset": [
    -0.001,
    -0.00142
  ],
  "mOffset": [
    0.00294,
    -0.000302
  ],
  "yOffset": [
    0.000342,
    0.000776
  ],
  "kOffset": [
    20000,
    20000
  ],
  "noiseAmp": 7.52e-06,
  "inkStatus": 0,
  "title": "Triumph of Bitcoin",
  "wear": 53.1,
  "sourceId": "fb9fad20ede2f27b013efe9b408e6be1b3ff546dfca53eac86c7e0f1a632d551i0",
  "variationId": 213,
  "outliers": [],
  "isOutlier": false
}