{
  "radius": 2.231457408318584,
  "cOffset": [
    0.0012441664944996427,
    0.002511912995313253
  ],
  "mOffset": [
    0.0007494845194691007,
    -0.005524000744775354
  ],
  "yOffset": [
    -0.002796225129988363,
    -0.004815579286841577
  ],
  "kOffset": [
    20000,
    20000
  ],
  "noiseAmp": 7.176172775857166e-06,
  "colorMode": 0,
  "title": "Triumph of Bitcoin",
  "sourceId": "ec11a3e19cb22adf6a880c63b1daf19568cf5a6717572bfd123d91f15fe4d241i0",
  "variationId": 151,
  "outliers": [],
  "isOutlier": false
}