{
  "radius": 2.03,
  "cOffset": [
    -0.000126,
    -0.00377
  ],
  "mOffset": [
    0.000958,
    0.00221
  ],
  "yOffset": [
    -0.00512,
    -0.00183
  ],
  "kOffset": [
    20000,
    20000
  ],
  "noiseAmp": 6.43e-06,
  "inkStatus": 0,
  "title": "Triumph of Bitcoin",
  "sourceId": "ba4b86348a6e7bad9deeb21752cf790694355b639650c679ce5b1c61feeab004i0"
}