{
  "radius": 2.06,
  "cOffset": [
    -0.00398,
    0.00414
  ],
  "mOffset": [
    0.00274,
    -0.00842
  ],
  "yOffset": [
    0.00582,
    0.00245
  ],
  "kOffset": [
    20000,
    20000
  ],
  "noiseAmp": 4.62e-06,
  "inkStatus": 0,
  "title": "Triumph of Bitcoin",
  "sourceId": "7fcc33c4cb0081cfa85c5d1d541aad5d8c631debbb29c65c95f4d30137ed2aa0i0"
}