{
  "radius": 0.014750528314059014,
  "cOffset": [
    -0.0013220334552951013,
    -0.0002473955495425467
  ],
  "mOffset": [
    -0.0011977851882729708,
    -0.0009526419305341688
  ],
  "yOffset": [
    0.0009415358462595339,
    -1.1862593403266597e-05
  ],
  "kOffset": [
    107.64235340975684,
    94.78131736218148
  ],
  "noiseAmp": 6.259047608138268e-07,
  "colorMode": 0,
  "sourceId": "fb9fad20ede2f27b013efe9b408e6be1b3ff546dfca53eac86c7e0f1a632d551i0",
  "variationId": 193,
  "outliers": [],
  "isOutlier": false
}