{
  "radius": 2.245346927431567,
  "cOffset": [
    0.003136982284391386,
    -0.00442251453012736
  ],
  "mOffset": [
    -0.0029316438276621518,
    -0.0009575173718343071
  ],
  "yOffset": [
    -0.0024314460374897373,
    0.00018859526526880503
  ],
  "kOffset": [
    20000,
    20000
  ],
  "noiseAmp": 7.34883914558272e-06,
  "colorMode": 0,
  "title": "Triumph of Bitcoin",
  "sourceId": "63594e1b8512a5ad3215acfb7470f181444c773c0953d875f9713fca3d896774i0",
  "variationId": 43,
  "outliers": [],
  "isOutlier": false
}