{
  "radius": 2.087492871674983,
  "cOffset": [
    0.0026157125737528548,
    0.0030510134354415235
  ],
  "mOffset": [
    0.00022792223043723869,
    -0.00457973591399615
  ],
  "yOffset": [
    0.0010044366663280414,
    -0.001870443342177689
  ],
  "kOffset": [
    20000,
    20000
  ],
  "noiseAmp": 8.492892228410123e-06,
  "colorMode": 0,
  "title": "Triumph of Bitcoin",
  "sourceId": "cf3ae616cfa57b2304a43445a0025e16d1c36943ed15cb1af5898185cf0d88efi0",
  "variationId": 112,
  "outliers": [],
  "isOutlier": false
}