{
  "radius": 0.015349463496022397,
  "cOffset": [
    -0.00016036154367950805,
    0.0005016779524084792
  ],
  "mOffset": [
    0.005513970328322229,
    0.008555752672083076
  ],
  "yOffset": [
    -0.0009081948557134739,
    -0.0008266157805057241
  ],
  "kOffset": [
    103.45289664064858,
    86.67743583426129
  ],
  "noiseAmp": 1.0851353108607015e-06,
  "colorMode": 0,
  "sourceId": "a4fca8cd68283460126b88cce9a4d7462917eae4e6c1a5f91300fb9280eae7dbi0",
  "variationId": 72,
  "outliers": [],
  "isOutlier": false
}