{
  "radius": 2.36,
  "cOffset": [
    -0.00572,
    -9.99e-05
  ],
  "mOffset": [
    0.00216,
    0.00732
  ],
  "yOffset": [
    -0.00231,
    0.00128
  ],
  "kOffset": [
    20000,
    20000
  ],
  "noiseAmp": 3.2e-06,
  "inkStatus": 0,
  "title": "Triumph of Bitcoin",
  "sourceId": "63594e1b8512a5ad3215acfb7470f181444c773c0953d875f9713fca3d896774i0"
}