{
  "radius": 2.2988447195982133,
  "cOffset": [
    -0.0014665092392849282,
    -0.0037662529462721733
  ],
  "mOffset": [
    -0.00037373483234308483,
    -0.005316505857898327
  ],
  "yOffset": [
    -0.00144921560315306,
    0.001196143910700859
  ],
  "kOffset": [
    20000,
    20000
  ],
  "noiseAmp": 1.898436758367618e-06,
  "colorMode": 0,
  "title": "Triumph of Science",
  "sourceId": "806d80e7cf7f39208eccf59102e0086d6b593dbe3152777ef31dfc869a02340fi0",
  "variationId": 311,
  "outliers": [],
  "isOutlier": false
}