{
  "radius": 0.014473300906639387,
  "cOffset": [
    0.0032515608857718787,
    8.094565571608003e-05
  ],
  "mOffset": [
    0.004319931534386126,
    0.00347178572159534
  ],
  "yOffset": [
    -0.000531908065055175,
    0.001026038517309865
  ],
  "kOffset": [
    94.98211416314493,
    84.75363144686989
  ],
  "noiseAmp": 1.313775133257548e-06,
  "colorMode": 0,
  "sourceId": "7fcc33c4cb0081cfa85c5d1d541aad5d8c631debbb29c65c95f4d30137ed2aa0i0",
  "variationId": 255,
  "outliers": [],
  "isOutlier": false
}