{
  "radius": 2.1044055271263487,
  "cOffset": [
    -0.0018126431601352413,
    0.00122054160529694
  ],
  "mOffset": [
    -0.0017523348238589035,
    0.00048697152389873586
  ],
  "yOffset": [
    -0.0006039300155740067,
    0.0012944535761183283
  ],
  "kOffset": [
    20000,
    20000
  ],
  "noiseAmp": 5.089047689132058e-06,
  "colorMode": 0,
  "title": "Triumph of Bitcoin",
  "sourceId": "cf3ae616cfa57b2304a43445a0025e16d1c36943ed15cb1af5898185cf0d88efi0",
  "variationId": 116,
  "outliers": [],
  "isOutlier": false
}