{
  "radius": 0.014237140292044127,
  "cOffset": [
    0.00024334072849893442,
    -0.000304727528650844
  ],
  "mOffset": [
    -0.0037463858829664457,
    0.0028831911814832445
  ],
  "yOffset": [
    -0.0008573870313121325,
    -0.0021068738485113163
  ],
  "kOffset": [
    94.6583388090705,
    78.99279370531809
  ],
  "noiseAmp": 1.0719777859537359e-06,
  "colorMode": 0,
  "sourceId": "ff08f64a29c957c1f376ca1d35c2ccb5851379da3df9618b8108f55ed65dfb39i0",
  "variationId": 217,
  "outliers": [],
  "isOutlier": false
}