{
  "radius": 0.01522812047969107,
  "cOffset": [
    -0.00437170595267402,
    -0.00020690537788794648
  ],
  "mOffset": [
    0.0009922704394313567,
    -0.0017894925830795171
  ],
  "yOffset": [
    -0.0024137611886043014,
    0.0007737401359797324
  ],
  "kOffset": [
    112.08298795492097,
    106.93503386954107
  ],
  "noiseAmp": 1.2223690160257625e-06,
  "colorMode": 0,
  "sourceId": "ba4b86348a6e7bad9deeb21752cf790694355b639650c679ce5b1c61feeab004i0",
  "variationId": 170,
  "outliers": [],
  "isOutlier": false
}