{
  "radius": 0.014971373118089234,
  "cOffset": [
    -0.0008987827509289139,
    -0.00020950666377948768
  ],
  "mOffset": [
    -0.0068478011566967855,
    -8.260821917840068e-05
  ],
  "yOffset": [
    0.0008622931651924001,
    -9.112873357353365e-06
  ],
  "kOffset": [
    95.40789233198441,
    112.67699058885901
  ],
  "noiseAmp": 1.0687626208347937e-06,
  "colorMode": 0,
  "sourceId": "ff08f64a29c957c1f376ca1d35c2ccb5851379da3df9618b8108f55ed65dfb39i0",
  "variationId": 216,
  "outliers": [],
  "isOutlier": false
}