{
  "radius": 2.28,
  "cOffset": [
    -0.00305,
    -0.00385
  ],
  "mOffset": [
    0.00106,
    0.00181
  ],
  "yOffset": [
    0.00505,
    0.0132
  ],
  "kOffset": [
    20000,
    20000
  ],
  "noiseAmp": 8.9e-06,
  "inkStatus": 2,
  "title": "Triumph of Bitcoin",
  "wear": 44.8,
  "sourceId": "7fcc33c4cb0081cfa85c5d1d541aad5d8c631debbb29c65c95f4d30137ed2aa0i0",
  "variationId": 246,
  "outliers": [
    "inkStatus",
    "yOffset"
  ],
  "isOutlier": true
}