{
  "radius": 0.015392756878343494,
  "cOffset": [
    -0.0005100525268711509,
    8.746676596095851e-05
  ],
  "mOffset": [
    -0.002058267421671095,
    -0.005333562426775392
  ],
  "yOffset": [
    0.0010745231704102846,
    -0.000981388915306299
  ],
  "kOffset": [
    81.98024841419613,
    92.66914171741826
  ],
  "noiseAmp": 5.747285566993126e-07,
  "colorMode": 0,
  "sourceId": "cf3ae616cfa57b2304a43445a0025e16d1c36943ed15cb1af5898185cf0d88efi0",
  "variationId": 118,
  "outliers": [],
  "isOutlier": false
}