{
  "radius": 2.307321761025798,
  "cOffset": [
    -0.0035582924044354263,
    0.00124832071074658
  ],
  "mOffset": [
    -0.0002627899604638844,
    -0.003034937891993515
  ],
  "yOffset": [
    -0.00422671563525832,
    -0.0012350186721301498
  ],
  "kOffset": [
    20000,
    20000
  ],
  "noiseAmp": 9.352063364664411e-06,
  "colorMode": 0,
  "title": "Triumph of Bitcoin",
  "sourceId": "a4fca8cd68283460126b88cce9a4d7462917eae4e6c1a5f91300fb9280eae7dbi0",
  "variationId": 93,
  "outliers": [],
  "isOutlier": false
}