{
  "radius": 2.42,
  "cOffset": [
    -0.000272,
    -0.00474
  ],
  "mOffset": [
    -0.000699,
    0.00465
  ],
  "yOffset": [
    0.00313,
    0.000854
  ],
  "kOffset": [
    20000,
    20000
  ],
  "noiseAmp": 1.15e-05,
  "inkStatus": 0,
  "title": "Triumph of Bitcoin",
  "wear": 55.7,
  "sourceId": "a4fca8cd68283460126b88cce9a4d7462917eae4e6c1a5f91300fb9280eae7dbi0",
  "variationId": 79,
  "outliers": [],
  "isOutlier": false
}