{
  "radius": 2.1328123611389405,
  "cOffset": [
    0.0011650057358873688,
    0.003245754659512129
  ],
  "mOffset": [
    0.0021638218570385606,
    0.0028828544797425224
  ],
  "yOffset": [
    -0.0069203229792496644,
    -0.000477228135777435
  ],
  "kOffset": [
    20000,
    20000
  ],
  "noiseAmp": 1.2735615704233509e-05,
  "colorMode": 0,
  "title": "Triumph of Bitcoin",
  "sourceId": "5f53dd709a8d2e350674d86679ff550763502a0ff8c2b567cefa4b52f736aa7fi0",
  "variationId": 58,
  "outliers": [],
  "isOutlier": false
}