{
  "radius": 2.15,
  "cOffset": [
    0.00125,
    0.00408
  ],
  "mOffset": [
    0.00999,
    0.0112
  ],
  "yOffset": [
    -0.00201,
    -0.00233
  ],
  "kOffset": [
    20000,
    20000
  ],
  "noiseAmp": 9.83e-06,
  "inkStatus": 0,
  "title": "Triumph of Bitcoin",
  "sourceId": "ec11a3e19cb22adf6a880c63b1daf19568cf5a6717572bfd123d91f15fe4d241i0"
}