{
  "radius": 2.25,
  "cOffset": [
    -0.00177,
    0.00187
  ],
  "mOffset": [
    0.00541,
    0.000676
  ],
  "yOffset": [
    -0.00168,
    0.00152
  ],
  "kOffset": [
    20000,
    20000
  ],
  "noiseAmp": 4.96e-06,
  "inkStatus": 2,
  "title": "Triumph of Science",
  "wear": 40.7,
  "sourceId": "b1ff3531357fc4703e14454c8cfc606c79f88f87f908ec0d34a3e7eb02a843adi0",
  "variationId": 308,
  "outliers": [
    "inkStatus"
  ],
  "isOutlier": true
}