{
  "radius": 0.014761324412833027,
  "cOffset": [
    0.0008936455172460965,
    -8.340621691382263e-05
  ],
  "mOffset": [
    0.0018901161791067807,
    0.0034154364678153364
  ],
  "yOffset": [
    0.00131397010663383,
    0.0014770577673414924
  ],
  "kOffset": [
    111.5234661899835,
    90.35992120314383
  ],
  "noiseAmp": 4.227811399593224e-07,
  "colorMode": 0,
  "sourceId": "fb9fad20ede2f27b013efe9b408e6be1b3ff546dfca53eac86c7e0f1a632d551i0",
  "variationId": 207,
  "outliers": [],
  "isOutlier": false
}