{
  "radius": 2.25,
  "cOffset": [
    0.000485,
    -0.00302
  ],
  "mOffset": [
    -0.00258,
    -0.00156
  ],
  "yOffset": [
    -0.00204,
    -0.000185
  ],
  "kOffset": [
    20000,
    20000
  ],
  "noiseAmp": 8.72e-06,
  "inkStatus": 0,
  "title": "Triumph of Bitcoin",
  "wear": 49.2,
  "sourceId": "a4fca8cd68283460126b88cce9a4d7462917eae4e6c1a5f91300fb9280eae7dbi0",
  "variationId": 78,
  "outliers": [],
  "isOutlier": false
}