{
  "radius": 0.015022174938010134,
  "cOffset": [
    -0.0005466835139680567,
    -4.329661351747304e-05
  ],
  "mOffset": [
    -0.002317481585248234,
    0.002869722586929156
  ],
  "yOffset": [
    0.0005979984281026814,
    0.0006403128871452881
  ],
  "kOffset": [
    117.70458651208365,
    76.42649847997069
  ],
  "noiseAmp": 8.101922888506353e-07,
  "colorMode": 0,
  "sourceId": "ff08f64a29c957c1f376ca1d35c2ccb5851379da3df9618b8108f55ed65dfb39i0",
  "variationId": 232,
  "outliers": [],
  "isOutlier": false
}