{
  "radius": 2.24,
  "cOffset": [
    0.00207,
    -0.000866
  ],
  "mOffset": [
    -0.00179,
    0.00068
  ],
  "yOffset": [
    0.000605,
    -0.00281
  ],
  "kOffset": [
    20000,
    20000
  ],
  "noiseAmp": 8.91e-06,
  "inkStatus": 0,
  "title": "Triumph of Bitcoin",
  "wear": 49.9,
  "sourceId": "cf3ae616cfa57b2304a43445a0025e16d1c36943ed15cb1af5898185cf0d88efi0",
  "variationId": 113,
  "outliers": [],
  "isOutlier": false
}