{
  "radius": 0.01478193121494123,
  "cOffset": [
    -0.0006663374569476051,
    5.480788883501454e-05
  ],
  "mOffset": [
    0.004185255321967423,
    0.0029258874097199245
  ],
  "yOffset": [
    0.000992091307548484,
    7.199118844109905e-05
  ],
  "kOffset": [
    100.241669865512,
    107.65609112211433
  ],
  "noiseAmp": 6.615846963918973e-07,
  "colorMode": 0,
  "sourceId": "fb9fad20ede2f27b013efe9b408e6be1b3ff546dfca53eac86c7e0f1a632d551i0",
  "variationId": 214,
  "outliers": [],
  "isOutlier": false
}