{
  "radius": 2.35,
  "cOffset": [
    -0.00208,
    -0.00489
  ],
  "mOffset": [
    0.000545,
    -0.000658
  ],
  "yOffset": [
    0.00374,
    -0.00243
  ],
  "kOffset": [
    20000,
    20000
  ],
  "noiseAmp": 1.52e-05,
  "inkStatus": 0,
  "title": "Triumph of Science",
  "wear": 43.6,
  "sourceId": "b1ff3531357fc4703e14454c8cfc606c79f88f87f908ec0d34a3e7eb02a843adi0",
  "variationId": 294,
  "outliers": [],
  "isOutlier": false
}