{
  "radius": 0.014292870139062492,
  "cOffset": [
    0.0004282038213982128,
    0.00026301169802676427
  ],
  "mOffset": [
    -0.002206394138941533,
    -0.0003625619800742221
  ],
  "yOffset": [
    -0.00011856868195146515,
    -0.0008893809780563729
  ],
  "kOffset": [
    106.71899101703285,
    100.3482053625696
  ],
  "noiseAmp": 9.351328470978551e-07,
  "colorMode": 0,
  "sourceId": "806d80e7cf7f39208eccf59102e0086d6b593dbe3152777ef31dfc869a02340fi0",
  "variationId": 330,
  "outliers": [],
  "isOutlier": false
}