{
  "radius": 2.08,
  "cOffset": [
    -0.000898,
    -0.00557
  ],
  "mOffset": [
    -0.00392,
    -0.00035
  ],
  "yOffset": [
    0.00281,
    0.00181
  ],
  "kOffset": [
    20000,
    20000
  ],
  "noiseAmp": 1.2e-05,
  "inkStatus": 0,
  "title": "Triumph of Bitcoin",
  "sourceId": "fb9fad20ede2f27b013efe9b408e6be1b3ff546dfca53eac86c7e0f1a632d551i0"
}