{
  "radius": 0.014852930481540362,
  "cOffset": [
    -0.0017438490848431106,
    2.2023899161637906e-05
  ],
  "mOffset": [
    -0.005652663412630808,
    -0.0004714713543490034
  ],
  "yOffset": [
    -0.0017623448119045895,
    -0.0008011572518552394
  ],
  "kOffset": [
    79.0964430002235,
    103.9912252097666
  ],
  "noiseAmp": 1.2217006907303102e-07,
  "colorMode": 0,
  "sourceId": "b1ff3531357fc4703e14454c8cfc606c79f88f87f908ec0d34a3e7eb02a843adi0",
  "variationId": 289,
  "outliers": [],
  "isOutlier": false
}