{
  "radius": 2.18,
  "cOffset": [
    -0.000441,
    0.00088
  ],
  "mOffset": [
    -0.0022,
    0.00274
  ],
  "yOffset": [
    0.00204,
    -0.00153
  ],
  "kOffset": [
    20000,
    20000
  ],
  "noiseAmp": 2.71e-06,
  "inkStatus": 0,
  "title": "Triumph of Bitcoin",
  "sourceId": "ba4b86348a6e7bad9deeb21752cf790694355b639650c679ce5b1c61feeab004i0"
}