{
  "radius": 2.1432662262911935,
  "cOffset": [
    0.000455049612964417,
    0.0002423384073109877
  ],
  "mOffset": [
    0.001794623775971016,
    -0.003089748460910688
  ],
  "yOffset": [
    0.0036316992971755974,
    0.0002417002366556134
  ],
  "kOffset": [
    20000,
    20000
  ],
  "noiseAmp": 2.0185063865142285e-06,
  "colorMode": 0,
  "title": "Triumph of Bitcoin",
  "sourceId": "5f53dd709a8d2e350674d86679ff550763502a0ff8c2b567cefa4b52f736aa7fi0",
  "variationId": 59,
  "outliers": [],
  "isOutlier": false
}