{
  "radius": 0.014303006593536206,
  "cOffset": [
    0.0032672616964564316,
    0.00016278514069895588
  ],
  "mOffset": [
    -0.0012204345832732028,
    -0.00205090887247113
  ],
  "yOffset": [
    -0.001276239751241394,
    0.0011080466495817676
  ],
  "kOffset": [
    88.88334846077065,
    82.29296534624807
  ],
  "noiseAmp": 1.1612255951714217e-06,
  "colorMode": 0,
  "sourceId": "11e0ab1f653675211944593bb87d1b875050c2f328ab175595d2e7189da9b2f8i0",
  "variationId": 132,
  "outliers": [],
  "isOutlier": false
}