{
  "radius": 2.1,
  "cOffset": [
    -0.00323,
    -0.000401
  ],
  "mOffset": [
    0.00463,
    0.0051
  ],
  "yOffset": [
    0.00247,
    0.00693
  ],
  "kOffset": [
    20000,
    20000
  ],
  "noiseAmp": 3.4e-06,
  "inkStatus": 0,
  "title": "Triumph of Science",
  "sourceId": "6461c2a49eba6c8220bf472d9a504554a0592470f0cdddddb0969e896a1a6ca9i0"
}