{
  "radius": 2.3793874841408464,
  "cOffset": [
    0.0012840110131474426,
    -0.0023605497432926583
  ],
  "mOffset": [
    0.0006696760927671081,
    -0.000407718237427129
  ],
  "yOffset": [
    0.0017516455219105448,
    -0.0022856211011731127
  ],
  "kOffset": [
    20000,
    20000
  ],
  "noiseAmp": 4.089451030252422e-06,
  "colorMode": 0,
  "title": "Triumph of Bitcoin",
  "sourceId": "ff08f64a29c957c1f376ca1d35c2ccb5851379da3df9618b8108f55ed65dfb39i0",
  "variationId": 238,
  "outliers": [],
  "isOutlier": false
}