{
  "radius": 2.3,
  "cOffset": [
    0.0241,
    -0.0166
  ],
  "mOffset": [
    0.00482,
    -0.00667
  ],
  "yOffset": [
    0.000752,
    -0.000577
  ],
  "kOffset": [
    20000,
    20000
  ],
  "noiseAmp": 2.28e-07,
  "inkStatus": 6,
  "title": "Triumph of Bitcoin",
  "wear": 43.8,
  "sourceId": "5f53dd709a8d2e350674d86679ff550763502a0ff8c2b567cefa4b52f736aa7fi0",
  "variationId": 51,
  "outliers": [
    "inkStatus",
    "cOffset"
  ],
  "isOutlier": true
}