{
  "radius": 0.014993036618437329,
  "cOffset": [
    0.00686433529345861,
    -6.0508989340039435e-05
  ],
  "mOffset": [
    0.0035778291525032147,
    0.0016735258109955658
  ],
  "yOffset": [
    0.001346140345061792,
    -0.0018531354019293397
  ],
  "kOffset": [
    109.36900854787973,
    88.86234532236215
  ],
  "noiseAmp": 1.7853025801855385e-06,
  "colorMode": 0,
  "sourceId": "63594e1b8512a5ad3215acfb7470f181444c773c0953d875f9713fca3d896774i0",
  "variationId": 38,
  "outliers": [],
  "isOutlier": false
}