{
  "radius": 2.0984082466443716,
  "cOffset": [
    -0.001816737157914901,
    -0.0021645218436788143
  ],
  "mOffset": [
    0.0016550617506468361,
    0.0008776891165669187
  ],
  "yOffset": [
    0.0016321457172148637,
    0.00023818754279792098
  ],
  "kOffset": [
    20000,
    20000
  ],
  "noiseAmp": 2.9907062865455817e-06,
  "colorMode": 0,
  "title": "Triumph of Bitcoin",
  "sourceId": "ec11a3e19cb22adf6a880c63b1daf19568cf5a6717572bfd123d91f15fe4d241i0",
  "variationId": 159,
  "outliers": [],
  "isOutlier": false
}