{
  "radius": 0.014794869345016547,
  "cOffset": [
    -0.0031001089356037415,
    0.0003054489591582242
  ],
  "mOffset": [
    0.0008360866833938074,
    -0.0026161063422715353
  ],
  "yOffset": [
    -0.0008589812463956645,
    -0.001353028079469768
  ],
  "kOffset": [
    93.2809244660274,
    96.08442384149281
  ],
  "noiseAmp": 2.8368132308174846e-06,
  "colorMode": 0,
  "sourceId": "11e0ab1f653675211944593bb87d1b875050c2f328ab175595d2e7189da9b2f8i0",
  "variationId": 126,
  "outliers": [],
  "isOutlier": false
}