{
  "radius": 2.21,
  "cOffset": [
    -0.00308,
    0.00319
  ],
  "mOffset": [
    0.00308,
    0.000616
  ],
  "yOffset": [
    -0.00424,
    0.00418
  ],
  "kOffset": [
    20000,
    20000
  ],
  "noiseAmp": 2.09e-05,
  "inkStatus": 0,
  "title": "Triumph of Bitcoin",
  "wear": 47.9,
  "sourceId": "11e0ab1f653675211944593bb87d1b875050c2f328ab175595d2e7189da9b2f8i0",
  "variationId": 134,
  "outliers": [],
  "isOutlier": false
}