{
  "radius": 2.12,
  "cOffset": [
    -0.00124,
    7.54e-05
  ],
  "mOffset": [
    -9.36e-05,
    0.0013
  ],
  "yOffset": [
    -0.003,
    0.00174
  ],
  "kOffset": [
    20000,
    20000
  ],
  "noiseAmp": 7.34e-06,
  "inkStatus": 0,
  "title": "Triumph of Bitcoin",
  "wear": 57.7,
  "sourceId": "fbab7ffde03428ed7c11dc268605241b6e33ea212229b03fb1d8f21e289fae54i0",
  "variationId": 6,
  "outliers": [],
  "isOutlier": false
}