{
  "radius": 0.013723128603461962,
  "cOffset": [
    -0.000802259247277514,
    -0.0002896105908385511
  ],
  "mOffset": [
    -0.0018205433297177084,
    -0.0023463175430225003
  ],
  "yOffset": [
    0.002657797172162807,
    0.0012934849061550292
  ],
  "kOffset": [
    90.76347318984295,
    85.67518227170675
  ],
  "noiseAmp": 1.5192561015742493e-06,
  "colorMode": 0,
  "sourceId": "cf3ae616cfa57b2304a43445a0025e16d1c36943ed15cb1af5898185cf0d88efi0",
  "variationId": 101,
  "outliers": [],
  "isOutlier": false
}