{
  "radius": 2.17,
  "cOffset": [
    0.00175,
    -0.00227
  ],
  "mOffset": [
    0.00142,
    -0.00285
  ],
  "yOffset": [
    -0.00107,
    -0.00317
  ],
  "kOffset": [
    20000,
    20000
  ],
  "noiseAmp": 7.68e-06,
  "inkStatus": 0,
  "title": "Triumph of Bitcoin",
  "sourceId": "5f53dd709a8d2e350674d86679ff550763502a0ff8c2b567cefa4b52f736aa7fi0"
}