{
  "radius": 2.0723071880181703,
  "cOffset": [
    0.00015261807688464503,
    0.0041887677927118765
  ],
  "mOffset": [
    -0.001545975789578087,
    0.001281056798315894
  ],
  "yOffset": [
    0.0017188636702036482,
    -0.012959136062182764
  ],
  "kOffset": [
    20000,
    20000
  ],
  "noiseAmp": 8.234350146709764e-06,
  "colorMode": 0,
  "title": "Triumph of Bitcoin",
  "sourceId": "fb9fad20ede2f27b013efe9b408e6be1b3ff546dfca53eac86c7e0f1a632d551i0",
  "variationId": 212,
  "outliers": [
    "yOffset"
  ],
  "isOutlier": true
}