{
  "radius": 2.12,
  "cOffset": [
    -0.000838,
    -0.000424
  ],
  "mOffset": [
    0.00345,
    0.00187
  ],
  "yOffset": [
    0.0046,
    -0.0033
  ],
  "kOffset": [
    20000,
    20000
  ],
  "noiseAmp": 1.78e-05,
  "inkStatus": 0,
  "title": "Triumph of Bitcoin",
  "sourceId": "a4fca8cd68283460126b88cce9a4d7462917eae4e6c1a5f91300fb9280eae7dbi0"
}