{
  "radius": 2.06,
  "cOffset": [
    0.00135,
    -0.000329
  ],
  "mOffset": [
    0.00137,
    -0.00281
  ],
  "yOffset": [
    -0.00108,
    0.000766
  ],
  "kOffset": [
    20000,
    20000
  ],
  "noiseAmp": 1.9e-06,
  "inkStatus": 0,
  "title": "Triumph of Bitcoin",
  "wear": 46.7,
  "sourceId": "cf3ae616cfa57b2304a43445a0025e16d1c36943ed15cb1af5898185cf0d88efi0",
  "variationId": 114,
  "outliers": [],
  "isOutlier": false
}