{
  "radius": 0.01541774605065806,
  "cOffset": [
    -0.0022849230237605863,
    0.00015371107703903748
  ],
  "mOffset": [
    -0.0023348707079429002,
    0.003539138170766191
  ],
  "yOffset": [
    -0.0015659878272711802,
    -0.0011250049863338397
  ],
  "kOffset": [
    107.21798317138604,
    96.95150959545782
  ],
  "noiseAmp": 1.1624613551483227e-06,
  "colorMode": 0,
  "sourceId": "ec11a3e19cb22adf6a880c63b1daf19568cf5a6717572bfd123d91f15fe4d241i0",
  "variationId": 157,
  "outliers": [],
  "isOutlier": false
}