{
  "radius": 2.129692004013655,
  "cOffset": [
    -0.0015257515743283163,
    -0.006153318997295454
  ],
  "mOffset": [
    0.0024969358872120864,
    0.001503304893001484
  ],
  "yOffset": [
    -5.700596491122334e-05,
    -0.00038230236999513354
  ],
  "kOffset": [
    20000,
    20000
  ],
  "noiseAmp": 3.368443154653173e-06,
  "colorMode": 0,
  "title": "Triumph of Science",
  "sourceId": "806d80e7cf7f39208eccf59102e0086d6b593dbe3152777ef31dfc869a02340fi0",
  "variationId": 326,
  "outliers": [],
  "isOutlier": false
}