{
  "radius": 0.015610529434052913,
  "cOffset": [
    0.0025431427135977824,
    0.0002180620417119716
  ],
  "mOffset": [
    -0.0004588171523434725,
    0.00036287479241037057
  ],
  "yOffset": [
    0.0008588821143290425,
    0.0012406896286128245
  ],
  "kOffset": [
    107.1911267964647,
    95.03708450942031
  ],
  "noiseAmp": 1.2954457565164052e-06,
  "colorMode": 0,
  "sourceId": "63594e1b8512a5ad3215acfb7470f181444c773c0953d875f9713fca3d896774i0",
  "variationId": 36,
  "outliers": [],
  "isOutlier": false
}