{
  "radius": 2.15,
  "cOffset": [
    -0.000725,
    -0.00106
  ],
  "mOffset": [
    -0.00281,
    -0.00382
  ],
  "yOffset": [
    0.00179,
    0.00078
  ],
  "kOffset": [
    20000,
    20000
  ],
  "noiseAmp": 1.22e-05,
  "inkStatus": 0,
  "title": "Triumph of Bitcoin",
  "wear": 52.4,
  "sourceId": "63594e1b8512a5ad3215acfb7470f181444c773c0953d875f9713fca3d896774i0",
  "variationId": 36,
  "outliers": [],
  "isOutlier": false
}