{
  "radius": 0.01598699103345755,
  "cOffset": [
    0.0011404361990776347,
    -0.00016497577545564746
  ],
  "mOffset": [
    -0.002838526802727239,
    0.004133164751498398
  ],
  "yOffset": [
    0.002044158881674028,
    0.0006690788783676201
  ],
  "kOffset": [
    87.03545017560322,
    96.48231870789579
  ],
  "noiseAmp": 2.59277184509526e-06,
  "colorMode": 0,
  "sourceId": "ff08f64a29c957c1f376ca1d35c2ccb5851379da3df9618b8108f55ed65dfb39i0",
  "variationId": 223,
  "outliers": [],
  "isOutlier": false
}