{
  "radius": 2.34,
  "cOffset": [
    0.00122,
    -0.0014
  ],
  "mOffset": [
    -0.00213,
    0.000954
  ],
  "yOffset": [
    0.000459,
    -0.000372
  ],
  "kOffset": [
    20000,
    20000
  ],
  "noiseAmp": 1.29e-06,
  "inkStatus": 0,
  "title": "Triumph of Bitcoin",
  "wear": 53.0,
  "sourceId": "11e0ab1f653675211944593bb87d1b875050c2f328ab175595d2e7189da9b2f8i0",
  "variationId": 136,
  "outliers": [],
  "isOutlier": false
}