{
  "radius": 2.2,
  "cOffset": [
    -0.00676,
    0.00082
  ],
  "mOffset": [
    0.00476,
    -0.00534
  ],
  "yOffset": [
    0.00332,
    0.00766
  ],
  "kOffset": [
    20000,
    20000
  ],
  "noiseAmp": 1.32e-05,
  "inkStatus": 0,
  "title": "Triumph of Bitcoin",
  "sourceId": "63594e1b8512a5ad3215acfb7470f181444c773c0953d875f9713fca3d896774i0"
}