{
  "radius": 2.060129124379606,
  "cOffset": [
    -0.004174901624966618,
    -0.0020512664645773357
  ],
  "mOffset": [
    0.005174058893830536,
    0.003432438558754512
  ],
  "yOffset": [
    0.00013571585609071856,
    -0.0006576654250079972
  ],
  "kOffset": [
    20000,
    20000
  ],
  "noiseAmp": 2.1550262849497717e-05,
  "colorMode": 0,
  "title": "Triumph of Bitcoin",
  "sourceId": "7fcc33c4cb0081cfa85c5d1d541aad5d8c631debbb29c65c95f4d30137ed2aa0i0",
  "variationId": 252,
  "outliers": [
    "noiseAmp"
  ],
  "isOutlier": true
}