{
  "radius": 2.030687900643895,
  "cOffset": [
    0.0012030017937149616,
    0.0044061385282062855
  ],
  "mOffset": [
    0.0039745393494752855,
    0.000917158032634922
  ],
  "yOffset": [
    5.68950392482902e-05,
    -0.004205251652803545
  ],
  "kOffset": [
    20000,
    20000
  ],
  "noiseAmp": 2.59005971115728e-06,
  "colorMode": 0,
  "title": "Triumph of Bitcoin",
  "sourceId": "ff08f64a29c957c1f376ca1d35c2ccb5851379da3df9618b8108f55ed65dfb39i0",
  "variationId": 231,
  "outliers": [],
  "isOutlier": false
}