{
  "radius": 2.333397940579674,
  "cOffset": [
    -0.0009598931984404663,
    -0.0002179305123641461
  ],
  "mOffset": [
    -0.0002661969691974065,
    0.0017316147891411314
  ],
  "yOffset": [
    -0.0006003764605258124,
    -0.002096117368353759
  ],
  "kOffset": [
    20000,
    20000
  ],
  "noiseAmp": 1.158615426825654e-06,
  "colorMode": 0,
  "title": "Triumph of Bitcoin",
  "sourceId": "11e0ab1f653675211944593bb87d1b875050c2f328ab175595d2e7189da9b2f8i0",
  "variationId": 139,
  "outliers": [],
  "isOutlier": false
}