{
  "radius": 2.25,
  "cOffset": [
    0.0002,
    8.63e-05
  ],
  "mOffset": [
    0.0019,
    -0.000403
  ],
  "yOffset": [
    0.00193,
    -0.00347
  ],
  "kOffset": [
    20000,
    20000
  ],
  "noiseAmp": 1.16e-05,
  "inkStatus": 0,
  "title": "Triumph of Bitcoin",
  "wear": 63.9,
  "sourceId": "11e0ab1f653675211944593bb87d1b875050c2f328ab175595d2e7189da9b2f8i0",
  "variationId": 137,
  "outliers": [],
  "isOutlier": false
}