{
  "radius": 0.0160925207942763,
  "cOffset": [
    -0.000730086606532386,
    0.00022376244017406307
  ],
  "mOffset": [
    -0.006298289966577056,
    -0.0008594545992500892
  ],
  "yOffset": [
    -0.0006992759631766368,
    -0.0017346512195751688
  ],
  "kOffset": [
    126.34102989823378,
    89.78685192998734
  ],
  "noiseAmp": 1.7111650744902418e-07,
  "colorMode": 0,
  "sourceId": "fbab7ffde03428ed7c11dc268605241b6e33ea212229b03fb1d8f21e289fae54i0",
  "variationId": 7,
  "outliers": [],
  "isOutlier": false
}