{
  "radius": 0.015718077054833707,
  "cOffset": [
    0.003017969921593634,
    0.00024869585647133044
  ],
  "mOffset": [
    0.002916567440104447,
    -0.001004245833719815
  ],
  "yOffset": [
    0.001046197667399401,
    0.0009009330984258924
  ],
  "kOffset": [
    100.03140838124037,
    93.45049067244543
  ],
  "noiseAmp": 1.4574604155292182e-06,
  "colorMode": 0,
  "sourceId": "fbab7ffde03428ed7c11dc268605241b6e33ea212229b03fb1d8f21e289fae54i0",
  "variationId": 12,
  "outliers": [],
  "isOutlier": false
}