{
  "radius": 2.37,
  "cOffset": [
    0.00205,
    -0.000214
  ],
  "mOffset": [
    -0.000793,
    -0.000582
  ],
  "yOffset": [
    -0.00227,
    0.00307
  ],
  "kOffset": [
    20000,
    20000
  ],
  "noiseAmp": 4.93e-06,
  "inkStatus": 0,
  "title": "Triumph of Bitcoin",
  "sourceId": "11e0ab1f653675211944593bb87d1b875050c2f328ab175595d2e7189da9b2f8i0"
}