{
  "radius": 2.16,
  "cOffset": [
    -0.00499,
    0.00083
  ],
  "mOffset": [
    -0.0104,
    -0.000525
  ],
  "yOffset": [
    -0.000839,
    -0.00505
  ],
  "kOffset": [
    20000,
    20000
  ],
  "noiseAmp": 5.76e-06,
  "inkStatus": 3,
  "title": "Triumph of Science",
  "wear": 54.6,
  "sourceId": "b1ff3531357fc4703e14454c8cfc606c79f88f87f908ec0d34a3e7eb02a843adi0",
  "variationId": 301,
  "outliers": [
    "inkStatus"
  ],
  "isOutlier": true
}