{
  "radius": 0.015484606635889213,
  "cOffset": [
    -0.00014778860069104634,
    -0.0001664776280684208
  ],
  "mOffset": [
    -0.0027785814028866178,
    -0.0009565214079542051
  ],
  "yOffset": [
    0.0016748692797753425,
    -1.0132389699434234e-05
  ],
  "kOffset": [
    116.9340545407702,
    112.25609035990755
  ],
  "noiseAmp": 8.053660675790106e-07,
  "colorMode": 0,
  "sourceId": "ba4b86348a6e7bad9deeb21752cf790694355b639650c679ce5b1c61feeab004i0",
  "variationId": 180,
  "outliers": [],
  "isOutlier": false
}