{
  "radius": 0.015092966503342966,
  "cOffset": [
    -0.0014177913211361624,
    -9.88453530340085e-05
  ],
  "mOffset": [
    0.003163336872169029,
    -0.005887309631000715
  ],
  "yOffset": [
    -0.00011909196760681709,
    -0.0020950093122832146
  ],
  "kOffset": [
    91.11209187627342,
    81.35441814767889
  ],
  "noiseAmp": 1.2868507580995236e-06,
  "colorMode": 0,
  "sourceId": "5f53dd709a8d2e350674d86679ff550763502a0ff8c2b567cefa4b52f736aa7fi0",
  "variationId": 49,
  "outliers": [],
  "isOutlier": false
}