{
  "radius": 0.014942932147872711,
  "cOffset": [
    -0.004652892595971274,
    -0.0022246514554311947
  ],
  "mOffset": [
    -0.06685909365680857,
    -0.0011552995394577379
  ],
  "yOffset": [
    -0.0022322668851245957,
    -0.0003317063396918592
  ],
  "kOffset": [
    84.47661328892009,
    92.73036125586226
  ],
  "noiseAmp": 1.3431231736028863e-06,
  "colorMode": 0,
  "sourceId": "6461c2a49eba6c8220bf472d9a504554a0592470f0cdddddb0969e896a1a6ca9i0",
  "variationId": 284,
  "outliers": [
    "mOffset",
    "cOffset"
  ],
  "isOutlier": true
}