{
  "radius": 2.4,
  "cOffset": [
    -0.00169,
    0.00137
  ],
  "mOffset": [
    -0.00148,
    0.00306
  ],
  "yOffset": [
    -0.00584,
    0.00251
  ],
  "kOffset": [
    20000,
    20000
  ],
  "noiseAmp": 9.19e-06,
  "inkStatus": 0,
  "title": "Triumph of Science",
  "sourceId": "806d80e7cf7f39208eccf59102e0086d6b593dbe3152777ef31dfc869a02340fi0"
}