{
  "radius": 2.09,
  "cOffset": [
    -0.000106,
    0.000421
  ],
  "mOffset": [
    0.000297,
    0.00363
  ],
  "yOffset": [
    0.0049,
    -0.00105
  ],
  "kOffset": [
    20000,
    20000
  ],
  "noiseAmp": 1.08e-05,
  "inkStatus": 0,
  "title": "Triumph of Bitcoin",
  "sourceId": "cf3ae616cfa57b2304a43445a0025e16d1c36943ed15cb1af5898185cf0d88efi0"
}