{
  "radius": 0.015593482902590241,
  "cOffset": [
    -0.00366416285511581,
    0.0001245074615610399
  ],
  "mOffset": [
    0.005477357831312783,
    -0.0009704765339198864
  ],
  "yOffset": [
    0.0026776210632173075,
    -0.00011708897158664186
  ],
  "kOffset": [
    106.62084104216234,
    97.42867007062321
  ],
  "noiseAmp": 1.0075436187241557e-06,
  "colorMode": 0,
  "sourceId": "7fcc33c4cb0081cfa85c5d1d541aad5d8c631debbb29c65c95f4d30137ed2aa0i0",
  "variationId": 262,
  "outliers": [],
  "isOutlier": false
}