{
  "radius": 0.014815474789288243,
  "cOffset": [
    -0.0028611050336823495,
    -0.00026440501572851766
  ],
  "mOffset": [
    0.004038167115227603,
    0.0027572856311509387
  ],
  "yOffset": [
    -0.00046083203055842585,
    -1.4496095759160963e-05
  ],
  "kOffset": [
    86.5712943975495,
    85.87617514656534
  ],
  "noiseAmp": 6.401596115026164e-07,
  "colorMode": 0,
  "sourceId": "ec11a3e19cb22adf6a880c63b1daf19568cf5a6717572bfd123d91f15fe4d241i0",
  "variationId": 160,
  "outliers": [],
  "isOutlier": false
}