{
  "radius": 2.1269216385221923,
  "cOffset": [
    -0.00044891627975905544,
    0.0019681417595251867
  ],
  "mOffset": [
    -0.0007544680082564748,
    0.003532193279017912
  ],
  "yOffset": [
    0.0017126704384743305,
    0.0023619710307100504
  ],
  "kOffset": [
    20000,
    20000
  ],
  "noiseAmp": 1.0710659408411959e-05,
  "colorMode": 0,
  "title": "Triumph of Science",
  "sourceId": "806d80e7cf7f39208eccf59102e0086d6b593dbe3152777ef31dfc869a02340fi0",
  "variationId": 312,
  "outliers": [],
  "isOutlier": false
}