{
  "radius": 2.16,
  "cOffset": [
    -0.00197,
    -0.00164
  ],
  "mOffset": [
    -0.00189,
    -0.003
  ],
  "yOffset": [
    -0.00338,
    0.000452
  ],
  "kOffset": [
    20000,
    20000
  ],
  "noiseAmp": 9.08e-06,
  "inkStatus": 0,
  "title": "Triumph of Science",
  "wear": 35.8,
  "sourceId": "6461c2a49eba6c8220bf472d9a504554a0592470f0cdddddb0969e896a1a6ca9i0",
  "variationId": 280,
  "outliers": [],
  "isOutlier": false
}