{
  "radius": 2.23,
  "cOffset": [
    -0.00468,
    -0.0127
  ],
  "mOffset": [
    0.00146,
    -0.00152
  ],
  "yOffset": [
    0.00132,
    0.00409
  ],
  "kOffset": [
    20000,
    20000
  ],
  "noiseAmp": 2.19e-05,
  "inkStatus": 4,
  "title": "Triumph of Science",
  "wear": 36.3,
  "sourceId": "6461c2a49eba6c8220bf472d9a504554a0592470f0cdddddb0969e896a1a6ca9i0",
  "variationId": 271,
  "outliers": [
    "inkStatus",
    "mOffset",
    "cOffset"
  ],
  "isOutlier": true
}