{
  "radius": 2.13,
  "cOffset": [
    -0.00264,
    0.00599
  ],
  "mOffset": [
    0.000676,
    0.0105
  ],
  "yOffset": [
    -0.00138,
    -0.000737
  ],
  "kOffset": [
    20000,
    20000
  ],
  "noiseAmp": 1.09e-05,
  "inkStatus": 0,
  "title": "Triumph of Bitcoin",
  "sourceId": "cf3ae616cfa57b2304a43445a0025e16d1c36943ed15cb1af5898185cf0d88efi0"
}