{
  "radius": 2.4,
  "cOffset": [
    0.0017,
    -0.000713
  ],
  "mOffset": [
    0.0062,
    0.00509
  ],
  "yOffset": [
    -0.0244,
    -0.0247
  ],
  "kOffset": [
    20000,
    20000
  ],
  "noiseAmp": 8.92e-06,
  "inkStatus": 0,
  "title": "Triumph of Bitcoin",
  "sourceId": "ec11a3e19cb22adf6a880c63b1daf19568cf5a6717572bfd123d91f15fe4d241i0"
}