{
  "radius": 2.36,
  "cOffset": [
    0.00298,
    -0.00272
  ],
  "mOffset": [
    -0.00188,
    0.00649
  ],
  "yOffset": [
    -0.000444,
    0.00266
  ],
  "kOffset": [
    20000,
    20000
  ],
  "noiseAmp": 1.99e-05,
  "inkStatus": 0,
  "title": "Triumph of Bitcoin",
  "sourceId": "ec11a3e19cb22adf6a880c63b1daf19568cf5a6717572bfd123d91f15fe4d241i0"
}