{
  "radius": 2.32,
  "cOffset": [
    0.0022,
    0.00131
  ],
  "mOffset": [
    0.00471,
    0.000913
  ],
  "yOffset": [
    0.000295,
    0.0065
  ],
  "kOffset": [
    20000,
    20000
  ],
  "noiseAmp": 5.61e-06,
  "inkStatus": 0,
  "title": "Triumph of Bitcoin",
  "sourceId": "fb9fad20ede2f27b013efe9b408e6be1b3ff546dfca53eac86c7e0f1a632d551i0"
}