{
  "radius": 1.88,
  "cOffset": [
    -0.00116,
    0.002
  ],
  "mOffset": [
    0.00228,
    0.000618
  ],
  "yOffset": [
    -0.00172,
    0.000509
  ],
  "kOffset": [
    20000,
    20000
  ],
  "noiseAmp": 1.54e-05,
  "inkStatus": 0,
  "title": "Triumph of Bitcoin",
  "sourceId": "fbab7ffde03428ed7c11dc268605241b6e33ea212229b03fb1d8f21e289fae54i0"
}