{
  "radius": 0.014562650357712297,
  "cOffset": [
    0.0003228220611092976,
    5.2816476177776304e-05
  ],
  "mOffset": [
    -0.003514147232834285,
    -0.008460138333889032
  ],
  "yOffset": [
    0.003329574051577113,
    0.00019974208036341244
  ],
  "kOffset": [
    88.98837729303453,
    109.84745550776003
  ],
  "noiseAmp": 3.137926986122361e-06,
  "colorMode": 0,
  "sourceId": "fb9fad20ede2f27b013efe9b408e6be1b3ff546dfca53eac86c7e0f1a632d551i0",
  "variationId": 213,
  "outliers": [],
  "isOutlier": false
}