{
  "radius": 1.9185505616379024,
  "cOffset": [
    -0.0005489875977277486,
    0.0013983507954979343
  ],
  "mOffset": [
    -0.00481065980358388,
    0.0026008258844036425
  ],
  "yOffset": [
    -0.00036330843418219113,
    -0.0023221012892263946
  ],
  "kOffset": [
    20000,
    20000
  ],
  "noiseAmp": 8.987942022341243e-06,
  "colorMode": 0,
  "title": "Triumph of Bitcoin",
  "sourceId": "ba4b86348a6e7bad9deeb21752cf790694355b639650c679ce5b1c61feeab004i0",
  "variationId": 180,
  "outliers": [],
  "isOutlier": false
}