{
  "radius": 2.23,
  "cOffset": [
    -0.00146,
    0.00374
  ],
  "mOffset": [
    -0.0511,
    0.0253
  ],
  "yOffset": [
    0.000138,
    0.00076
  ],
  "kOffset": [
    20000,
    20000
  ],
  "noiseAmp": 6.23e-08,
  "inkStatus": 4,
  "title": "Triumph of Bitcoin",
  "wear": 64.3,
  "sourceId": "5f53dd709a8d2e350674d86679ff550763502a0ff8c2b567cefa4b52f736aa7fi0",
  "variationId": 66,
  "outliers": [
    "inkStatus",
    "mOffset"
  ],
  "isOutlier": true
}