{
  "radius": 2.194048180245058,
  "cOffset": [
    0.000586391235918299,
    0.00042708368084213655
  ],
  "mOffset": [
    -0.00585077708234998,
    -0.0028647794211897303
  ],
  "yOffset": [
    0.0024829967152100656,
    0.0008390898700854266
  ],
  "kOffset": [
    20000,
    20000
  ],
  "noiseAmp": 3.249992191007671e-06,
  "colorMode": 0,
  "title": "Triumph of Bitcoin",
  "sourceId": "fbab7ffde03428ed7c11dc268605241b6e33ea212229b03fb1d8f21e289fae54i0",
  "variationId": 7,
  "outliers": [],
  "isOutlier": false
}