{
  "radius": 2.19,
  "cOffset": [
    0.00154,
    -0.00376
  ],
  "mOffset": [
    0.00154,
    0.00767
  ],
  "yOffset": [
    0.00258,
    -0.0016
  ],
  "kOffset": [
    20000,
    20000
  ],
  "noiseAmp": 1.31e-05,
  "inkStatus": 0,
  "title": "Triumph of Bitcoin",
  "sourceId": "cf3ae616cfa57b2304a43445a0025e16d1c36943ed15cb1af5898185cf0d88efi0"
}