{
  "radius": 0.01508172950648421,
  "cOffset": [
    0.0020357530656929983,
    -3.064125078524682e-05
  ],
  "mOffset": [
    0.006193851633026905,
    0.008725700385999386
  ],
  "yOffset": [
    0.000658434415448258,
    -0.001931039666005133
  ],
  "kOffset": [
    100.99982070726024,
    94.71243096645618
  ],
  "noiseAmp": 8.019725026262995e-07,
  "colorMode": 0,
  "sourceId": "ec11a3e19cb22adf6a880c63b1daf19568cf5a6717572bfd123d91f15fe4d241i0",
  "variationId": 167,
  "outliers": [],
  "isOutlier": false
}