{
  "radius": 2.0827124446743555,
  "cOffset": [
    -0.0006596826822905576,
    -0.0008382891668867146
  ],
  "mOffset": [
    0.00042930345330783085,
    -0.004188825646925226
  ],
  "yOffset": [
    0.0011435529719399033,
    0.0033314929716066746
  ],
  "kOffset": [
    20000,
    20000
  ],
  "noiseAmp": 3.3887126311876343e-06,
  "colorMode": 0,
  "title": "Triumph of Bitcoin",
  "sourceId": "ff08f64a29c957c1f376ca1d35c2ccb5851379da3df9618b8108f55ed65dfb39i0",
  "variationId": 227,
  "outliers": [],
  "isOutlier": false
}