{
  "radius": 2.16,
  "cOffset": [
    0.00142,
    0.00108
  ],
  "mOffset": [
    0.00262,
    0.000605
  ],
  "yOffset": [
    -0.000765,
    -0.00123
  ],
  "kOffset": [
    20000,
    20000
  ],
  "noiseAmp": 1.67e-05,
  "inkStatus": 6,
  "title": "Triumph of Bitcoin",
  "wear": 44.5,
  "sourceId": "a4fca8cd68283460126b88cce9a4d7462917eae4e6c1a5f91300fb9280eae7dbi0",
  "variationId": 84,
  "outliers": [
    "inkStatus"
  ],
  "isOutlier": true
}