{
  "radius": 2.1,
  "cOffset": [
    -0.00125,
    -0.000312
  ],
  "mOffset": [
    0.0069,
    0.000331
  ],
  "yOffset": [
    -0.00259,
    0.00266
  ],
  "kOffset": [
    20000,
    20000
  ],
  "noiseAmp": 1.32e-06,
  "inkStatus": 0,
  "title": "Triumph of Bitcoin",
  "wear": 48.6,
  "sourceId": "5f53dd709a8d2e350674d86679ff550763502a0ff8c2b567cefa4b52f736aa7fi0",
  "variationId": 58,
  "outliers": [],
  "isOutlier": false
}