{
  "radius": 2.37,
  "cOffset": [
    0.00554,
    0.000348
  ],
  "mOffset": [
    0.00416,
    0.00391
  ],
  "yOffset": [
    0.00506,
    0.0006
  ],
  "kOffset": [
    20000,
    20000
  ],
  "noiseAmp": 9.79e-06,
  "inkStatus": 0,
  "title": "Triumph of Bitcoin",
  "sourceId": "ec11a3e19cb22adf6a880c63b1daf19568cf5a6717572bfd123d91f15fe4d241i0"
}