{
  "radius": 1.9476615803732102,
  "cOffset": [
    -0.003062732474255134,
    0.003556341943504852
  ],
  "mOffset": [
    0.00153897582846032,
    0.002857016754316839
  ],
  "yOffset": [
    0.0017196934388344584,
    -0.0005821924961016905
  ],
  "kOffset": [
    20000,
    20000
  ],
  "noiseAmp": 1.0145537527313711e-05,
  "colorMode": 6,
  "title": "Triumph of Bitcoin",
  "sourceId": "a4fca8cd68283460126b88cce9a4d7462917eae4e6c1a5f91300fb9280eae7dbi0",
  "variationId": 91,
  "outliers": [
    "colorMode"
  ],
  "isOutlier": true
}