{
  "radius": 2.17,
  "cOffset": [
    0.0537,
    -0.0802
  ],
  "mOffset": [
    -2.99e-05,
    0.008
  ],
  "yOffset": [
    -0.00108,
    0.000955
  ],
  "kOffset": [
    20000,
    20000
  ],
  "noiseAmp": 1.73e-05,
  "inkStatus": 3,
  "title": "Triumph of Science",
  "wear": 25.3,
  "sourceId": "b1ff3531357fc4703e14454c8cfc606c79f88f87f908ec0d34a3e7eb02a843adi0",
  "variationId": 297,
  "outliers": [
    "inkStatus",
    "wear",
    "cOffset"
  ],
  "isOutlier": true
}