{
  "radius": 2.18,
  "cOffset": [
    -3.1e-05,
    -0.00478
  ],
  "mOffset": [
    -0.00042,
    -0.00212
  ],
  "yOffset": [
    -0.00131,
    -0.000317
  ],
  "kOffset": [
    20000,
    20000
  ],
  "noiseAmp": 2.46e-06,
  "inkStatus": 0,
  "title": "Triumph of Bitcoin",
  "sourceId": "5f53dd709a8d2e350674d86679ff550763502a0ff8c2b567cefa4b52f736aa7fi0"
}