{
  "radius": 2.26011408034324,
  "cOffset": [
    0.0002518770981550681,
    0.0031345471104129714
  ],
  "mOffset": [
    -0.003380297147344293,
    0.0035238422921038664
  ],
  "yOffset": [
    0.0024079246079749335,
    0.0020243114958460335
  ],
  "kOffset": [
    20000,
    20000
  ],
  "noiseAmp": 3.3857558407983435e-06,
  "colorMode": 0,
  "title": "Triumph of Science",
  "sourceId": "b1ff3531357fc4703e14454c8cfc606c79f88f87f908ec0d34a3e7eb02a843adi0",
  "variationId": 294,
  "outliers": [],
  "isOutlier": false
}