{
  "radius": 2.2046490590221324,
  "cOffset": [
    0.0010260505307583953,
    -0.00019676934920871767
  ],
  "mOffset": [
    0.003442408656019729,
    -0.004583356468164033
  ],
  "yOffset": [
    -0.0022367300084130217,
    -0.00047793265644022664
  ],
  "kOffset": [
    20000,
    20000
  ],
  "noiseAmp": 2.9185681339341818e-05,
  "colorMode": 0,
  "title": "Triumph of Bitcoin",
  "sourceId": "cf3ae616cfa57b2304a43445a0025e16d1c36943ed15cb1af5898185cf0d88efi0",
  "variationId": 104,
  "outliers": [],
  "isOutlier": false
}