{
  "radius": 0.06573180102205428,
  "cOffset": [
    0.0044118032831757074,
    -0.00015061789983467373
  ],
  "mOffset": [
    0.023957192541890028,
    0.056898170667041864
  ],
  "yOffset": [
    0.0002622148295785558,
    0.0009260131800224631
  ],
  "kOffset": [
    87.45720376956488,
    109.90646949669556
  ],
  "noiseAmp": 1.1733105535660881e-06,
  "colorMode": 0,
  "sourceId": "fbab7ffde03428ed7c11dc268605241b6e33ea212229b03fb1d8f21e289fae54i0",
  "variationId": 10,
  "outliers": [
    "mOffset",
    "radius"
  ],
  "isOutlier": true
}