{
  "radius": 2.22,
  "cOffset": [
    0.000976,
    0.00136
  ],
  "mOffset": [
    -0.00889,
    0.00855
  ],
  "yOffset": [
    -0.00433,
    -0.00335
  ],
  "kOffset": [
    20000,
    20000
  ],
  "noiseAmp": 7.65e-06,
  "inkStatus": 0,
  "title": "Triumph of Bitcoin",
  "sourceId": "fbab7ffde03428ed7c11dc268605241b6e33ea212229b03fb1d8f21e289fae54i0"
}