{
  "radius": 2.21,
  "cOffset": [
    -0.000195,
    -0.0298
  ],
  "mOffset": [
    -0.00116,
    -0.00135
  ],
  "yOffset": [
    -6.93e-05,
    0.00207
  ],
  "kOffset": [
    20000,
    20000
  ],
  "noiseAmp": 9.96e-05,
  "inkStatus": 3,
  "title": "Triumph of Bitcoin",
  "wear": 44.1,
  "sourceId": "5f53dd709a8d2e350674d86679ff550763502a0ff8c2b567cefa4b52f736aa7fi0",
  "variationId": 50,
  "outliers": [
    "inkStatus",
    "noiseAmp",
    "cOffset"
  ],
  "isOutlier": true
}