{
  "radius": 2.22,
  "cOffset": [
    -0.000405,
    -0.00849
  ],
  "mOffset": [
    -9.03e-05,
    0.00232
  ],
  "yOffset": [
    0.00162,
    0.00237
  ],
  "kOffset": [
    20000,
    20000
  ],
  "noiseAmp": 1.85e-07,
  "inkStatus": 0,
  "title": "Triumph of Bitcoin",
  "sourceId": "63594e1b8512a5ad3215acfb7470f181444c773c0953d875f9713fca3d896774i0"
}