{
  "radius": 0.014979643742976008,
  "cOffset": [
    -0.00027022608951295053,
    0.004063046952533222
  ],
  "mOffset": [
    2.285964040505857e-05,
    -0.0001470276425331649
  ],
  "yOffset": [
    -0.0031011152612684806,
    -2.634562955650184e-05
  ],
  "kOffset": [
    119.65987582924133,
    127.27847359574145
  ],
  "noiseAmp": 1.3811093713496476e-06,
  "colorMode": 4,
  "sourceId": "5f53dd709a8d2e350674d86679ff550763502a0ff8c2b567cefa4b52f736aa7fi0",
  "variationId": 65,
  "outliers": [
    "colorMode",
    "noiseAmp",
    "cOffset"
  ],
  "isOutlier": true
}