{
  "radius": 2.1137604977041025,
  "cOffset": [
    -0.0004846259428508311,
    -0.0018822724119627427
  ],
  "mOffset": [
    0.003849453168587561,
    0.00245834419676743
  ],
  "yOffset": [
    0.005829782813125603,
    -0.0024607665633994756
  ],
  "kOffset": [
    20000,
    20000
  ],
  "noiseAmp": 6.1820108776836105e-06,
  "colorMode": 0,
  "title": "Triumph of Bitcoin",
  "sourceId": "a4fca8cd68283460126b88cce9a4d7462917eae4e6c1a5f91300fb9280eae7dbi0",
  "variationId": 81,
  "outliers": [],
  "isOutlier": false
}