{
  "radius": 2.15,
  "cOffset": [
    0.0056,
    0.00172
  ],
  "mOffset": [
    -0.00511,
    0.0038
  ],
  "yOffset": [
    0.00117,
    -0.0029
  ],
  "kOffset": [
    20000,
    20000
  ],
  "noiseAmp": 2.52e-06,
  "inkStatus": 0,
  "title": "Triumph of Bitcoin",
  "sourceId": "63594e1b8512a5ad3215acfb7470f181444c773c0953d875f9713fca3d896774i0"
}