{
  "radius": 2.11,
  "cOffset": [
    0.0023,
    -0.00254
  ],
  "mOffset": [
    -0.00194,
    0.00467
  ],
  "yOffset": [
    -0.00293,
    0.00233
  ],
  "kOffset": [
    20000,
    20000
  ],
  "noiseAmp": 1.45e-05,
  "inkStatus": 1,
  "title": "Triumph of Bitcoin",
  "wear": 66.2,
  "sourceId": "a4fca8cd68283460126b88cce9a4d7462917eae4e6c1a5f91300fb9280eae7dbi0",
  "variationId": 87,
  "outliers": [
    "inkStatus"
  ],
  "isOutlier": true
}