{
  "radius": 2.2,
  "cOffset": [
    0.00139,
    0.000711
  ],
  "mOffset": [
    0.00311,
    -0.00279
  ],
  "yOffset": [
    0.00175,
    -0.0015
  ],
  "kOffset": [
    20000,
    20000
  ],
  "noiseAmp": 7.41e-06,
  "inkStatus": 6,
  "title": "Triumph of Bitcoin",
  "sourceId": "a4fca8cd68283460126b88cce9a4d7462917eae4e6c1a5f91300fb9280eae7dbi0"
}