{
  "radius": 2.15,
  "cOffset": [
    -0.00289,
    -0.000201
  ],
  "mOffset": [
    -6.13e-05,
    0.000495
  ],
  "yOffset": [
    0.00127,
    0.000999
  ],
  "kOffset": [
    20000,
    20000
  ],
  "noiseAmp": 9.46e-06,
  "inkStatus": 0,
  "title": "Triumph of Science",
  "wear": 62.7,
  "sourceId": "b1ff3531357fc4703e14454c8cfc606c79f88f87f908ec0d34a3e7eb02a843adi0",
  "variationId": 300,
  "outliers": [],
  "isOutlier": false
}