{
  "radius": 2.06,
  "cOffset": [
    0.00136,
    -0.00365
  ],
  "mOffset": [
    0.00462,
    0.00103
  ],
  "yOffset": [
    0.0014,
    0.00146
  ],
  "kOffset": [
    20000,
    20000
  ],
  "noiseAmp": 8.77e-06,
  "inkStatus": 0,
  "title": "Triumph of Bitcoin",
  "wear": 38.3,
  "sourceId": "11e0ab1f653675211944593bb87d1b875050c2f328ab175595d2e7189da9b2f8i0",
  "variationId": 139,
  "outliers": [],
  "isOutlier": false
}