{
  "radius": 0.01498360942589004,
  "cOffset": [
    0.0003230212534569233,
    0.00031163978239041217
  ],
  "mOffset": [
    0.00555153440617432,
    0.0016167279932863229
  ],
  "yOffset": [
    0.000830830603956126,
    0.0007965445711530753
  ],
  "kOffset": [
    116.69675128381434,
    107.50295237915579
  ],
  "noiseAmp": 1.3803290438068374e-06,
  "colorMode": 0,
  "sourceId": "ba4b86348a6e7bad9deeb21752cf790694355b639650c679ce5b1c61feeab004i0",
  "variationId": 179,
  "outliers": [],
  "isOutlier": false
}