{
  "radius": 0.014406824044321533,
  "cOffset": [
    0.003563720104555828,
    -0.00035858356047986217
  ],
  "mOffset": [
    0.00032666937004063184,
    0.0015999989772074949
  ],
  "yOffset": [
    -8.127316164239584e-05,
    -0.0005762082704165227
  ],
  "kOffset": [
    100.15039785483114,
    103.45550191505436
  ],
  "noiseAmp": 5.814506892057402e-07,
  "colorMode": 0,
  "sourceId": "cf3ae616cfa57b2304a43445a0025e16d1c36943ed15cb1af5898185cf0d88efi0",
  "variationId": 109,
  "outliers": [],
  "isOutlier": false
}