{
  "radius": 2.1710560096570477,
  "cOffset": [
    -0.00023442274882435395,
    0.0024494204264809646
  ],
  "mOffset": [
    -0.004895034428573772,
    0.008578969612785627
  ],
  "yOffset": [
    0.002660674833994773,
    0.0003755846974128137
  ],
  "kOffset": [
    20000,
    20000
  ],
  "noiseAmp": 1.4176579560467869e-05,
  "colorMode": 0,
  "title": "Triumph of Bitcoin",
  "sourceId": "ff08f64a29c957c1f376ca1d35c2ccb5851379da3df9618b8108f55ed65dfb39i0",
  "variationId": 223,
  "outliers": [],
  "isOutlier": false
}