{
  "radius": 2.41,
  "cOffset": [
    0.00247,
    -0.00206
  ],
  "mOffset": [
    0.00686,
    -0.00367
  ],
  "yOffset": [
    -0.00215,
    -0.000241
  ],
  "kOffset": [
    20000,
    20000
  ],
  "noiseAmp": 1.09e-05,
  "inkStatus": 0,
  "title": "Triumph of Bitcoin",
  "wear": 36.1,
  "sourceId": "63594e1b8512a5ad3215acfb7470f181444c773c0953d875f9713fca3d896774i0",
  "variationId": 42,
  "outliers": [],
  "isOutlier": false
}