{
  "radius": 0.015573032128373944,
  "cOffset": [
    -0.0053717412085501105,
    -0.00039082661436502575
  ],
  "mOffset": [
    0.0028932276808697277,
    -0.003690049096835238
  ],
  "yOffset": [
    0.00011833779095599337,
    -0.001100290351420284
  ],
  "kOffset": [
    96.58521678806567,
    92.55186267527357
  ],
  "noiseAmp": 3.2468143094369594e-07,
  "colorMode": 0,
  "sourceId": "a4fca8cd68283460126b88cce9a4d7462917eae4e6c1a5f91300fb9280eae7dbi0",
  "variationId": 86,
  "outliers": [],
  "isOutlier": false
}