{
  "radius": 2.4469978139191046,
  "cOffset": [
    0.0006699204044266607,
    -0.0029118876742763268
  ],
  "mOffset": [
    -0.0026979509773148815,
    0.003343731653396205
  ],
  "yOffset": [
    0.0014764107152175688,
    -0.002716811189444825
  ],
  "kOffset": [
    20000,
    20000
  ],
  "noiseAmp": 4.528702325623853e-06,
  "colorMode": 0,
  "title": "Triumph of Bitcoin",
  "sourceId": "fbab7ffde03428ed7c11dc268605241b6e33ea212229b03fb1d8f21e289fae54i0",
  "variationId": 3,
  "outliers": [],
  "isOutlier": false
}