{
  "radius": 2.24,
  "cOffset": [
    -0.00625,
    -0.00421
  ],
  "mOffset": [
    0.000312,
    0.000135
  ],
  "yOffset": [
    0.000754,
    -0.00356
  ],
  "kOffset": [
    20000,
    20000
  ],
  "noiseAmp": 4.09e-06,
  "inkStatus": 0,
  "title": "Triumph of Bitcoin",
  "sourceId": "fbab7ffde03428ed7c11dc268605241b6e33ea212229b03fb1d8f21e289fae54i0"
}