{
  "radius": 0.014737631375234683,
  "cOffset": [
    0.00045177367560586047,
    -0.000259991060612836
  ],
  "mOffset": [
    -0.002809905785879145,
    -0.001436814770413224
  ],
  "yOffset": [
    4.501466807373984e-05,
    -4.5489717949198543e-05
  ],
  "kOffset": [
    110.42609601892896,
    120.88085703735649
  ],
  "noiseAmp": 1.879446234541142e-06,
  "colorMode": 0,
  "sourceId": "806d80e7cf7f39208eccf59102e0086d6b593dbe3152777ef31dfc869a02340fi0",
  "variationId": 325,
  "outliers": [],
  "isOutlier": false
}