{
  "radius": 2.2122747383538033,
  "cOffset": [
    0.0010607139322350823,
    0.0015384319049455402
  ],
  "mOffset": [
    0.002687465822701195,
    -0.0035963585834687577
  ],
  "yOffset": [
    -0.0005010006303061406,
    -0.0002733453217434262
  ],
  "kOffset": [
    20000,
    20000
  ],
  "noiseAmp": 1.7295007196756103e-06,
  "colorMode": 0,
  "title": "Triumph of Bitcoin",
  "sourceId": "ba4b86348a6e7bad9deeb21752cf790694355b639650c679ce5b1c61feeab004i0",
  "variationId": 179,
  "outliers": [],
  "isOutlier": false
}