{
  "radius": 2.14,
  "cOffset": [
    0.000657,
    0.000835
  ],
  "mOffset": [
    -0.00539,
    -0.000837
  ],
  "yOffset": [
    -0.00145,
    0.0013
  ],
  "kOffset": [
    20000,
    20000
  ],
  "noiseAmp": 1.79e-06,
  "inkStatus": 6,
  "title": "Triumph of Bitcoin",
  "wear": 40.7,
  "sourceId": "ff08f64a29c957c1f376ca1d35c2ccb5851379da3df9618b8108f55ed65dfb39i0",
  "variationId": 234,
  "outliers": [
    "inkStatus"
  ],
  "isOutlier": true
}