{
  "radius": 0.014844011408170266,
  "cOffset": [
    -0.002864582109357882,
    0.00024866842321649376
  ],
  "mOffset": [
    0.004533602329720491,
    -0.0019436915955285562
  ],
  "yOffset": [
    -0.0012152142169825557,
    -0.001648076672652885
  ],
  "kOffset": [
    102.57739242499729,
    108.83066138217956
  ],
  "noiseAmp": 2.763118515378796e-07,
  "colorMode": 0,
  "sourceId": "11e0ab1f653675211944593bb87d1b875050c2f328ab175595d2e7189da9b2f8i0",
  "variationId": 124,
  "outliers": [],
  "isOutlier": false
}