{
  "radius": 1.99,
  "cOffset": [
    -0.00199,
    -0.00454
  ],
  "mOffset": [
    0.00416,
    0.00359
  ],
  "yOffset": [
    -0.000439,
    -0.00253
  ],
  "kOffset": [
    20000,
    20000
  ],
  "noiseAmp": 5.26e-06,
  "inkStatus": 0,
  "title": "Triumph of Bitcoin",
  "sourceId": "63594e1b8512a5ad3215acfb7470f181444c773c0953d875f9713fca3d896774i0"
}