{
  "radius": 2.21,
  "cOffset": [
    -0.00488,
    0.000794
  ],
  "mOffset": [
    -0.00207,
    0.00192
  ],
  "yOffset": [
    -0.000329,
    0.000954
  ],
  "kOffset": [
    20000,
    20000
  ],
  "noiseAmp": 4.94e-06,
  "inkStatus": 0,
  "title": "Triumph of Science",
  "sourceId": "6461c2a49eba6c8220bf472d9a504554a0592470f0cdddddb0969e896a1a6ca9i0"
}