{
  "radius": 2.44,
  "cOffset": [
    -0.00465,
    0.00238
  ],
  "mOffset": [
    0.00453,
    -0.000349
  ],
  "yOffset": [
    -0.00676,
    -0.0195
  ],
  "kOffset": [
    20000,
    20000
  ],
  "noiseAmp": 7.58e-06,
  "inkStatus": 2,
  "title": "Triumph of Science",
  "wear": 54.0,
  "sourceId": "806d80e7cf7f39208eccf59102e0086d6b593dbe3152777ef31dfc869a02340fi0",
  "variationId": 325,
  "outliers": [
    "inkStatus",
    "yOffset"
  ],
  "isOutlier": true
}