{
  "radius": 2.11,
  "cOffset": [
    -0.0245,
    -0.0113
  ],
  "mOffset": [
    -0.00365,
    -0.00145
  ],
  "yOffset": [
    -0.00119,
    0.00106
  ],
  "kOffset": [
    20000,
    20000
  ],
  "noiseAmp": 1.03e-06,
  "inkStatus": 6,
  "title": "Triumph of Bitcoin",
  "wear": 58.0,
  "sourceId": "5f53dd709a8d2e350674d86679ff550763502a0ff8c2b567cefa4b52f736aa7fi0",
  "variationId": 61,
  "outliers": [
    "inkStatus",
    "cOffset"
  ],
  "isOutlier": true
}