{
  "radius": 2.2530440435325803,
  "cOffset": [
    -0.001177012090265456,
    0.0023705827196332887
  ],
  "mOffset": [
    0.0038696720789603792,
    -0.0005255383556017458
  ],
  "yOffset": [
    -0.0029488801190460786,
    -0.005853723116165353
  ],
  "kOffset": [
    20000,
    20000
  ],
  "noiseAmp": 1.6804362931096214e-05,
  "colorMode": 0,
  "title": "Triumph of Bitcoin",
  "sourceId": "11e0ab1f653675211944593bb87d1b875050c2f328ab175595d2e7189da9b2f8i0",
  "variationId": 125,
  "outliers": [],
  "isOutlier": false
}