{
  "radius": 2.22,
  "cOffset": [
    -0.00549,
    -0.00173
  ],
  "mOffset": [
    -0.00783,
    0.00232
  ],
  "yOffset": [
    -0.00225,
    -0.00293
  ],
  "kOffset": [
    20000,
    20000
  ],
  "noiseAmp": 3.59e-06,
  "inkStatus": 0,
  "title": "Triumph of Bitcoin",
  "sourceId": "7fcc33c4cb0081cfa85c5d1d541aad5d8c631debbb29c65c95f4d30137ed2aa0i0"
}