{
  "radius": 2.17,
  "cOffset": [
    -0.00111,
    -0.000579
  ],
  "mOffset": [
    0.00162,
    -0.00757
  ],
  "yOffset": [
    -0.000288,
    0.00174
  ],
  "kOffset": [
    20000,
    20000
  ],
  "noiseAmp": 7.12e-06,
  "inkStatus": 5,
  "title": "Triumph of Science",
  "wear": 27.1,
  "sourceId": "6461c2a49eba6c8220bf472d9a504554a0592470f0cdddddb0969e896a1a6ca9i0",
  "variationId": 265,
  "outliers": [
    "inkStatus"
  ],
  "isOutlier": true
}