{
  "radius": 2.31,
  "cOffset": [
    -0.00257,
    0.00132
  ],
  "mOffset": [
    0.00219,
    0.00143
  ],
  "yOffset": [
    -0.00452,
    -0.00226
  ],
  "kOffset": [
    20000,
    20000
  ],
  "noiseAmp": 7.59e-06,
  "inkStatus": 5,
  "title": "Triumph of Bitcoin",
  "wear": 56.1,
  "sourceId": "a4fca8cd68283460126b88cce9a4d7462917eae4e6c1a5f91300fb9280eae7dbi0",
  "variationId": 93,
  "outliers": [
    "inkStatus"
  ],
  "isOutlier": true
}