{
  "radius": 2.28,
  "cOffset": [
    0.000783,
    -0.000836
  ],
  "mOffset": [
    -0.00539,
    0.00246
  ],
  "yOffset": [
    -0.000691,
    0.00177
  ],
  "kOffset": [
    20000,
    20000
  ],
  "noiseAmp": 4.97e-06,
  "inkStatus": 3,
  "title": "Triumph of Science",
  "wear": 45.4,
  "sourceId": "6461c2a49eba6c8220bf472d9a504554a0592470f0cdddddb0969e896a1a6ca9i0",
  "variationId": 267,
  "outliers": [
    "inkStatus"
  ],
  "isOutlier": true
}