{
  "radius": 2.233891708700141,
  "cOffset": [
    0.04110434945280726,
    0.0708025875824941
  ],
  "mOffset": [
    -0.0029606054097780173,
    0.0035829668613230428
  ],
  "yOffset": [
    0.00022877595016632175,
    -0.0007563625327613103
  ],
  "kOffset": [
    20000,
    20000
  ],
  "noiseAmp": 5.766701643984753e-06,
  "colorMode": 0,
  "title": "Triumph of Bitcoin",
  "sourceId": "7fcc33c4cb0081cfa85c5d1d541aad5d8c631debbb29c65c95f4d30137ed2aa0i0",
  "variationId": 248,
  "outliers": [
    "cOffset"
  ],
  "isOutlier": true
}