{
  "radius": 2.1660371351207055,
  "cOffset": [
    -0.00013412292955951622,
    -0.0043469671467742145
  ],
  "mOffset": [
    -0.002134915548028723,
    0.0028289902989165165
  ],
  "yOffset": [
    0.00047662377606952334,
    -0.0006248429851073385
  ],
  "kOffset": [
    20000,
    20000
  ],
  "noiseAmp": 1.848899059559881e-05,
  "colorMode": 0,
  "title": "Triumph of Bitcoin",
  "sourceId": "ec11a3e19cb22adf6a880c63b1daf19568cf5a6717572bfd123d91f15fe4d241i0",
  "variationId": 167,
  "outliers": [],
  "isOutlier": false
}