{
  "radius": 2.1505331859553922,
  "cOffset": [
    -0.00018622433527227774,
    -0.0002326406443662427
  ],
  "mOffset": [
    0.000792764448940614,
    -0.0035761786761296112
  ],
  "yOffset": [
    -0.0029291856900984887,
    0.0028951966046635875
  ],
  "kOffset": [
    20000,
    20000
  ],
  "noiseAmp": 1.4768824863554722e-05,
  "colorMode": 0,
  "title": "Triumph of Bitcoin",
  "sourceId": "11e0ab1f653675211944593bb87d1b875050c2f328ab175595d2e7189da9b2f8i0",
  "variationId": 142,
  "outliers": [],
  "isOutlier": false
}