{
  "radius": 2.3,
  "cOffset": [
    0.00207,
    -0.00241
  ],
  "mOffset": [
    0.00607,
    -0.00167
  ],
  "yOffset": [
    0.000391,
    0.00226
  ],
  "kOffset": [
    20000,
    20000
  ],
  "noiseAmp": 0.000213,
  "inkStatus": 5,
  "title": "Triumph of Bitcoin",
  "wear": 58.3,
  "sourceId": "ff08f64a29c957c1f376ca1d35c2ccb5851379da3df9618b8108f55ed65dfb39i0",
  "variationId": 232,
  "outliers": [
    "inkStatus",
    "noiseAmp"
  ],
  "isOutlier": true
}