{
  "radius": 2.08,
  "cOffset": [
    -0.004,
    0.00351
  ],
  "mOffset": [
    -0.0063,
    -0.00618
  ],
  "yOffset": [
    -0.00081,
    0.00081
  ],
  "kOffset": [
    20000,
    20000
  ],
  "noiseAmp": 3.69e-06,
  "inkStatus": 0,
  "title": "Triumph of Bitcoin",
  "sourceId": "ba4b86348a6e7bad9deeb21752cf790694355b639650c679ce5b1c61feeab004i0"
}