{
  "radius": 2.1,
  "cOffset": [
    0.00593,
    -0.000841
  ],
  "mOffset": [
    0.000406,
    0.0027
  ],
  "yOffset": [
    0.023,
    0.0326
  ],
  "kOffset": [
    20000,
    20000
  ],
  "noiseAmp": 1.61e-05,
  "inkStatus": 0,
  "title": "Triumph of Bitcoin",
  "wear": 58.4,
  "sourceId": "ff08f64a29c957c1f376ca1d35c2ccb5851379da3df9618b8108f55ed65dfb39i0",
  "variationId": 225,
  "outliers": [
    "yOffset"
  ],
  "isOutlier": true
}