{
  "radius": 2.15,
  "cOffset": [
    8.84e-05,
    0.000157
  ],
  "mOffset": [
    0.00328,
    0.0034
  ],
  "yOffset": [
    0.00034,
    0.00309
  ],
  "kOffset": [
    20000,
    20000
  ],
  "noiseAmp": 8.93e-06,
  "inkStatus": 5,
  "title": "Triumph of Science",
  "wear": 36.3,
  "sourceId": "6461c2a49eba6c8220bf472d9a504554a0592470f0cdddddb0969e896a1a6ca9i0",
  "variationId": 282,
  "outliers": [
    "inkStatus"
  ],
  "isOutlier": true
}