{
  "radius": 2.19,
  "cOffset": [
    5.95e-05,
    -0.00611
  ],
  "mOffset": [
    -0.000772,
    -0.00567
  ],
  "yOffset": [
    -0.00148,
    0.000317
  ],
  "kOffset": [
    20000,
    20000
  ],
  "noiseAmp": 5.65e-06,
  "inkStatus": 0,
  "title": "Triumph of Bitcoin",
  "wear": 44.6,
  "sourceId": "63594e1b8512a5ad3215acfb7470f181444c773c0953d875f9713fca3d896774i0",
  "variationId": 44,
  "outliers": [],
  "isOutlier": false
}