{
  "radius": 2.23,
  "cOffset": [
    0.00322,
    0.00339
  ],
  "mOffset": [
    0.00286,
    0.00553
  ],
  "yOffset": [
    0.00152,
    0.000551
  ],
  "kOffset": [
    20000,
    20000
  ],
  "noiseAmp": 2.41e-06,
  "inkStatus": 0,
  "title": "Triumph of Bitcoin",
  "sourceId": "63594e1b8512a5ad3215acfb7470f181444c773c0953d875f9713fca3d896774i0"
}