{
  "radius": 0.015039191525988054,
  "cOffset": [
    9.071871295644827e-05,
    -0.00024079211621573274
  ],
  "mOffset": [
    -9.521134798815429e-05,
    -0.003725925592636186
  ],
  "yOffset": [
    -0.001097466947156044,
    0.0019596567587343845
  ],
  "kOffset": [
    90.18035121861317,
    112.19465253074945
  ],
  "noiseAmp": 8.868445906783869e-07,
  "colorMode": 0,
  "sourceId": "ba4b86348a6e7bad9deeb21752cf790694355b639650c679ce5b1c61feeab004i0",
  "variationId": 171,
  "outliers": [],
  "isOutlier": false
}