{
  "radius": 2.23,
  "cOffset": [
    0.00235,
    -0.00286
  ],
  "mOffset": [
    0.00237,
    -0.0068
  ],
  "yOffset": [
    -0.000593,
    0.00109
  ],
  "kOffset": [
    20000,
    20000
  ],
  "noiseAmp": 3.99e-07,
  "inkStatus": 3,
  "title": "Triumph of Bitcoin",
  "wear": 51.5,
  "sourceId": "ff08f64a29c957c1f376ca1d35c2ccb5851379da3df9618b8108f55ed65dfb39i0",
  "variationId": 228,
  "outliers": [
    "inkStatus"
  ],
  "isOutlier": true
}