{
  "radius": 2.13,
  "cOffset": [
    0.00156,
    0.000779
  ],
  "mOffset": [
    -0.0074,
    0.00167
  ],
  "yOffset": [
    0.00136,
    -0.00034
  ],
  "kOffset": [
    20000,
    20000
  ],
  "noiseAmp": 3.01e-06,
  "inkStatus": 1,
  "title": "Triumph of Bitcoin",
  "wear": 46.1,
  "sourceId": "a4fca8cd68283460126b88cce9a4d7462917eae4e6c1a5f91300fb9280eae7dbi0",
  "variationId": 73,
  "outliers": [
    "inkStatus"
  ],
  "isOutlier": true
}