{
  "radius": 0.01505568229440429,
  "cOffset": [
    -9.154426165952635e-05,
    -4.541182147781745e-05
  ],
  "mOffset": [
    -0.002152624019883208,
    8.252582464659979e-05
  ],
  "yOffset": [
    0.0010338027614059115,
    -0.00016660325286245697
  ],
  "kOffset": [
    101.151032949519,
    89.1740680160029
  ],
  "noiseAmp": 2.5028091907373405e-07,
  "colorMode": 0,
  "sourceId": "ec11a3e19cb22adf6a880c63b1daf19568cf5a6717572bfd123d91f15fe4d241i0",
  "variationId": 150,
  "outliers": [],
  "isOutlier": false
}