{
  "radius": 2.100013289946263,
  "cOffset": [
    0.001694354722108016,
    0.0022121632377738645
  ],
  "mOffset": [
    -0.002709048627752845,
    0.0005210946940333031
  ],
  "yOffset": [
    0.0017826218719255598,
    -0.0002626336245971603
  ],
  "kOffset": [
    20000,
    20000
  ],
  "noiseAmp": 2.0087805282207256e-07,
  "colorMode": 0,
  "title": "Triumph of Science",
  "sourceId": "b1ff3531357fc4703e14454c8cfc606c79f88f87f908ec0d34a3e7eb02a843adi0",
  "variationId": 304,
  "outliers": [],
  "isOutlier": false
}