{
  "radius": 2.27,
  "cOffset": [
    0.00674,
    0.0038
  ],
  "mOffset": [
    -0.00348,
    0.00346
  ],
  "yOffset": [
    0.000411,
    -0.000921
  ],
  "kOffset": [
    20000,
    20000
  ],
  "noiseAmp": 6.62e-06,
  "inkStatus": 0,
  "title": "Triumph of Bitcoin",
  "wear": 49.4,
  "sourceId": "11e0ab1f653675211944593bb87d1b875050c2f328ab175595d2e7189da9b2f8i0",
  "variationId": 126,
  "outliers": [],
  "isOutlier": false
}