{
  "radius": 0.015613434582446043,
  "cOffset": [
    0.0008319731369182147,
    -7.206470056703654e-05
  ],
  "mOffset": [
    -0.0013564167431813576,
    0.00022118731351702367
  ],
  "yOffset": [
    -0.0017269883573241163,
    0.0009095590307665553
  ],
  "kOffset": [
    96.1282282475847,
    104.7751065960503
  ],
  "noiseAmp": 1.0710002754500733e-06,
  "colorMode": 0,
  "sourceId": "ec11a3e19cb22adf6a880c63b1daf19568cf5a6717572bfd123d91f15fe4d241i0",
  "variationId": 166,
  "outliers": [],
  "isOutlier": false
}