{
  "radius": 2.05,
  "cOffset": [
    -0.000629,
    -0.00135
  ],
  "mOffset": [
    0.00772,
    -0.000545
  ],
  "yOffset": [
    0.000998,
    -0.000945
  ],
  "kOffset": [
    20000,
    20000
  ],
  "noiseAmp": 7.8e-06,
  "inkStatus": 0,
  "title": "Triumph of Science",
  "wear": 28.0,
  "sourceId": "806d80e7cf7f39208eccf59102e0086d6b593dbe3152777ef31dfc869a02340fi0",
  "variationId": 313,
  "outliers": [],
  "isOutlier": false
}