{
  "radius": 0.014159904987208911,
  "cOffset": [
    -0.003376599642071771,
    0.0003230561498412337
  ],
  "mOffset": [
    -0.00422101392048662,
    -0.004639539593517677
  ],
  "yOffset": [
    0.0008774826403543612,
    -0.00022279687337535518
  ],
  "kOffset": [
    114.48547560698303,
    94.85038080732716
  ],
  "noiseAmp": 6.254654554398981e-07,
  "colorMode": 0,
  "sourceId": "fbab7ffde03428ed7c11dc268605241b6e33ea212229b03fb1d8f21e289fae54i0",
  "variationId": 11,
  "outliers": [],
  "isOutlier": false
}