{
  "radius": 2.38,
  "cOffset": [
    -0.00631,
    0.000629
  ],
  "mOffset": [
    0.000327,
    0.00681
  ],
  "yOffset": [
    -0.0081,
    0.00385
  ],
  "kOffset": [
    20000,
    20000
  ],
  "noiseAmp": 8.55e-06,
  "inkStatus": 0,
  "title": "Triumph of Science",
  "sourceId": "b1ff3531357fc4703e14454c8cfc606c79f88f87f908ec0d34a3e7eb02a843adi0"
}