{
  "radius": 0.014899585466687243,
  "cOffset": [
    -0.003555001093499285,
    -0.0005362296193918055
  ],
  "mOffset": [
    -0.0003791296377674725,
    0.0011643038514992886
  ],
  "yOffset": [
    0.00031271164573146924,
    0.0007195703065008351
  ],
  "kOffset": [
    97.66363278053835,
    104.76156733100974
  ],
  "noiseAmp": 9.894458963234982e-07,
  "colorMode": 0,
  "sourceId": "a4fca8cd68283460126b88cce9a4d7462917eae4e6c1a5f91300fb9280eae7dbi0",
  "variationId": 79,
  "outliers": [],
  "isOutlier": false
}