{
  "radius": 2.33,
  "cOffset": [
    -0.00101,
    -0.00012
  ],
  "mOffset": [
    0.00278,
    -0.0014
  ],
  "yOffset": [
    -0.00333,
    0.00045
  ],
  "kOffset": [
    20000,
    20000
  ],
  "noiseAmp": 1.97e-05,
  "inkStatus": 4,
  "title": "Triumph of Bitcoin",
  "wear": 33.4,
  "sourceId": "cf3ae616cfa57b2304a43445a0025e16d1c36943ed15cb1af5898185cf0d88efi0",
  "variationId": 102,
  "outliers": [
    "inkStatus",
    "wear"
  ],
  "isOutlier": true
}