{
  "radius": 0.015226076650613901,
  "cOffset": [
    0.0008341330779307325,
    -0.0002207142204542322
  ],
  "mOffset": [
    -0.0018525484984907529,
    0.00223988609872267
  ],
  "yOffset": [
    0.001958102912571599,
    0.000834509411893445
  ],
  "kOffset": [
    104.44423845349327,
    95.55337171692335
  ],
  "noiseAmp": 3.782199870750276e-08,
  "colorMode": 0,
  "sourceId": "5f53dd709a8d2e350674d86679ff550763502a0ff8c2b567cefa4b52f736aa7fi0",
  "variationId": 70,
  "outliers": [],
  "isOutlier": false
}