{
  "radius": 2.4,
  "cOffset": [
    -0.000642,
    -0.00615
  ],
  "mOffset": [
    0.00239,
    0.00304
  ],
  "yOffset": [
    -1.47e-05,
    0.00246
  ],
  "kOffset": [
    20000,
    20000
  ],
  "noiseAmp": 6.23e-06,
  "inkStatus": 0,
  "title": "Triumph of Bitcoin",
  "wear": 34.4,
  "sourceId": "7fcc33c4cb0081cfa85c5d1d541aad5d8c631debbb29c65c95f4d30137ed2aa0i0",
  "variationId": 255,
  "outliers": [],
  "isOutlier": false
}