{
  "radius": 2.28,
  "cOffset": [
    0.00166,
    0.000846
  ],
  "mOffset": [
    0.0012,
    -0.000863
  ],
  "yOffset": [
    -0.000215,
    0.0012
  ],
  "kOffset": [
    20000,
    20000
  ],
  "noiseAmp": 1.04e-05,
  "inkStatus": 0,
  "title": "Triumph of Bitcoin",
  "sourceId": "ff08f64a29c957c1f376ca1d35c2ccb5851379da3df9618b8108f55ed65dfb39i0"
}