{
  "radius": 2.38,
  "cOffset": [
    -0.000149,
    0.00114
  ],
  "mOffset": [
    -0.00116,
    0.00436
  ],
  "yOffset": [
    -0.00162,
    -0.00887
  ],
  "kOffset": [
    20000,
    20000
  ],
  "noiseAmp": 8.47e-06,
  "inkStatus": 0,
  "title": "Triumph of Science",
  "sourceId": "806d80e7cf7f39208eccf59102e0086d6b593dbe3152777ef31dfc869a02340fi0"
}