{
  "radius": 2.3515556154438206,
  "cOffset": [
    0.0009439154739564915,
    -0.004292447742972313
  ],
  "mOffset": [
    0.000662000114443735,
    -0.005107089283345908
  ],
  "yOffset": [
    0.0009143881942081769,
    0.002137668449850993
  ],
  "kOffset": [
    20000,
    20000
  ],
  "noiseAmp": 2.9361020751644654e-05,
  "colorMode": 0,
  "title": "Triumph of Bitcoin",
  "sourceId": "ec11a3e19cb22adf6a880c63b1daf19568cf5a6717572bfd123d91f15fe4d241i0",
  "variationId": 150,
  "outliers": [],
  "isOutlier": false
}