{
  "radius": 2.3538177281512684,
  "cOffset": [
    -0.0026995987386472615,
    -0.0033405156517310125
  ],
  "mOffset": [
    0.004338366841814683,
    -0.003356448034742498
  ],
  "yOffset": [
    0.0002429550139041123,
    -0.000895432268051488
  ],
  "kOffset": [
    20000,
    20000
  ],
  "noiseAmp": 3.922833732650278e-06,
  "colorMode": 0,
  "title": "Triumph of Bitcoin",
  "sourceId": "5f53dd709a8d2e350674d86679ff550763502a0ff8c2b567cefa4b52f736aa7fi0",
  "variationId": 56,
  "outliers": [],
  "isOutlier": false
}