{
  "radius": 2.31,
  "cOffset": [
    0.0016,
    0.000282
  ],
  "mOffset": [
    0.000463,
    0.000761
  ],
  "yOffset": [
    -0.000777,
    -0.00259
  ],
  "kOffset": [
    20000,
    20000
  ],
  "noiseAmp": 1.03e-05,
  "inkStatus": 0,
  "title": "Triumph of Science",
  "sourceId": "b1ff3531357fc4703e14454c8cfc606c79f88f87f908ec0d34a3e7eb02a843adi0"
}