{
  "radius": 2.06,
  "cOffset": [
    -0.000235,
    -0.004
  ],
  "mOffset": [
    0.00229,
    -0.00114
  ],
  "yOffset": [
    -0.00287,
    -1.84e-06
  ],
  "kOffset": [
    20000,
    20000
  ],
  "noiseAmp": 8.02e-06,
  "inkStatus": 0,
  "title": "Triumph of Bitcoin",
  "sourceId": "ba4b86348a6e7bad9deeb21752cf790694355b639650c679ce5b1c61feeab004i0"
}