{
  "radius": 0.014917934307760469,
  "cOffset": [
    0.0025849954879387784,
    -7.61626001826937e-05
  ],
  "mOffset": [
    0.00447322259327853,
    0.008657919100954611
  ],
  "yOffset": [
    0.00013307236320430203,
    -0.0019689069847167572
  ],
  "kOffset": [
    82.74206692030647,
    91.13891623885569
  ],
  "noiseAmp": 2.3302580968083498e-07,
  "colorMode": 0,
  "sourceId": "6461c2a49eba6c8220bf472d9a504554a0592470f0cdddddb0969e896a1a6ca9i0",
  "variationId": 286,
  "outliers": [],
  "isOutlier": false
}