{
  "radius": 2.0720979778959507,
  "cOffset": [
    -0.001008574899630474,
    0.004652864485766797
  ],
  "mOffset": [
    -0.005912357245772713,
    -0.002362589221370098
  ],
  "yOffset": [
    0.005716509995776304,
    -0.000883032532808041
  ],
  "kOffset": [
    20000,
    20000
  ],
  "noiseAmp": 6.975551815266875e-06,
  "colorMode": 0,
  "title": "Triumph of Bitcoin",
  "sourceId": "ba4b86348a6e7bad9deeb21752cf790694355b639650c679ce5b1c61feeab004i0",
  "variationId": 183,
  "outliers": [],
  "isOutlier": false
}