{
  "radius": 2.03,
  "cOffset": [
    0.00695,
    -0.00111
  ],
  "mOffset": [
    -0.00239,
    0.00467
  ],
  "yOffset": [
    -0.000298,
    0.0062
  ],
  "kOffset": [
    20000,
    20000
  ],
  "noiseAmp": 4.51e-06,
  "inkStatus": 0,
  "title": "Triumph of Bitcoin",
  "sourceId": "a4fca8cd68283460126b88cce9a4d7462917eae4e6c1a5f91300fb9280eae7dbi0"
}