{
  "radius": 0.0664066516863937,
  "cOffset": [
    0.0003774439354343049,
    -0.00023776644760717746
  ],
  "mOffset": [
    0.0032127860626454357,
    -0.0039887100766241535
  ],
  "yOffset": [
    -0.001285177406490646,
    -0.002284714747435835
  ],
  "kOffset": [
    87.77636772515643,
    112.50027574382898
  ],
  "noiseAmp": 8.639091258470121e-08,
  "colorMode": 0,
  "sourceId": "7fcc33c4cb0081cfa85c5d1d541aad5d8c631debbb29c65c95f4d30137ed2aa0i0",
  "variationId": 246,
  "outliers": [
    "radius"
  ],
  "isOutlier": true
}