{
  "radius": 2.2,
  "cOffset": [
    0.00524,
    0.00587
  ],
  "mOffset": [
    -0.00316,
    -0.00426
  ],
  "yOffset": [
    0.00461,
    0.00134
  ],
  "kOffset": [
    20000,
    20000
  ],
  "noiseAmp": 9.01e-07,
  "inkStatus": 0,
  "title": "Triumph of Bitcoin",
  "sourceId": "7fcc33c4cb0081cfa85c5d1d541aad5d8c631debbb29c65c95f4d30137ed2aa0i0"
}