{
  "radius": 0.01531677057302542,
  "cOffset": [
    0.002169404087388073,
    0.0001944525324636177
  ],
  "mOffset": [
    0.0013714995486532322,
    -0.0003424507877908288
  ],
  "yOffset": [
    -0.0017138876194330525,
    -0.0015094977503260776
  ],
  "kOffset": [
    100.2167118313757,
    99.74646077113327
  ],
  "noiseAmp": 5.957636457148781e-07,
  "colorMode": 0,
  "sourceId": "ec11a3e19cb22adf6a880c63b1daf19568cf5a6717572bfd123d91f15fe4d241i0",
  "variationId": 165,
  "outliers": [],
  "isOutlier": false
}