{
  "radius": 2.41,
  "cOffset": [
    0.00609,
    0.000724
  ],
  "mOffset": [
    -0.00963,
    -0.000324
  ],
  "yOffset": [
    0.00282,
    -0.00289
  ],
  "kOffset": [
    20000,
    20000
  ],
  "noiseAmp": 1.12e-05,
  "inkStatus": 4,
  "title": "Triumph of Bitcoin",
  "sourceId": "63594e1b8512a5ad3215acfb7470f181444c773c0953d875f9713fca3d896774i0"
}