{
  "radius": 2.14,
  "cOffset": [
    -0.00146,
    -0.00218
  ],
  "mOffset": [
    0.00729,
    0.00867
  ],
  "yOffset": [
    0.00352,
    -0.00112
  ],
  "kOffset": [
    20000,
    20000
  ],
  "noiseAmp": 9.31e-06,
  "inkStatus": 0,
  "title": "Triumph of Bitcoin",
  "sourceId": "11e0ab1f653675211944593bb87d1b875050c2f328ab175595d2e7189da9b2f8i0"
}