{
  "radius": 2.22,
  "cOffset": [
    0.0028,
    0.00365
  ],
  "mOffset": [
    -0.00372,
    0.0076
  ],
  "yOffset": [
    0.000182,
    -0.00453
  ],
  "kOffset": [
    20000,
    20000
  ],
  "noiseAmp": 4.22e-06,
  "inkStatus": 0,
  "title": "Triumph of Bitcoin",
  "sourceId": "cf3ae616cfa57b2304a43445a0025e16d1c36943ed15cb1af5898185cf0d88efi0"
}