{
  "radius": 2.15,
  "cOffset": [
    0.0028,
    0.00401
  ],
  "mOffset": [
    0.00449,
    -0.00378
  ],
  "yOffset": [
    -0.00455,
    0.00212
  ],
  "kOffset": [
    20000,
    20000
  ],
  "noiseAmp": 2.09e-06,
  "inkStatus": 0,
  "title": "Triumph of Bitcoin",
  "wear": 52.0,
  "sourceId": "63594e1b8512a5ad3215acfb7470f181444c773c0953d875f9713fca3d896774i0",
  "variationId": 47,
  "outliers": [],
  "isOutlier": false
}