{
  "radius": 2.11,
  "cOffset": [
    -0.000155,
    0.000692
  ],
  "mOffset": [
    0.00404,
    0.000681
  ],
  "yOffset": [
    0.00271,
    -0.000328
  ],
  "kOffset": [
    20000,
    20000
  ],
  "noiseAmp": 6.9e-06,
  "inkStatus": 0,
  "title": "Triumph of Science",
  "sourceId": "806d80e7cf7f39208eccf59102e0086d6b593dbe3152777ef31dfc869a02340fi0"
}