{
  "radius": 2.28,
  "cOffset": [
    -0.00206,
    0.00682
  ],
  "mOffset": [
    0.00235,
    0.00219
  ],
  "yOffset": [
    -0.00895,
    0.000522
  ],
  "kOffset": [
    20000,
    20000
  ],
  "noiseAmp": 1.78e-06,
  "inkStatus": 0,
  "title": "Triumph of Bitcoin",
  "sourceId": "cf3ae616cfa57b2304a43445a0025e16d1c36943ed15cb1af5898185cf0d88efi0"
}