{
  "radius": 2.19,
  "cOffset": [
    -0.004,
    0.00144
  ],
  "mOffset": [
    0.00224,
    0.000315
  ],
  "yOffset": [
    -0.000561,
    0.00234
  ],
  "kOffset": [
    20000,
    20000
  ],
  "noiseAmp": 2.29e-06,
  "inkStatus": 0,
  "title": "Triumph of Bitcoin",
  "wear": 50.7,
  "sourceId": "a4fca8cd68283460126b88cce9a4d7462917eae4e6c1a5f91300fb9280eae7dbi0",
  "variationId": 80,
  "outliers": [],
  "isOutlier": false
}