{
  "radius": 2.2,
  "cOffset": [
    0.00071,
    -0.0076
  ],
  "mOffset": [
    0.0035,
    -0.000156
  ],
  "yOffset": [
    -0.000274,
    0.000133
  ],
  "kOffset": [
    20000,
    20000
  ],
  "noiseAmp": 1.74e-05,
  "inkStatus": 0,
  "title": "Triumph of Bitcoin",
  "sourceId": "11e0ab1f653675211944593bb87d1b875050c2f328ab175595d2e7189da9b2f8i0"
}