{
  "radius": 2.04,
  "cOffset": [
    0.00354,
    0.00204
  ],
  "mOffset": [
    -0.0054,
    0.00099
  ],
  "yOffset": [
    0.00554,
    0.00262
  ],
  "kOffset": [
    20000,
    20000
  ],
  "noiseAmp": 3.42e-06,
  "inkStatus": 3,
  "title": "Triumph of Bitcoin",
  "wear": 49.0,
  "sourceId": "a4fca8cd68283460126b88cce9a4d7462917eae4e6c1a5f91300fb9280eae7dbi0",
  "variationId": 81,
  "outliers": [
    "inkStatus"
  ],
  "isOutlier": true
}