{
  "radius": 0.015610498622369098,
  "cOffset": [
    0.0014700329948653995,
    -4.093448427140095e-05
  ],
  "mOffset": [
    -0.0021073536246345942,
    -0.0009923791160545128
  ],
  "yOffset": [
    0.0004543444233575432,
    -0.0010890345761978802
  ],
  "kOffset": [
    117.95211321092596,
    98.95005141043036
  ],
  "noiseAmp": 6.308583554999338e-07,
  "colorMode": 0,
  "sourceId": "7fcc33c4cb0081cfa85c5d1d541aad5d8c631debbb29c65c95f4d30137ed2aa0i0",
  "variationId": 256,
  "outliers": [],
  "isOutlier": false
}