{
  "radius": 2.48,
  "cOffset": [
    -0.001,
    0.00596
  ],
  "mOffset": [
    -0.00135,
    0.00543
  ],
  "yOffset": [
    -0.000636,
    0.0017
  ],
  "kOffset": [
    20000,
    20000
  ],
  "noiseAmp": 2.9e-05,
  "inkStatus": 6,
  "title": "Triumph of Bitcoin",
  "wear": 60.4,
  "sourceId": "5f53dd709a8d2e350674d86679ff550763502a0ff8c2b567cefa4b52f736aa7fi0",
  "variationId": 64,
  "outliers": [
    "inkStatus",
    "noiseAmp"
  ],
  "isOutlier": true
}