{
  "radius": 2.29,
  "cOffset": [
    -0.00141,
    -0.000113
  ],
  "mOffset": [
    -0.000359,
    0.0024
  ],
  "yOffset": [
    0.051,
    0.0461
  ],
  "kOffset": [
    20000,
    20000
  ],
  "noiseAmp": 5.73e-06,
  "inkStatus": 3,
  "title": "Triumph of Bitcoin",
  "wear": 46.3,
  "sourceId": "5f53dd709a8d2e350674d86679ff550763502a0ff8c2b567cefa4b52f736aa7fi0",
  "variationId": 71,
  "outliers": [
    "inkStatus",
    "yOffset"
  ],
  "isOutlier": true
}