{
  "radius": 2.2198746688434117,
  "cOffset": [
    -0.0008798213106846151,
    -0.0037132174401461678
  ],
  "mOffset": [
    -0.003535552088456019,
    0.001606656803963554
  ],
  "yOffset": [
    -0.0035004812594241143,
    0.0013465814049499999
  ],
  "kOffset": [
    20000,
    20000
  ],
  "noiseAmp": 5.326613333867006e-06,
  "colorMode": 0,
  "title": "Triumph of Science",
  "sourceId": "b1ff3531357fc4703e14454c8cfc606c79f88f87f908ec0d34a3e7eb02a843adi0",
  "variationId": 301,
  "outliers": [],
  "isOutlier": false
}