{
  "radius": 0.01613564142017075,
  "cOffset": [
    0.001821507636067943,
    -2.6312763023487125e-05
  ],
  "mOffset": [
    -0.0017468907507665918,
    0.00014774144793722004
  ],
  "yOffset": [
    0.0003032177704870421,
    0.00020850390681286966
  ],
  "kOffset": [
    95.4074084221875,
    110.23136119428816
  ],
  "noiseAmp": 1.329542594530368e-07,
  "colorMode": 0,
  "sourceId": "ec11a3e19cb22adf6a880c63b1daf19568cf5a6717572bfd123d91f15fe4d241i0",
  "variationId": 155,
  "outliers": [],
  "isOutlier": false
}