{
  "radius": 0.01445926825163309,
  "cOffset": [
    -0.0021815648865959924,
    -0.0003919538013897246
  ],
  "mOffset": [
    0.005044344449755781,
    -0.0009422130347686409
  ],
  "yOffset": [
    0.00015434132010285476,
    -0.000910291797610392
  ],
  "kOffset": [
    102.96097385237842,
    87.7991298093316
  ],
  "noiseAmp": 4.6050177105380506e-07,
  "colorMode": 0,
  "sourceId": "fb9fad20ede2f27b013efe9b408e6be1b3ff546dfca53eac86c7e0f1a632d551i0",
  "variationId": 206,
  "outliers": [],
  "isOutlier": false
}