{
  "radius": 1.97,
  "cOffset": [
    -0.00373,
    -0.000148
  ],
  "mOffset": [
    -0.00214,
    -0.00466
  ],
  "yOffset": [
    -0.00242,
    -0.00445
  ],
  "kOffset": [
    20000,
    20000
  ],
  "noiseAmp": 7.55e-06,
  "inkStatus": 0,
  "title": "Triumph of Bitcoin",
  "sourceId": "ec11a3e19cb22adf6a880c63b1daf19568cf5a6717572bfd123d91f15fe4d241i0"
}