{
  "radius": 0.014525089365637234,
  "cOffset": [
    -0.0022552008367140415,
    -0.00011219681482635414
  ],
  "mOffset": [
    0.00012317675423864717,
    0.0027338005368403484
  ],
  "yOffset": [
    0.0004399043506629769,
    0.0007255389952617714
  ],
  "kOffset": [
    83.3210369212408,
    82.71146314129825
  ],
  "noiseAmp": 1.522856618903649e-07,
  "colorMode": 0,
  "sourceId": "fb9fad20ede2f27b013efe9b408e6be1b3ff546dfca53eac86c7e0f1a632d551i0",
  "variationId": 198,
  "outliers": [],
  "isOutlier": false
}