{
  "radius": 2.346321428118284,
  "cOffset": [
    0.0010404662264081636,
    0.0035955321155346134
  ],
  "mOffset": [
    -0.0027952433306464397,
    0.002413219600349819
  ],
  "yOffset": [
    -0.0033363117207679243,
    5.702973415428199e-05
  ],
  "kOffset": [
    20000,
    20000
  ],
  "noiseAmp": 5.053630157046574e-06,
  "colorMode": 0,
  "title": "Triumph of Science",
  "sourceId": "b1ff3531357fc4703e14454c8cfc606c79f88f87f908ec0d34a3e7eb02a843adi0",
  "variationId": 291,
  "outliers": [],
  "isOutlier": false
}