{
  "radius": 0.015036681254510558,
  "cOffset": [
    0.0034469900792056226,
    0.00036553270823596663
  ],
  "mOffset": [
    0.0024647382783869573,
    0.0003514550466116583
  ],
  "yOffset": [
    -0.0010294920422442369,
    0.0007644647313585257
  ],
  "kOffset": [
    100.12432166276157,
    99.19626794873726
  ],
  "noiseAmp": 1.570027695658161e-06,
  "colorMode": 0,
  "sourceId": "806d80e7cf7f39208eccf59102e0086d6b593dbe3152777ef31dfc869a02340fi0",
  "variationId": 311,
  "outliers": [],
  "isOutlier": false
}