{
  "radius": 0.01551145171744753,
  "cOffset": [
    0.00414568122388559,
    0.0002370053490046791
  ],
  "mOffset": [
    0.0023190694357984117,
    -0.002265063373456444
  ],
  "yOffset": [
    -5.6354326855790266e-05,
    -0.0009969511074955943
  ],
  "kOffset": [
    92.35742426250211,
    95.7519269063122
  ],
  "noiseAmp": 1.1338890756408786e-06,
  "colorMode": 0,
  "sourceId": "cf3ae616cfa57b2304a43445a0025e16d1c36943ed15cb1af5898185cf0d88efi0",
  "variationId": 103,
  "outliers": [],
  "isOutlier": false
}