{
  "radius": 2.28,
  "cOffset": [
    -0.00289,
    0.00157
  ],
  "mOffset": [
    0.00036,
    -0.00374
  ],
  "yOffset": [
    0.000733,
    0.00332
  ],
  "kOffset": [
    20000,
    20000
  ],
  "noiseAmp": 1.12e-05,
  "inkStatus": 0,
  "title": "Triumph of Bitcoin",
  "wear": 53.6,
  "sourceId": "5f53dd709a8d2e350674d86679ff550763502a0ff8c2b567cefa4b52f736aa7fi0",
  "variationId": 70,
  "outliers": [],
  "isOutlier": false
}