{
  "radius": 2.25,
  "cOffset": [
    0.000538,
    0.00215
  ],
  "mOffset": [
    0.000526,
    0.00742
  ],
  "yOffset": [
    -0.00122,
    0.00227
  ],
  "kOffset": [
    20000,
    20000
  ],
  "noiseAmp": 2.22e-06,
  "inkStatus": 0,
  "title": "Triumph of Bitcoin",
  "sourceId": "ec11a3e19cb22adf6a880c63b1daf19568cf5a6717572bfd123d91f15fe4d241i0"
}