{
  "radius": 0.014130024002373362,
  "cOffset": [
    -0.0007480425250605366,
    -0.0002052309218605957
  ],
  "mOffset": [
    0.0015827106105097825,
    -0.0057008142302186465
  ],
  "yOffset": [
    -0.0010050785334373624,
    -0.0010259685700250655
  ],
  "kOffset": [
    94.47662724453807,
    99.71640426910031
  ],
  "noiseAmp": 6.473532816824139e-07,
  "colorMode": 0,
  "sourceId": "ba4b86348a6e7bad9deeb21752cf790694355b639650c679ce5b1c61feeab004i0",
  "variationId": 178,
  "outliers": [],
  "isOutlier": false
}