{
  "radius": 2.054582077528055,
  "cOffset": [
    -0.06579182478562258,
    0.04378060354790808
  ],
  "mOffset": [
    -0.005189793490875399,
    -0.000861125512948703
  ],
  "yOffset": [
    -0.001619270333121351,
    0.0013416104713724528
  ],
  "kOffset": [
    20000,
    20000
  ],
  "noiseAmp": 2.0150212669227484e-06,
  "colorMode": 6,
  "title": "Triumph of Science",
  "sourceId": "806d80e7cf7f39208eccf59102e0086d6b593dbe3152777ef31dfc869a02340fi0",
  "variationId": 314,
  "outliers": [
    "colorMode",
    "cOffset"
  ],
  "isOutlier": true
}