{
  "radius": 2.34,
  "cOffset": [
    0.000742,
    -0.00392
  ],
  "mOffset": [
    -0.0025,
    0.0026
  ],
  "yOffset": [
    -0.00376,
    -0.00249
  ],
  "kOffset": [
    20000,
    20000
  ],
  "noiseAmp": 6.42e-06,
  "inkStatus": 5,
  "title": "Triumph of Bitcoin",
  "wear": 50.1,
  "sourceId": "fbab7ffde03428ed7c11dc268605241b6e33ea212229b03fb1d8f21e289fae54i0",
  "variationId": 10,
  "outliers": [
    "inkStatus"
  ],
  "isOutlier": true
}