{
  "radius": 2.22,
  "cOffset": [
    -0.00359,
    0.00269
  ],
  "mOffset": [
    0.00255,
    0.00368
  ],
  "yOffset": [
    0.000129,
    -0.000683
  ],
  "kOffset": [
    20000,
    20000
  ],
  "noiseAmp": 3.51e-06,
  "inkStatus": 0,
  "title": "Triumph of Bitcoin",
  "wear": 49.0,
  "sourceId": "ec11a3e19cb22adf6a880c63b1daf19568cf5a6717572bfd123d91f15fe4d241i0",
  "variationId": 165,
  "outliers": [],
  "isOutlier": false
}