{
  "radius": 0.06580627811522283,
  "cOffset": [
    -0.00142552465156088,
    0.00048111329464594233
  ],
  "mOffset": [
    0.0034291964166466957,
    0.0001989914395579771
  ],
  "yOffset": [
    0.0025549869157957344,
    0.0018004031654941888
  ],
  "kOffset": [
    93.24558706568189,
    97.58454090028586
  ],
  "noiseAmp": 1.4957963356256379e-06,
  "colorMode": 0,
  "sourceId": "ff08f64a29c957c1f376ca1d35c2ccb5851379da3df9618b8108f55ed65dfb39i0",
  "variationId": 231,
  "outliers": [
    "radius"
  ],
  "isOutlier": true
}