{
  "radius": 1.94,
  "cOffset": [
    -0.000781,
    0.00348
  ],
  "mOffset": [
    -0.00229,
    -0.00707
  ],
  "yOffset": [
    -0.00055,
    0.00278
  ],
  "kOffset": [
    20000,
    20000
  ],
  "noiseAmp": 9.08e-06,
  "inkStatus": 2,
  "title": "Triumph of Bitcoin",
  "wear": 52.0,
  "sourceId": "ec11a3e19cb22adf6a880c63b1daf19568cf5a6717572bfd123d91f15fe4d241i0",
  "variationId": 145,
  "outliers": [
    "inkStatus"
  ],
  "isOutlier": true
}