{
  "radius": 0.015309736168658113,
  "cOffset": [
    0.0010873749618853608,
    0.0002973791592067827
  ],
  "mOffset": [
    -0.001976429503938153,
    -0.006725518319423832
  ],
  "yOffset": [
    -8.681523768602589e-05,
    0.002786218474811582
  ],
  "kOffset": [
    122.57902692828674,
    74.13977146392926
  ],
  "noiseAmp": 1.2805850015239193e-06,
  "colorMode": 0,
  "sourceId": "ec11a3e19cb22adf6a880c63b1daf19568cf5a6717572bfd123d91f15fe4d241i0",
  "variationId": 154,
  "outliers": [],
  "isOutlier": false
}