{
  "radius": 2.21,
  "cOffset": [
    -0.000371,
    -0.00155
  ],
  "mOffset": [
    -0.000792,
    0.0023
  ],
  "yOffset": [
    0.000806,
    -0.00154
  ],
  "kOffset": [
    20000,
    20000
  ],
  "noiseAmp": 9.74e-07,
  "inkStatus": 0,
  "title": "Triumph of Bitcoin",
  "wear": 37.3,
  "sourceId": "ff08f64a29c957c1f376ca1d35c2ccb5851379da3df9618b8108f55ed65dfb39i0",
  "variationId": 216,
  "outliers": [],
  "isOutlier": false
}