{
  "radius": 0.015421361832618354,
  "cOffset": [
    0.00043336901624341077,
    0.0002611115710681407
  ],
  "mOffset": [
    0.0005730541424690386,
    0.001949013632689607
  ],
  "yOffset": [
    0.0013960970311701535,
    -0.000510246024474654
  ],
  "kOffset": [
    107.86654274828268,
    83.25553002303167
  ],
  "noiseAmp": 1.556753219151319e-06,
  "colorMode": 0,
  "sourceId": "11e0ab1f653675211944593bb87d1b875050c2f328ab175595d2e7189da9b2f8i0",
  "variationId": 123,
  "outliers": [],
  "isOutlier": false
}