{
  "radius": 2.26,
  "cOffset": [
    -0.00348,
    0.000656
  ],
  "mOffset": [
    0.00494,
    0.00148
  ],
  "yOffset": [
    0.000996,
    0.00257
  ],
  "kOffset": [
    20000,
    20000
  ],
  "noiseAmp": 3.47e-05,
  "inkStatus": 0,
  "title": "Triumph of Bitcoin",
  "sourceId": "7fcc33c4cb0081cfa85c5d1d541aad5d8c631debbb29c65c95f4d30137ed2aa0i0"
}