{
  "radius": 2.122558195471275,
  "cOffset": [
    -0.0006828843346396038,
    0.00034330861247603545
  ],
  "mOffset": [
    -0.0029069335232611952,
    -0.002040329256100677
  ],
  "yOffset": [
    -0.00026182142967147985,
    0.0006318304758438556
  ],
  "kOffset": [
    20000,
    20000
  ],
  "noiseAmp": 1.9517047750897864e-05,
  "colorMode": 0,
  "title": "Triumph of Bitcoin",
  "sourceId": "ba4b86348a6e7bad9deeb21752cf790694355b639650c679ce5b1c61feeab004i0",
  "variationId": 181,
  "outliers": [],
  "isOutlier": false
}