{
  "radius": 2.3541750489766993,
  "cOffset": [
    0.0014657790374142275,
    -9.872834223048261e-05
  ],
  "mOffset": [
    0.002233093940292438,
    0.001108627875709556
  ],
  "yOffset": [
    0.007132920446740605,
    -0.00028493776892309476
  ],
  "kOffset": [
    20000,
    20000
  ],
  "noiseAmp": 2.2706721618748836e-06,
  "colorMode": 0,
  "title": "Triumph of Science",
  "sourceId": "806d80e7cf7f39208eccf59102e0086d6b593dbe3152777ef31dfc869a02340fi0",
  "variationId": 332,
  "outliers": [],
  "isOutlier": false
}