{
  "radius": 2.34,
  "cOffset": [
    0.0018,
    -0.000356
  ],
  "mOffset": [
    0.00754,
    -0.00209
  ],
  "yOffset": [
    -0.00132,
    -0.00299
  ],
  "kOffset": [
    20000,
    20000
  ],
  "noiseAmp": 4.67e-06,
  "inkStatus": 0,
  "title": "Triumph of Bitcoin",
  "wear": 54.7,
  "sourceId": "a4fca8cd68283460126b88cce9a4d7462917eae4e6c1a5f91300fb9280eae7dbi0",
  "variationId": 86,
  "outliers": [],
  "isOutlier": false
}