{
  "radius": 0.013591991733798638,
  "cOffset": [
    0.032468926425503135,
    -0.004525524325088983
  ],
  "mOffset": [
    -0.0006963032708773605,
    -3.0129304563103513e-05
  ],
  "yOffset": [
    -0.0015256642362145689,
    -0.0003817092808988151
  ],
  "kOffset": [
    102.07216770401519,
    102.08777670089702
  ],
  "noiseAmp": 2.284663605790499e-08,
  "colorMode": 0,
  "sourceId": "7fcc33c4cb0081cfa85c5d1d541aad5d8c631debbb29c65c95f4d30137ed2aa0i0",
  "variationId": 261,
  "outliers": [
    "cOffset"
  ],
  "isOutlier": true
}