{
  "radius": 2.2140725400846457,
  "cOffset": [
    0.0016270590559917628,
    -0.001112186438612946
  ],
  "mOffset": [
    -0.001556341435351196,
    -0.0031122541940511576
  ],
  "yOffset": [
    0.002405381370563523,
    -0.003160362291285051
  ],
  "kOffset": [
    20000,
    20000
  ],
  "noiseAmp": 1.0849610073557635e-05,
  "colorMode": 0,
  "title": "Triumph of Bitcoin",
  "sourceId": "fb9fad20ede2f27b013efe9b408e6be1b3ff546dfca53eac86c7e0f1a632d551i0",
  "variationId": 210,
  "outliers": [],
  "isOutlier": false
}