{
  "radius": 0.01504377502162574,
  "cOffset": [
    -0.0009908672444994447,
    0.00013081950841987275
  ],
  "mOffset": [
    -0.00011482736305112205,
    0.0015503422193173261
  ],
  "yOffset": [
    0.0010135857075837169,
    0.0008724681625305012
  ],
  "kOffset": [
    111.03572651385659,
    95.8889331173997
  ],
  "noiseAmp": 3.3726618248198093e-07,
  "colorMode": 0,
  "sourceId": "cf3ae616cfa57b2304a43445a0025e16d1c36943ed15cb1af5898185cf0d88efi0",
  "variationId": 105,
  "outliers": [],
  "isOutlier": false
}