{
  "radius": 0.015742135829350443,
  "cOffset": [
    -0.0006848545349004603,
    9.896279852934905e-05
  ],
  "mOffset": [
    -0.0029683742466800524,
    -0.000435949901827451
  ],
  "yOffset": [
    -0.0007902487846998521,
    0.0006397243980989423
  ],
  "kOffset": [
    117.3399751229353,
    107.58301110129497
  ],
  "noiseAmp": 1.1374466589231735e-06,
  "colorMode": 0,
  "sourceId": "fbab7ffde03428ed7c11dc268605241b6e33ea212229b03fb1d8f21e289fae54i0",
  "variationId": 23,
  "outliers": [],
  "isOutlier": false
}