{
  "radius": 2.11,
  "cOffset": [
    -0.000499,
    -0.00531
  ],
  "mOffset": [
    -0.0018,
    0.00402
  ],
  "yOffset": [
    -0.00166,
    0.00266
  ],
  "kOffset": [
    20000,
    20000
  ],
  "noiseAmp": 2.34e-05,
  "inkStatus": 6,
  "title": "Triumph of Bitcoin",
  "sourceId": "5f53dd709a8d2e350674d86679ff550763502a0ff8c2b567cefa4b52f736aa7fi0"
}