{
  "radius": 0.015614288336860436,
  "cOffset": [
    0.003948783466748096,
    -0.0002476424451679669
  ],
  "mOffset": [
    0.0013049062750686818,
    -0.0016154395323400052
  ],
  "yOffset": [
    -0.000966125000776068,
    0.0011853197925256996
  ],
  "kOffset": [
    98.69532818575418,
    90.99374887993001
  ],
  "noiseAmp": 1.0702469295969173e-06,
  "colorMode": 0,
  "sourceId": "ba4b86348a6e7bad9deeb21752cf790694355b639650c679ce5b1c61feeab004i0",
  "variationId": 184,
  "outliers": [],
  "isOutlier": false
}