{
  "radius": 2.18,
  "cOffset": [
    0.00157,
    -0.00368
  ],
  "mOffset": [
    -0.00804,
    -0.000921
  ],
  "yOffset": [
    -0.00013,
    -0.000868
  ],
  "kOffset": [
    20000,
    20000
  ],
  "noiseAmp": 1.19e-05,
  "inkStatus": 0,
  "title": "Triumph of Bitcoin",
  "wear": 50.0,
  "sourceId": "a4fca8cd68283460126b88cce9a4d7462917eae4e6c1a5f91300fb9280eae7dbi0",
  "variationId": 76,
  "outliers": [
    "noiseAmp"
  ],
  "isOutlier": true
}