{
  "radius": 2.17,
  "cOffset": [
    -0.000252,
    -1.61e-05
  ],
  "mOffset": [
    0.00203,
    0.0058
  ],
  "yOffset": [
    -0.00579,
    0.00118
  ],
  "kOffset": [
    20000,
    20000
  ],
  "noiseAmp": 6.09e-06,
  "inkStatus": 0,
  "title": "Triumph of Bitcoin",
  "wear": 60.9,
  "sourceId": "ec11a3e19cb22adf6a880c63b1daf19568cf5a6717572bfd123d91f15fe4d241i0",
  "variationId": 154,
  "outliers": [],
  "isOutlier": false
}