{
  "radius": 2.26,
  "cOffset": [
    -0.00242,
    -0.000203
  ],
  "mOffset": [
    -0.00165,
    0.00104
  ],
  "yOffset": [
    0.000926,
    0.00281
  ],
  "kOffset": [
    20000,
    20000
  ],
  "noiseAmp": 7.45e-05,
  "inkStatus": 0,
  "title": "Triumph of Bitcoin",
  "sourceId": "cf3ae616cfa57b2304a43445a0025e16d1c36943ed15cb1af5898185cf0d88efi0"
}