{
  "radius": 2.21,
  "cOffset": [
    0.00145,
    0.00442
  ],
  "mOffset": [
    -0.000384,
    -0.00324
  ],
  "yOffset": [
    0.00133,
    0.000654
  ],
  "kOffset": [
    20000,
    20000
  ],
  "noiseAmp": 5.44e-06,
  "inkStatus": 0,
  "title": "Triumph of Bitcoin",
  "sourceId": "ec11a3e19cb22adf6a880c63b1daf19568cf5a6717572bfd123d91f15fe4d241i0"
}