{
  "radius": 2.2510873826755144,
  "cOffset": [
    0.003231709348454559,
    0.0028800914109308106
  ],
  "mOffset": [
    -0.0005624370250594826,
    0.0011141257831907285
  ],
  "yOffset": [
    -0.00034513227623642973,
    -0.0004938714304781953
  ],
  "kOffset": [
    20000,
    20000
  ],
  "noiseAmp": 3.3308922298073827e-06,
  "colorMode": 0,
  "title": "Triumph of Bitcoin",
  "sourceId": "11e0ab1f653675211944593bb87d1b875050c2f328ab175595d2e7189da9b2f8i0",
  "variationId": 128,
  "outliers": [],
  "isOutlier": false
}