{
  "radius": 2.3010103770901695,
  "cOffset": [
    0.0015185694925079051,
    0.000690826982548929
  ],
  "mOffset": [
    -0.0023809681858774903,
    0.0006629257092648163
  ],
  "yOffset": [
    -0.0038899211240949754,
    -0.0006950968655137287
  ],
  "kOffset": [
    20000,
    20000
  ],
  "noiseAmp": 1.7527254340028974e-05,
  "colorMode": 0,
  "title": "Triumph of Bitcoin",
  "sourceId": "a4fca8cd68283460126b88cce9a4d7462917eae4e6c1a5f91300fb9280eae7dbi0",
  "variationId": 78,
  "outliers": [],
  "isOutlier": false
}