{
  "radius": 0.015327322225558932,
  "cOffset": [
    -0.0005858825904033444,
    5.554783839073968e-05
  ],
  "mOffset": [
    0.004854235572553388,
    -0.0010518453991677967
  ],
  "yOffset": [
    0.0003471018535455388,
    -0.00033791590224928266
  ],
  "kOffset": [
    100.69005251074667,
    95.56926683771998
  ],
  "noiseAmp": 7.078794278000373e-07,
  "colorMode": 0,
  "sourceId": "cf3ae616cfa57b2304a43445a0025e16d1c36943ed15cb1af5898185cf0d88efi0",
  "variationId": 96,
  "outliers": [],
  "isOutlier": false
}