{
  "radius": 2.2436521503824056,
  "cOffset": [
    0.0020979819606940153,
    0.0034064444756411612
  ],
  "mOffset": [
    0.0031564170841733557,
    -0.0028440427025520736
  ],
  "yOffset": [
    0.0037509389325125317,
    0.0026606783779572975
  ],
  "kOffset": [
    20000,
    20000
  ],
  "noiseAmp": 6.198421166650531e-06,
  "colorMode": 0,
  "title": "Triumph of Bitcoin",
  "sourceId": "ba4b86348a6e7bad9deeb21752cf790694355b639650c679ce5b1c61feeab004i0",
  "variationId": 174,
  "outliers": [],
  "isOutlier": false
}