{
  "radius": 2.242464622786737,
  "cOffset": [
    -0.002227064663878316,
    -0.0015405002120157634
  ],
  "mOffset": [
    -0.0016915286291499158,
    9.717705724156234e-05
  ],
  "yOffset": [
    -0.0026261980905073015,
    0.0014831748378793625
  ],
  "kOffset": [
    20000,
    20000
  ],
  "noiseAmp": 2.5694302413777212e-05,
  "colorMode": 0,
  "title": "Triumph of Bitcoin",
  "sourceId": "fb9fad20ede2f27b013efe9b408e6be1b3ff546dfca53eac86c7e0f1a632d551i0",
  "variationId": 200,
  "outliers": [],
  "isOutlier": false
}