{
  "radius": 0.06838356925242206,
  "cOffset": [
    0.04905895617734423,
    -0.00482479215342369
  ],
  "mOffset": [
    -0.006263751755446492,
    -0.028700343830631803
  ],
  "yOffset": [
    0.0009244139235177082,
    0.00020814208465686556
  ],
  "kOffset": [
    85.30668512182955,
    86.71664602723155
  ],
  "noiseAmp": 1.5665055687026452e-05,
  "colorMode": 1,
  "sourceId": "6461c2a49eba6c8220bf472d9a504554a0592470f0cdddddb0969e896a1a6ca9i0",
  "variationId": 285,
  "outliers": [
    "colorMode",
    "radius",
    "cOffset",
    "noiseAmp",
    "mOffset"
  ],
  "isOutlier": true
}