{
  "radius": 0.015179186264700691,
  "cOffset": [
    -0.0027063431117003815,
    0.0003767115827199099
  ],
  "mOffset": [
    -0.0011198878331785138,
    0.002403138954939136
  ],
  "yOffset": [
    0.0001237429301602208,
    0.002050326004399903
  ],
  "kOffset": [
    114.39878448891186,
    106.47877601026217
  ],
  "noiseAmp": 2.090610428910319e-06,
  "colorMode": 0,
  "sourceId": "11e0ab1f653675211944593bb87d1b875050c2f328ab175595d2e7189da9b2f8i0",
  "variationId": 128,
  "outliers": [],
  "isOutlier": false
}