{
  "radius": 2.44,
  "cOffset": [
    6.93e-05,
    -0.00512
  ],
  "mOffset": [
    0.00373,
    0.00259
  ],
  "yOffset": [
    1.84e-05,
    0.00233
  ],
  "kOffset": [
    20000,
    20000
  ],
  "noiseAmp": 1.66e-05,
  "inkStatus": 0,
  "title": "Triumph of Science",
  "wear": 53.5,
  "sourceId": "b1ff3531357fc4703e14454c8cfc606c79f88f87f908ec0d34a3e7eb02a843adi0",
  "variationId": 307,
  "outliers": [],
  "isOutlier": false
}