{
  "radius": 2.26,
  "cOffset": [
    0.000415,
    0.000405
  ],
  "mOffset": [
    -0.00471,
    -0.00601
  ],
  "yOffset": [
    -6.79e-05,
    0.000496
  ],
  "kOffset": [
    20000,
    20000
  ],
  "noiseAmp": 1.96e-05,
  "inkStatus": 0,
  "title": "Triumph of Bitcoin",
  "sourceId": "ec11a3e19cb22adf6a880c63b1daf19568cf5a6717572bfd123d91f15fe4d241i0"
}