{
  "radius": 2.2505596783872375,
  "cOffset": [
    -0.00033612666338253696,
    0.0013746115255997122
  ],
  "mOffset": [
    -0.0010326606798526912,
    0.0013624417435825638
  ],
  "yOffset": [
    -0.004803991524407058,
    -0.003887423811776783
  ],
  "kOffset": [
    20000,
    20000
  ],
  "noiseAmp": 1.761580194073275e-05,
  "colorMode": 0,
  "title": "Triumph of Bitcoin",
  "sourceId": "a4fca8cd68283460126b88cce9a4d7462917eae4e6c1a5f91300fb9280eae7dbi0",
  "variationId": 76,
  "outliers": [],
  "isOutlier": false
}