{
  "radius": 2.19,
  "cOffset": [
    -0.00303,
    -0.00128
  ],
  "mOffset": [
    0.00077,
    -0.0055
  ],
  "yOffset": [
    -0.0011,
    -0.00131
  ],
  "kOffset": [
    20000,
    20000
  ],
  "noiseAmp": 1.73e-05,
  "inkStatus": 0,
  "title": "Triumph of Bitcoin",
  "sourceId": "cf3ae616cfa57b2304a43445a0025e16d1c36943ed15cb1af5898185cf0d88efi0"
}