{
  "radius": 2.35,
  "cOffset": [
    0.00125,
    0.000373
  ],
  "mOffset": [
    -0.00488,
    0.000391
  ],
  "yOffset": [
    0.00107,
    0.00152
  ],
  "kOffset": [
    20000,
    20000
  ],
  "noiseAmp": 1.17e-05,
  "inkStatus": 0,
  "title": "Triumph of Bitcoin",
  "wear": 46.5,
  "sourceId": "cf3ae616cfa57b2304a43445a0025e16d1c36943ed15cb1af5898185cf0d88efi0",
  "variationId": 110,
  "outliers": [],
  "isOutlier": false
}