{
  "radius": 2.11,
  "cOffset": [
    0.00507,
    -0.0061
  ],
  "mOffset": [
    0.00162,
    0.00146
  ],
  "yOffset": [
    0.0018,
    -0.00189
  ],
  "kOffset": [
    20000,
    20000
  ],
  "noiseAmp": 2.07e-06,
  "inkStatus": 0,
  "title": "Triumph of Bitcoin",
  "sourceId": "7fcc33c4cb0081cfa85c5d1d541aad5d8c631debbb29c65c95f4d30137ed2aa0i0"
}