{
  "radius": 2.42,
  "cOffset": [
    -0.00234,
    0.00444
  ],
  "mOffset": [
    0.00444,
    -0.00162
  ],
  "yOffset": [
    0.00379,
    0.000207
  ],
  "kOffset": [
    20000,
    20000
  ],
  "noiseAmp": 1.41e-05,
  "inkStatus": 0,
  "title": "Triumph of Bitcoin",
  "wear": 51.5,
  "sourceId": "fb9fad20ede2f27b013efe9b408e6be1b3ff546dfca53eac86c7e0f1a632d551i0",
  "variationId": 200,
  "outliers": [],
  "isOutlier": false
}