{
  "radius": 2.38,
  "cOffset": [
    -0.00141,
    -0.00299
  ],
  "mOffset": [
    0.00162,
    0.00519
  ],
  "yOffset": [
    0.00339,
    -0.00286
  ],
  "kOffset": [
    20000,
    20000
  ],
  "noiseAmp": 1.89e-05,
  "inkStatus": 0,
  "title": "Triumph of Bitcoin",
  "sourceId": "a4fca8cd68283460126b88cce9a4d7462917eae4e6c1a5f91300fb9280eae7dbi0"
}