{
  "radius": 2.38,
  "cOffset": [
    0.00422,
    0.00112
  ],
  "mOffset": [
    0.00244,
    -0.00435
  ],
  "yOffset": [
    0.0014,
    -0.00525
  ],
  "kOffset": [
    20000,
    20000
  ],
  "noiseAmp": 1.16e-06,
  "inkStatus": 0,
  "title": "Triumph of Bitcoin",
  "sourceId": "cf3ae616cfa57b2304a43445a0025e16d1c36943ed15cb1af5898185cf0d88efi0"
}