{
  "radius": 2.2634632983736975,
  "cOffset": [
    -0.0012856914128948826,
    0.0016758045404045593
  ],
  "mOffset": [
    -0.0023499646217414664,
    -0.0033417416109128768
  ],
  "yOffset": [
    7.467585380549169e-05,
    0.0004649695557481826
  ],
  "kOffset": [
    20000,
    20000
  ],
  "noiseAmp": 6.203013559162746e-06,
  "colorMode": 0,
  "title": "Triumph of Bitcoin",
  "sourceId": "ff08f64a29c957c1f376ca1d35c2ccb5851379da3df9618b8108f55ed65dfb39i0",
  "variationId": 222,
  "outliers": [],
  "isOutlier": false
}