{
  "radius": 2.22,
  "cOffset": [
    0.0202,
    0.0322
  ],
  "mOffset": [
    0.0019,
    0.00544
  ],
  "yOffset": [
    -0.00289,
    0.00378
  ],
  "kOffset": [
    20000,
    20000
  ],
  "noiseAmp": 1.23e-05,
  "inkStatus": 0,
  "title": "Triumph of Bitcoin",
  "sourceId": "fbab7ffde03428ed7c11dc268605241b6e33ea212229b03fb1d8f21e289fae54i0"
}