{
  "radius": 2.2,
  "cOffset": [
    0.000959,
    -0.00602
  ],
  "mOffset": [
    0.00122,
    0.00124
  ],
  "yOffset": [
    -0.004,
    -0.00285
  ],
  "kOffset": [
    20000,
    20000
  ],
  "noiseAmp": 5.3e-06,
  "inkStatus": 0,
  "title": "Triumph of Bitcoin",
  "wear": 48.4,
  "sourceId": "5f53dd709a8d2e350674d86679ff550763502a0ff8c2b567cefa4b52f736aa7fi0",
  "variationId": 53,
  "outliers": [],
  "isOutlier": false
}