{
  "radius": 2.27,
  "cOffset": [
    0.00197,
    -0.0011
  ],
  "mOffset": [
    0.000397,
    -0.000172
  ],
  "yOffset": [
    -0.000313,
    0.00381
  ],
  "kOffset": [
    20000,
    20000
  ],
  "noiseAmp": 8.86e-06,
  "inkStatus": 0,
  "title": "Triumph of Science",
  "sourceId": "6461c2a49eba6c8220bf472d9a504554a0592470f0cdddddb0969e896a1a6ca9i0"
}