{
  "radius": 2.1942228517641937,
  "cOffset": [
    -0.0017909589661804291,
    -0.0033243690657123164
  ],
  "mOffset": [
    -0.0009627315409649346,
    0.0025775842322929257
  ],
  "yOffset": [
    -8.976377661934898e-05,
    -0.0027436852728876466
  ],
  "kOffset": [
    20000,
    20000
  ],
  "noiseAmp": 1.3094308594733446e-05,
  "colorMode": 0,
  "title": "Triumph of Bitcoin",
  "sourceId": "a4fca8cd68283460126b88cce9a4d7462917eae4e6c1a5f91300fb9280eae7dbi0",
  "variationId": 95,
  "outliers": [],
  "isOutlier": false
}