{
  "radius": 0.015591565773585173,
  "cOffset": [
    0.046528332242184604,
    0.003494299524335501
  ],
  "mOffset": [
    -0.00033797201310925275,
    -0.00022522836190217138
  ],
  "yOffset": [
    -0.0011060601579853952,
    1.62892651053673e-05
  ],
  "kOffset": [
    94.07053995615755,
    103.8694903704203
  ],
  "noiseAmp": 8.067390119185943e-06,
  "colorMode": 0,
  "sourceId": "63594e1b8512a5ad3215acfb7470f181444c773c0953d875f9713fca3d896774i0",
  "variationId": 45,
  "outliers": [
    "noiseAmp",
    "cOffset"
  ],
  "isOutlier": true
}