{
  "radius": 2.21,
  "cOffset": [
    -0.00376,
    0.00386
  ],
  "mOffset": [
    0.00128,
    0.000831
  ],
  "yOffset": [
    0.0371,
    0.0388
  ],
  "kOffset": [
    20000,
    20000
  ],
  "noiseAmp": 2.97e-06,
  "inkStatus": 3,
  "title": "Triumph of Bitcoin",
  "wear": 50.5,
  "sourceId": "ec11a3e19cb22adf6a880c63b1daf19568cf5a6717572bfd123d91f15fe4d241i0",
  "variationId": 149,
  "outliers": [
    "inkStatus",
    "yOffset"
  ],
  "isOutlier": true
}