{
  "radius": 2.26,
  "cOffset": [
    0.00698,
    0.0015
  ],
  "mOffset": [
    -0.000822,
    -0.00189
  ],
  "yOffset": [
    0.00226,
    0.00125
  ],
  "kOffset": [
    20000,
    20000
  ],
  "noiseAmp": 1.5e-05,
  "inkStatus": 0,
  "title": "Triumph of Bitcoin",
  "wear": 64.8,
  "sourceId": "cf3ae616cfa57b2304a43445a0025e16d1c36943ed15cb1af5898185cf0d88efi0",
  "variationId": 115,
  "outliers": [],
  "isOutlier": false
}