{
  "radius": 2.0662570571755654,
  "cOffset": [
    -0.00024980198818129267,
    0.005070091225647538
  ],
  "mOffset": [
    -0.0014402194832599537,
    0.002111366362904782
  ],
  "yOffset": [
    -0.0028034433434224394,
    -0.0005127027692594208
  ],
  "kOffset": [
    20000,
    20000
  ],
  "noiseAmp": 1.4906340149468643e-05,
  "colorMode": 0,
  "title": "Triumph of Science",
  "sourceId": "806d80e7cf7f39208eccf59102e0086d6b593dbe3152777ef31dfc869a02340fi0",
  "variationId": 329,
  "outliers": [],
  "isOutlier": false
}