{
  "radius": 2.24,
  "cOffset": [
    0.0267,
    0.057
  ],
  "mOffset": [
    0.00377,
    0.000677
  ],
  "yOffset": [
    -0.000524,
    -0.000929
  ],
  "kOffset": [
    20000,
    20000
  ],
  "noiseAmp": 1.11e-05,
  "inkStatus": 0,
  "title": "Triumph of Bitcoin",
  "sourceId": "63594e1b8512a5ad3215acfb7470f181444c773c0953d875f9713fca3d896774i0"
}