{
  "radius": 2.13,
  "cOffset": [
    -0.0406,
    -0.0533
  ],
  "mOffset": [
    -0.00209,
    -0.000298
  ],
  "yOffset": [
    0.00166,
    -0.00119
  ],
  "kOffset": [
    20000,
    20000
  ],
  "noiseAmp": 6.01e-06,
  "inkStatus": 3,
  "title": "Triumph of Bitcoin",
  "wear": 58.7,
  "sourceId": "fb9fad20ede2f27b013efe9b408e6be1b3ff546dfca53eac86c7e0f1a632d551i0",
  "variationId": 208,
  "outliers": [
    "inkStatus",
    "cOffset"
  ],
  "isOutlier": true
}