{
  "radius": 0.015013313079117165,
  "cOffset": [
    4.637860459321995e-05,
    -0.0002046869390068687
  ],
  "mOffset": [
    -0.0032133564106320064,
    0.0020744589639123175
  ],
  "yOffset": [
    -0.0006622823587549546,
    -0.00282390431023587
  ],
  "kOffset": [
    92.47278966873455,
    127.27744714058439
  ],
  "noiseAmp": 1.8519982312809797e-07,
  "colorMode": 0,
  "sourceId": "6461c2a49eba6c8220bf472d9a504554a0592470f0cdddddb0969e896a1a6ca9i0",
  "variationId": 276,
  "outliers": [],
  "isOutlier": false
}