{
  "radius": 2.08,
  "cOffset": [
    -0.000561,
    -0.00201
  ],
  "mOffset": [
    0.000751,
    -0.00767
  ],
  "yOffset": [
    0.000523,
    0.00312
  ],
  "kOffset": [
    20000,
    20000
  ],
  "noiseAmp": 9.09e-06,
  "inkStatus": 0,
  "title": "Triumph of Bitcoin",
  "wear": 41.2,
  "sourceId": "ec11a3e19cb22adf6a880c63b1daf19568cf5a6717572bfd123d91f15fe4d241i0",
  "variationId": 150,
  "outliers": [],
  "isOutlier": false
}