{
  "radius": 0.015112876868743194,
  "cOffset": [
    0.00019873385545742412,
    0.005358254398942973
  ],
  "mOffset": [
    0.041614981389612504,
    0.039961106811599284
  ],
  "yOffset": [
    -0.001180498043453657,
    0.0004244245786655674
  ],
  "kOffset": [
    91.45573110169674,
    88.20640387962584
  ],
  "noiseAmp": 1.1277642039495928e-05,
  "colorMode": 0,
  "sourceId": "11e0ab1f653675211944593bb87d1b875050c2f328ab175595d2e7189da9b2f8i0",
  "variationId": 143,
  "outliers": [
    "mOffset",
    "noiseAmp",
    "cOffset"
  ],
  "isOutlier": true
}