{
  "radius": 0.014604011125842555,
  "cOffset": [
    -0.0033501441791604194,
    0.0004417191455539107
  ],
  "mOffset": [
    -0.002116339012252167,
    -0.00063907149538702
  ],
  "yOffset": [
    0.0010555528112227983,
    -0.00029593520228982377
  ],
  "kOffset": [
    105.16216916693519,
    88.00298435981223
  ],
  "noiseAmp": 5.677616287485887e-07,
  "colorMode": 0,
  "sourceId": "11e0ab1f653675211944593bb87d1b875050c2f328ab175595d2e7189da9b2f8i0",
  "variationId": 131,
  "outliers": [],
  "isOutlier": false
}