{
  "radius": 2.14,
  "cOffset": [
    -0.0033,
    0.00116
  ],
  "mOffset": [
    0.00326,
    -3.85e-05
  ],
  "yOffset": [
    -0.00222,
    0.00464
  ],
  "kOffset": [
    20000,
    20000
  ],
  "noiseAmp": 7.07e-06,
  "inkStatus": 0,
  "title": "Triumph of Science",
  "wear": 40.4,
  "sourceId": "6461c2a49eba6c8220bf472d9a504554a0592470f0cdddddb0969e896a1a6ca9i0",
  "variationId": 274,
  "outliers": [],
  "isOutlier": false
}