{
  "radius": 2.06,
  "cOffset": [
    0.0003,
    0.00196
  ],
  "mOffset": [
    -0.00802,
    -0.000149
  ],
  "yOffset": [
    0.000275,
    -0.0013
  ],
  "kOffset": [
    20000,
    20000
  ],
  "noiseAmp": 2.7e-05,
  "inkStatus": 0,
  "title": "Triumph of Bitcoin",
  "sourceId": "a4fca8cd68283460126b88cce9a4d7462917eae4e6c1a5f91300fb9280eae7dbi0"
}