{
  "radius": 0.014808017439814275,
  "cOffset": [
    -0.00012249602035671364,
    -0.0005827189433110184
  ],
  "mOffset": [
    0.0023767004182000963,
    -0.0011655337321149863
  ],
  "yOffset": [
    0.0005353617428136144,
    -0.0011431396806324333
  ],
  "kOffset": [
    103.47710506575675,
    104.17174385597853
  ],
  "noiseAmp": 1.25983312167135e-06,
  "colorMode": 0,
  "sourceId": "806d80e7cf7f39208eccf59102e0086d6b593dbe3152777ef31dfc869a02340fi0",
  "variationId": 322,
  "outliers": [],
  "isOutlier": false
}