{
  "radius": 2.235406897194449,
  "cOffset": [
    -0.0001302136548428247,
    0.003706729800531871
  ],
  "mOffset": [
    0.0006773912928629854,
    -0.004500918620760787
  ],
  "yOffset": [
    0.0011101404903449564,
    0.00048790331391427975
  ],
  "kOffset": [
    20000,
    20000
  ],
  "noiseAmp": 1.7275495394680427e-06,
  "colorMode": 0,
  "title": "Triumph of Bitcoin",
  "sourceId": "11e0ab1f653675211944593bb87d1b875050c2f328ab175595d2e7189da9b2f8i0",
  "variationId": 135,
  "outliers": [],
  "isOutlier": false
}