{
  "radius": 1.9916471802992652,
  "cOffset": [
    -0.0002961301264397931,
    -0.004815070842500305
  ],
  "mOffset": [
    0.0034136065589670515,
    -0.003918099960492576
  ],
  "yOffset": [
    0.00027258414151684607,
    -0.0008830605348958666
  ],
  "kOffset": [
    20000,
    20000
  ],
  "noiseAmp": 2.1522184425753553e-06,
  "colorMode": 0,
  "title": "Triumph of Bitcoin",
  "sourceId": "11e0ab1f653675211944593bb87d1b875050c2f328ab175595d2e7189da9b2f8i0",
  "variationId": 126,
  "outliers": [],
  "isOutlier": false
}