{
  "radius": 2.08,
  "cOffset": [
    0.000949,
    0.00363
  ],
  "mOffset": [
    0.00381,
    0.00233
  ],
  "yOffset": [
    0.00044,
    0.001
  ],
  "kOffset": [
    20000,
    20000
  ],
  "noiseAmp": 1.13e-05,
  "inkStatus": 0,
  "title": "Triumph of Bitcoin",
  "sourceId": "5f53dd709a8d2e350674d86679ff550763502a0ff8c2b567cefa4b52f736aa7fi0"
}