{
  "radius": 0.016027614574200856,
  "cOffset": [
    0.0002513518067696921,
    -0.0002811562837469156
  ],
  "mOffset": [
    0.0006599333574156026,
    0.0010785769933547007
  ],
  "yOffset": [
    0.0011453747443090035,
    0.000729984643252135
  ],
  "kOffset": [
    111.91808158910077,
    84.04063837828402
  ],
  "noiseAmp": 1.1832822967759731e-06,
  "colorMode": 0,
  "sourceId": "b1ff3531357fc4703e14454c8cfc606c79f88f87f908ec0d34a3e7eb02a843adi0",
  "variationId": 304,
  "outliers": [],
  "isOutlier": false
}