{
  "radius": 2.12,
  "cOffset": [
    0.00155,
    -0.00272
  ],
  "mOffset": [
    0.00513,
    -0.00267
  ],
  "yOffset": [
    0.00129,
    -0.00141
  ],
  "kOffset": [
    20000,
    20000
  ],
  "noiseAmp": 2.69e-05,
  "inkStatus": 0,
  "title": "Triumph of Bitcoin",
  "sourceId": "ff08f64a29c957c1f376ca1d35c2ccb5851379da3df9618b8108f55ed65dfb39i0"
}