{
  "radius": 2.18,
  "cOffset": [
    -0.00125,
    -0.00285
  ],
  "mOffset": [
    -0.00163,
    -0.00699
  ],
  "yOffset": [
    0.00104,
    0.000318
  ],
  "kOffset": [
    20000,
    20000
  ],
  "noiseAmp": 1.53e-05,
  "inkStatus": 0,
  "title": "Triumph of Bitcoin",
  "sourceId": "fbab7ffde03428ed7c11dc268605241b6e33ea212229b03fb1d8f21e289fae54i0"
}