{
  "radius": 0.01630031081112187,
  "cOffset": [
    -0.0018434084766855655,
    -1.2536621840703673e-05
  ],
  "mOffset": [
    0.0018303834075387173,
    0.0003868697563744899
  ],
  "yOffset": [
    0.00014960593673062666,
    -0.0005856727562684486
  ],
  "kOffset": [
    109.70286348810465,
    93.2137107136939
  ],
  "noiseAmp": 3.553860795157143e-07,
  "colorMode": 0,
  "sourceId": "806d80e7cf7f39208eccf59102e0086d6b593dbe3152777ef31dfc869a02340fi0",
  "variationId": 318,
  "outliers": [],
  "isOutlier": false
}