{
  "radius": 0.014900180720252142,
  "cOffset": [
    0.002416421480152729,
    -0.0005104422272915298
  ],
  "mOffset": [
    -0.004927682952106117,
    0.004304297103927362
  ],
  "yOffset": [
    0.002868113350859559,
    0.0017797947712990514
  ],
  "kOffset": [
    91.84004266245486,
    80.85051283925947
  ],
  "noiseAmp": 2.2614616902604202e-07,
  "colorMode": 0,
  "sourceId": "fbab7ffde03428ed7c11dc268605241b6e33ea212229b03fb1d8f21e289fae54i0",
  "variationId": 21,
  "outliers": [],
  "isOutlier": false
}