{
  "radius": 2.104634140765557,
  "cOffset": [
    0.004979334652804567,
    -0.0005695036951281423
  ],
  "mOffset": [
    0.0024549968391774633,
    0.0005188474788727347
  ],
  "yOffset": [
    0.0032348772861971117,
    0.0013622100327734226
  ],
  "kOffset": [
    20000,
    20000
  ],
  "noiseAmp": 7.65285784875753e-07,
  "colorMode": 0,
  "title": "Triumph of Bitcoin",
  "sourceId": "cf3ae616cfa57b2304a43445a0025e16d1c36943ed15cb1af5898185cf0d88efi0",
  "variationId": 115,
  "outliers": [],
  "isOutlier": false
}