{
  "radius": 0.01514452896589418,
  "cOffset": [
    -0.0006831761799241016,
    -0.00023964790171936723
  ],
  "mOffset": [
    -0.001568678154811673,
    0.0015277376085629365
  ],
  "yOffset": [
    0.000578135863343242,
    4.243576147508513e-05
  ],
  "kOffset": [
    113.40648989411406,
    112.43695173929854
  ],
  "noiseAmp": 2.5804034886170254e-07,
  "colorMode": 0,
  "sourceId": "6461c2a49eba6c8220bf472d9a504554a0592470f0cdddddb0969e896a1a6ca9i0",
  "variationId": 277,
  "outliers": [],
  "isOutlier": false
}