{
  "radius": 0.015202016928504702,
  "cOffset": [
    0.0015238518194256678,
    -7.119766837315687e-05
  ],
  "mOffset": [
    -0.003219541308812355,
    0.001817487731591393
  ],
  "yOffset": [
    -0.00045357157649341474,
    -0.0002260676626859097
  ],
  "kOffset": [
    82.39065948919986,
    91.57956289467184
  ],
  "noiseAmp": 7.233789481909168e-07,
  "colorMode": 0,
  "sourceId": "cf3ae616cfa57b2304a43445a0025e16d1c36943ed15cb1af5898185cf0d88efi0",
  "variationId": 116,
  "outliers": [],
  "isOutlier": false
}