{
  "radius": 0.06473125709569622,
  "cOffset": [
    -0.003213358192058947,
    0.00018473164898739452
  ],
  "mOffset": [
    -0.0035482308937977982,
    0.0016989486122108686
  ],
  "yOffset": [
    -0.00018371742227428695,
    -0.0007413288873246456
  ],
  "kOffset": [
    82.94912580000204,
    91.1653303595877
  ],
  "noiseAmp": 9.667225275417452e-07,
  "colorMode": 0,
  "sourceId": "a4fca8cd68283460126b88cce9a4d7462917eae4e6c1a5f91300fb9280eae7dbi0",
  "variationId": 75,
  "outliers": [
    "radius"
  ],
  "isOutlier": true
}