{
  "radius": 2.1,
  "cOffset": [
    0.000285,
    0.00179
  ],
  "mOffset": [
    0.0024,
    -0.00221
  ],
  "yOffset": [
    -0.000478,
    0.00365
  ],
  "kOffset": [
    20000,
    20000
  ],
  "noiseAmp": 7.54e-07,
  "inkStatus": 0,
  "title": "Triumph of Science",
  "wear": 45.5,
  "sourceId": "6461c2a49eba6c8220bf472d9a504554a0592470f0cdddddb0969e896a1a6ca9i0",
  "variationId": 269,
  "outliers": [],
  "isOutlier": false
}