{
  "radius": 2.18,
  "cOffset": [
    -0.014,
    0.0576
  ],
  "mOffset": [
    0.00168,
    -0.0019
  ],
  "yOffset": [
    0.00603,
    -0.00173
  ],
  "kOffset": [
    20000,
    20000
  ],
  "noiseAmp": 5.34e-05,
  "inkStatus": 1,
  "title": "Triumph of Bitcoin",
  "wear": 52.3,
  "sourceId": "fbab7ffde03428ed7c11dc268605241b6e33ea212229b03fb1d8f21e289fae54i0",
  "variationId": 15,
  "outliers": [
    "inkStatus",
    "noiseAmp",
    "cOffset"
  ],
  "isOutlier": true
}