{
  "radius": 0.015231236155519141,
  "cOffset": [
    -0.0014668824287905442,
    -0.00022359924868737375
  ],
  "mOffset": [
    -0.007024272052416863,
    0.002116200930214751
  ],
  "yOffset": [
    0.0014859710722809885,
    0.0017007667524763473
  ],
  "kOffset": [
    96.60249456664378,
    127.60366995668483
  ],
  "noiseAmp": 5.671818343312007e-07,
  "colorMode": 0,
  "sourceId": "63594e1b8512a5ad3215acfb7470f181444c773c0953d875f9713fca3d896774i0",
  "variationId": 40,
  "outliers": [],
  "isOutlier": false
}