{
  "radius": 0.015053689899884355,
  "cOffset": [
    0.0010955726456815691,
    0.0005061334940299459
  ],
  "mOffset": [
    -0.00036066990097386375,
    0.0021422881242266407
  ],
  "yOffset": [
    0.0013697273125960435,
    0.0016798719339274645
  ],
  "kOffset": [
    85.97019497359295,
    90.737466650702
  ],
  "noiseAmp": 2.1881572615754563e-06,
  "colorMode": 0,
  "sourceId": "cf3ae616cfa57b2304a43445a0025e16d1c36943ed15cb1af5898185cf0d88efi0",
  "variationId": 102,
  "outliers": [],
  "isOutlier": false
}