{
  "radius": 2.1702131034881385,
  "cOffset": [
    -0.003980119089847882,
    0.0038437925759266605
  ],
  "mOffset": [
    0.00028471320035523113,
    0.0013547901691913276
  ],
  "yOffset": [
    -0.0033442452602756106,
    0.002757915254585326
  ],
  "kOffset": [
    20000,
    20000
  ],
  "noiseAmp": 6.233491975097181e-06,
  "colorMode": 0,
  "title": "Triumph of Bitcoin",
  "sourceId": "11e0ab1f653675211944593bb87d1b875050c2f328ab175595d2e7189da9b2f8i0",
  "variationId": 131,
  "outliers": [],
  "isOutlier": false
}