{
  "radius": 2.0868379523362552,
  "cOffset": [
    7.941704714792462e-05,
    0.0015271897739147617
  ],
  "mOffset": [
    -0.005837513875864917,
    0.003942495332800701
  ],
  "yOffset": [
    0.0014461618109450594,
    -0.0032468410182457897
  ],
  "kOffset": [
    20000,
    20000
  ],
  "noiseAmp": 1.5247754842272384e-05,
  "colorMode": 0,
  "title": "Triumph of Bitcoin",
  "sourceId": "a4fca8cd68283460126b88cce9a4d7462917eae4e6c1a5f91300fb9280eae7dbi0",
  "variationId": 79,
  "outliers": [],
  "isOutlier": false
}