{
  "radius": 0.015519406613267298,
  "cOffset": [
    0.0024576662045880833,
    -0.0001914866008535236
  ],
  "mOffset": [
    -0.008746044239485648,
    0.0005986264904156154
  ],
  "yOffset": [
    -0.0012829705616502047,
    0.0003275532902855458
  ],
  "kOffset": [
    102.4609539009463,
    125.28660128462452
  ],
  "noiseAmp": 1.8795178260586854e-06,
  "colorMode": 0,
  "sourceId": "11e0ab1f653675211944593bb87d1b875050c2f328ab175595d2e7189da9b2f8i0",
  "variationId": 139,
  "outliers": [],
  "isOutlier": false
}