{
  "radius": 0.014484541924030486,
  "cOffset": [
    0.002178030679918121,
    -0.00011557411304131217
  ],
  "mOffset": [
    -0.0007926889506268696,
    0.0013773069035597182
  ],
  "yOffset": [
    0.00030709749249427777,
    -0.0017568257424253927
  ],
  "kOffset": [
    102.99617205167534,
    93.71351325482509
  ],
  "noiseAmp": 2.247631311621033e-06,
  "colorMode": 0,
  "sourceId": "806d80e7cf7f39208eccf59102e0086d6b593dbe3152777ef31dfc869a02340fi0",
  "variationId": 317,
  "outliers": [],
  "isOutlier": false
}