{
  "radius": 2.107069121668392,
  "cOffset": [
    -0.0003434534821890664,
    0.002584208362298362
  ],
  "mOffset": [
    -0.0022585208237321723,
    0.0043698239847685975
  ],
  "yOffset": [
    -0.0029360529030110286,
    -0.0027776221163488797
  ],
  "kOffset": [
    20000,
    20000
  ],
  "noiseAmp": 4.847649796799824e-06,
  "colorMode": 0,
  "title": "Triumph of Bitcoin",
  "sourceId": "fbab7ffde03428ed7c11dc268605241b6e33ea212229b03fb1d8f21e289fae54i0",
  "variationId": 18,
  "outliers": [],
  "isOutlier": false
}