{
  "radius": 1.98,
  "cOffset": [
    -0.00309,
    0.000545
  ],
  "mOffset": [
    0.002,
    0.00221
  ],
  "yOffset": [
    0.00419,
    0.000734
  ],
  "kOffset": [
    20000,
    20000
  ],
  "noiseAmp": 3.66e-06,
  "inkStatus": 5,
  "title": "Triumph of Bitcoin",
  "wear": 45.3,
  "sourceId": "ec11a3e19cb22adf6a880c63b1daf19568cf5a6717572bfd123d91f15fe4d241i0",
  "variationId": 155,
  "outliers": [
    "inkStatus"
  ],
  "isOutlier": true
}