{
  "radius": 2.23,
  "cOffset": [
    -0.00178,
    -0.000771
  ],
  "mOffset": [
    -0.000591,
    0.00277
  ],
  "yOffset": [
    -0.00496,
    0.000401
  ],
  "kOffset": [
    20000,
    20000
  ],
  "noiseAmp": 2.18e-05,
  "inkStatus": 0,
  "title": "Triumph of Science",
  "sourceId": "6461c2a49eba6c8220bf472d9a504554a0592470f0cdddddb0969e896a1a6ca9i0"
}