{
  "radius": 0.014582294030772942,
  "cOffset": [
    -0.00448937771265516,
    -0.00012554164370634543
  ],
  "mOffset": [
    -0.0015359035578196348,
    0.0019134242912560604
  ],
  "yOffset": [
    0.0006291078076425256,
    -0.0012263318967773841
  ],
  "kOffset": [
    109.99723507533758,
    104.33374073472679
  ],
  "noiseAmp": 1.7446622368580527e-07,
  "colorMode": 0,
  "sourceId": "6461c2a49eba6c8220bf472d9a504554a0592470f0cdddddb0969e896a1a6ca9i0",
  "variationId": 275,
  "outliers": [],
  "isOutlier": false
}