{
  "radius": 0.01601984293614232,
  "cOffset": [
    0.003311810172764252,
    -3.630661026542088e-05
  ],
  "mOffset": [
    -0.00028933423300677124,
    -0.0031149898257893235
  ],
  "yOffset": [
    -0.002270241587896411,
    0.0006499795193101428
  ],
  "kOffset": [
    84.33013456085176,
    114.29474848090128
  ],
  "noiseAmp": 1.3611601605661724e-06,
  "colorMode": 0,
  "sourceId": "5f53dd709a8d2e350674d86679ff550763502a0ff8c2b567cefa4b52f736aa7fi0",
  "variationId": 57,
  "outliers": [],
  "isOutlier": false
}