{
  "radius": 2.16,
  "cOffset": [
    0.00134,
    -0.00568
  ],
  "mOffset": [
    0.00562,
    -0.00168
  ],
  "yOffset": [
    -0.00199,
    0.00331
  ],
  "kOffset": [
    20000,
    20000
  ],
  "noiseAmp": 3.63e-05,
  "inkStatus": 0,
  "title": "Triumph of Bitcoin",
  "sourceId": "11e0ab1f653675211944593bb87d1b875050c2f328ab175595d2e7189da9b2f8i0"
}