{
  "radius": 2.1018355485505817,
  "cOffset": [
    0.00200483263725313,
    0.00017926223669603104
  ],
  "mOffset": [
    -0.0009758151283645311,
    -0.00036949455476978935
  ],
  "yOffset": [
    -0.0006888714648415019,
    -0.0022604322989158293
  ],
  "kOffset": [
    20000,
    20000
  ],
  "noiseAmp": 2.4345520531747237e-05,
  "colorMode": 0,
  "title": "Triumph of Science",
  "sourceId": "6461c2a49eba6c8220bf472d9a504554a0592470f0cdddddb0969e896a1a6ca9i0",
  "variationId": 280,
  "outliers": [],
  "isOutlier": false
}