{
  "radius": 0.015685914725227634,
  "cOffset": [
    -0.0015388684685575067,
    -0.00010714856381678394
  ],
  "mOffset": [
    0.009152081429477146,
    0.0029404169446083225
  ],
  "yOffset": [
    -0.0025860446268669837,
    0.0016004801678860831
  ],
  "kOffset": [
    88.97250906253606,
    96.8035024160852
  ],
  "noiseAmp": 3.021458556611281e-07,
  "colorMode": 0,
  "sourceId": "fb9fad20ede2f27b013efe9b408e6be1b3ff546dfca53eac86c7e0f1a632d551i0",
  "variationId": 208,
  "outliers": [],
  "isOutlier": false
}