{
  "radius": 2.42,
  "cOffset": [
    0.00271,
    0.00184
  ],
  "mOffset": [
    -0.00197,
    -0.00334
  ],
  "yOffset": [
    -0.000848,
    -0.000872
  ],
  "kOffset": [
    20000,
    20000
  ],
  "noiseAmp": 0.000124,
  "inkStatus": 0,
  "title": "Triumph of Science",
  "sourceId": "6461c2a49eba6c8220bf472d9a504554a0592470f0cdddddb0969e896a1a6ca9i0"
}