{
  "radius": 0.01567543602508013,
  "cOffset": [
    -0.0006593826034461784,
    4.501542944783018e-05
  ],
  "mOffset": [
    -0.003940364972351023,
    0.0030435604888952375
  ],
  "yOffset": [
    -0.0016860038399981458,
    0.0011682840020262558
  ],
  "kOffset": [
    107.7309761686907,
    114.8441786860505
  ],
  "noiseAmp": 1.6781603787490977e-06,
  "colorMode": 0,
  "sourceId": "cf3ae616cfa57b2304a43445a0025e16d1c36943ed15cb1af5898185cf0d88efi0",
  "variationId": 111,
  "outliers": [],
  "isOutlier": false
}