{
  "radius": 2.32,
  "cOffset": [
    -0.000787,
    0.00628
  ],
  "mOffset": [
    -0.00493,
    -0.00238
  ],
  "yOffset": [
    0.00343,
    -0.00123
  ],
  "kOffset": [
    20000,
    20000
  ],
  "noiseAmp": 3.48e-06,
  "inkStatus": 0,
  "title": "Triumph of Bitcoin",
  "sourceId": "63594e1b8512a5ad3215acfb7470f181444c773c0953d875f9713fca3d896774i0"
}