{
  "radius": 2.0570830694481095,
  "cOffset": [
    -0.005002643558597706,
    0.0010215215353067892
  ],
  "mOffset": [
    -0.002518889631703183,
    0.0006478108232230359
  ],
  "yOffset": [
    -0.0024124867284696966,
    0.0016416240238031064
  ],
  "kOffset": [
    20000,
    20000
  ],
  "noiseAmp": 1.3201602762948071e-05,
  "colorMode": 0,
  "title": "Triumph of Science",
  "sourceId": "6461c2a49eba6c8220bf472d9a504554a0592470f0cdddddb0969e896a1a6ca9i0",
  "variationId": 285,
  "outliers": [],
  "isOutlier": false
}