{
  "radius": 2.14,
  "cOffset": [
    0.000535,
    0.00115
  ],
  "mOffset": [
    -0.00135,
    -0.00716
  ],
  "yOffset": [
    -0.00625,
    -0.00131
  ],
  "kOffset": [
    20000,
    20000
  ],
  "noiseAmp": 9.75e-06,
  "inkStatus": 0,
  "title": "Triumph of Bitcoin",
  "sourceId": "63594e1b8512a5ad3215acfb7470f181444c773c0953d875f9713fca3d896774i0"
}