{
  "radius": 1.9889314689778972,
  "cOffset": [
    0.001191884527184813,
    -0.00025704323314057074
  ],
  "mOffset": [
    -0.00579276396744678,
    0.000969978708507855
  ],
  "yOffset": [
    0.0012843119064680675,
    0.0009669661249436933
  ],
  "kOffset": [
    20000,
    20000
  ],
  "noiseAmp": 1.4860805364506134e-06,
  "colorMode": 0,
  "title": "Triumph of Bitcoin",
  "sourceId": "a4fca8cd68283460126b88cce9a4d7462917eae4e6c1a5f91300fb9280eae7dbi0",
  "variationId": 90,
  "outliers": [],
  "isOutlier": false
}