{
  "radius": 2.2147549226265375,
  "cOffset": [
    -0.002543640512569732,
    0.000498865714624534
  ],
  "mOffset": [
    0.007544795741988205,
    0.0005571451814612928
  ],
  "yOffset": [
    0.0010103455644756788,
    -0.0014540517953256357
  ],
  "kOffset": [
    20000,
    20000
  ],
  "noiseAmp": 1.0855769022212726e-05,
  "colorMode": 0,
  "title": "Triumph of Science",
  "sourceId": "6461c2a49eba6c8220bf472d9a504554a0592470f0cdddddb0969e896a1a6ca9i0",
  "variationId": 276,
  "outliers": [],
  "isOutlier": false
}