{
  "radius": 0.014782717142521705,
  "cOffset": [
    -0.0058389513957064244,
    0.00021351699117720782
  ],
  "mOffset": [
    -0.005386309210007875,
    -0.009986630627830747
  ],
  "yOffset": [
    -0.00040904477010736553,
    0.00081577433756782
  ],
  "kOffset": [
    105.70181322715517,
    104.38371474637289
  ],
  "noiseAmp": 1.908667238251638e-09,
  "colorMode": 0,
  "sourceId": "7fcc33c4cb0081cfa85c5d1d541aad5d8c631debbb29c65c95f4d30137ed2aa0i0",
  "variationId": 250,
  "outliers": [],
  "isOutlier": false
}