{
  "radius": 2.28,
  "cOffset": [
    -0.000199,
    -0.00288
  ],
  "mOffset": [
    -0.000721,
    0.000335
  ],
  "yOffset": [
    -0.00218,
    -0.000363
  ],
  "kOffset": [
    20000,
    20000
  ],
  "noiseAmp": 5.83e-06,
  "inkStatus": 3,
  "title": "Triumph of Bitcoin",
  "wear": 42.7,
  "sourceId": "ba4b86348a6e7bad9deeb21752cf790694355b639650c679ce5b1c61feeab004i0",
  "variationId": 180,
  "outliers": [
    "inkStatus"
  ],
  "isOutlier": true
}