{
  "radius": 2.2,
  "cOffset": [
    -0.00336,
    0.0011
  ],
  "mOffset": [
    0.000746,
    -0.00257
  ],
  "yOffset": [
    0.000543,
    9.06e-05
  ],
  "kOffset": [
    20000,
    20000
  ],
  "noiseAmp": 6.24e-06,
  "inkStatus": 4,
  "title": "Triumph of Bitcoin",
  "wear": 44.3,
  "sourceId": "a4fca8cd68283460126b88cce9a4d7462917eae4e6c1a5f91300fb9280eae7dbi0",
  "variationId": 92,
  "outliers": [
    "inkStatus"
  ],
  "isOutlier": true
}