{
  "radius": 2.1242521350839425,
  "cOffset": [
    -0.0028248625864096045,
    0.0031380724155012437
  ],
  "mOffset": [
    0.003072176421471413,
    0.0036349617130306813
  ],
  "yOffset": [
    -0.0022753065293712586,
    -0.0010553774252385379
  ],
  "kOffset": [
    20000,
    20000
  ],
  "noiseAmp": 1.1335478331607802e-05,
  "colorMode": 0,
  "title": "Triumph of Bitcoin",
  "sourceId": "63594e1b8512a5ad3215acfb7470f181444c773c0953d875f9713fca3d896774i0",
  "variationId": 41,
  "outliers": [],
  "isOutlier": false
}