{
  "radius": 2.3779744206903475,
  "cOffset": [
    0.0016564086575929506,
    0.0008287725183629542
  ],
  "mOffset": [
    0.007106962741096231,
    0.0006241738954403896
  ],
  "yOffset": [
    -0.0001327061266135277,
    0.0013835813785605198
  ],
  "kOffset": [
    20000,
    20000
  ],
  "noiseAmp": 1.5319461666213522e-05,
  "colorMode": 0,
  "title": "Triumph of Bitcoin",
  "sourceId": "ff08f64a29c957c1f376ca1d35c2ccb5851379da3df9618b8108f55ed65dfb39i0",
  "variationId": 230,
  "outliers": [],
  "isOutlier": false
}