{
  "radius": 2.2530840630793523,
  "cOffset": [
    0.0005365252881399661,
    0.001253810777306267
  ],
  "mOffset": [
    -0.0022356001158216,
    -0.00845061253588947
  ],
  "yOffset": [
    0.003142529390183717,
    -0.002373926656346571
  ],
  "kOffset": [
    20000,
    20000
  ],
  "noiseAmp": 1.0150906844837388e-05,
  "colorMode": 0,
  "title": "Triumph of Bitcoin",
  "sourceId": "5f53dd709a8d2e350674d86679ff550763502a0ff8c2b567cefa4b52f736aa7fi0",
  "variationId": 64,
  "outliers": [],
  "isOutlier": false
}