{
  "radius": 0.0678521818707665,
  "cOffset": [
    -0.003851432111643357,
    -0.000371632325196736
  ],
  "mOffset": [
    -0.11520573111347608,
    -0.026000906251068618
  ],
  "yOffset": [
    -0.000458870433760618,
    -0.000811082465549179
  ],
  "kOffset": [
    91.39551020002207,
    100.98332076424677
  ],
  "noiseAmp": 1.2730454937024468e-07,
  "colorMode": 0,
  "sourceId": "b1ff3531357fc4703e14454c8cfc606c79f88f87f908ec0d34a3e7eb02a843adi0",
  "variationId": 300,
  "outliers": [
    "cOffset",
    "radius",
    "mOffset"
  ],
  "isOutlier": true
}