{
  "radius": 2.1366998197986433,
  "cOffset": [
    0.003650029548227915,
    0.0028341983914643393
  ],
  "mOffset": [
    -0.0011744281107399254,
    0.004839647746682261
  ],
  "yOffset": [
    0.0033581190860290135,
    0.00019063005163957473
  ],
  "kOffset": [
    20000,
    20000
  ],
  "noiseAmp": 1.919139126855288e-06,
  "colorMode": 0,
  "title": "Triumph of Bitcoin",
  "sourceId": "63594e1b8512a5ad3215acfb7470f181444c773c0953d875f9713fca3d896774i0",
  "variationId": 47,
  "outliers": [],
  "isOutlier": false
}