{
  "radius": 0.015764355087897138,
  "cOffset": [
    -8.751332210866612e-05,
    0.00011048749024247974
  ],
  "mOffset": [
    0.006446133671205601,
    -0.004073874909794707
  ],
  "yOffset": [
    0.001102686717127884,
    0.0014667533993259535
  ],
  "kOffset": [
    104.45756114482253,
    76.77273123599373
  ],
  "noiseAmp": 6.171710174984641e-07,
  "colorMode": 0,
  "sourceId": "11e0ab1f653675211944593bb87d1b875050c2f328ab175595d2e7189da9b2f8i0",
  "variationId": 130,
  "outliers": [],
  "isOutlier": false
}