{
  "radius": 2.33,
  "cOffset": [
    0.0033,
    0.00227
  ],
  "mOffset": [
    -0.00513,
    0.00528
  ],
  "yOffset": [
    0.00275,
    -0.000644
  ],
  "kOffset": [
    20000,
    20000
  ],
  "noiseAmp": 1.13e-05,
  "inkStatus": 0,
  "title": "Triumph of Bitcoin",
  "sourceId": "ba4b86348a6e7bad9deeb21752cf790694355b639650c679ce5b1c61feeab004i0"
}