{
  "radius": 2.23,
  "cOffset": [
    -0.0012,
    -0.0017
  ],
  "mOffset": [
    -0.0055,
    0.000743
  ],
  "yOffset": [
    -0.00148,
    0.00145
  ],
  "kOffset": [
    20000,
    20000
  ],
  "noiseAmp": 4.59e-06,
  "inkStatus": 0,
  "title": "Triumph of Bitcoin",
  "sourceId": "ff08f64a29c957c1f376ca1d35c2ccb5851379da3df9618b8108f55ed65dfb39i0"
}