{
  "radius": 2.22,
  "cOffset": [
    -0.00528,
    2.99e-05
  ],
  "mOffset": [
    0.00612,
    0.00192
  ],
  "yOffset": [
    -0.000851,
    -0.00249
  ],
  "kOffset": [
    20000,
    20000
  ],
  "noiseAmp": 2.11e-06,
  "inkStatus": 0,
  "title": "Triumph of Bitcoin",
  "wear": 45.4,
  "sourceId": "cf3ae616cfa57b2304a43445a0025e16d1c36943ed15cb1af5898185cf0d88efi0",
  "variationId": 101,
  "outliers": [],
  "isOutlier": false
}