{
  "radius": 0.015118259408833113,
  "cOffset": [
    0.003583707901669616,
    6.418777206907461e-05
  ],
  "mOffset": [
    -0.001078795363637018,
    -0.0004610862290683612
  ],
  "yOffset": [
    -0.0015591354642165015,
    0.00016963747822181145
  ],
  "kOffset": [
    97.5744561039932,
    115.06453960677192
  ],
  "noiseAmp": 2.6034919822068213e-07,
  "colorMode": 0,
  "sourceId": "11e0ab1f653675211944593bb87d1b875050c2f328ab175595d2e7189da9b2f8i0",
  "variationId": 142,
  "outliers": [],
  "isOutlier": false
}