{
  "radius": 2.43940025557012,
  "cOffset": [
    -0.0008314099794252841,
    0.0024978756331673975
  ],
  "mOffset": [
    -0.0026046213472105547,
    0.005151914525262468
  ],
  "yOffset": [
    0.0026323246911314963,
    1.388745946224492e-05
  ],
  "kOffset": [
    20000,
    20000
  ],
  "noiseAmp": 2.481135196198568e-06,
  "colorMode": 0,
  "title": "Triumph of Bitcoin",
  "sourceId": "63594e1b8512a5ad3215acfb7470f181444c773c0953d875f9713fca3d896774i0",
  "variationId": 34,
  "outliers": [],
  "isOutlier": false
}