{
  "radius": 2.15,
  "cOffset": [
    -0.00595,
    0.00102
  ],
  "mOffset": [
    -0.00813,
    -0.00366
  ],
  "yOffset": [
    -0.00165,
    8.34e-05
  ],
  "kOffset": [
    20000,
    20000
  ],
  "noiseAmp": 9.12e-06,
  "inkStatus": 0,
  "title": "Triumph of Bitcoin",
  "wear": 54.5,
  "sourceId": "63594e1b8512a5ad3215acfb7470f181444c773c0953d875f9713fca3d896774i0",
  "variationId": 29,
  "outliers": [],
  "isOutlier": false
}