{
  "radius": 2.27,
  "cOffset": [
    0.000157,
    0.0012
  ],
  "mOffset": [
    0.0045,
    -0.0022
  ],
  "yOffset": [
    -0.00214,
    0.00178
  ],
  "kOffset": [
    20000,
    20000
  ],
  "noiseAmp": 5.43e-06,
  "inkStatus": 1,
  "title": "Triumph of Science",
  "wear": 23.8,
  "sourceId": "806d80e7cf7f39208eccf59102e0086d6b593dbe3152777ef31dfc869a02340fi0",
  "variationId": 321,
  "outliers": [
    "inkStatus",
    "wear"
  ],
  "isOutlier": true
}