{
  "radius": 0.015813756936915717,
  "cOffset": [
    0.0056414131006613764,
    3.219478015723632e-05
  ],
  "mOffset": [
    -0.004579080988373954,
    0.001601883916486082
  ],
  "yOffset": [
    -0.0027778125317666456,
    0.0008221890213359628
  ],
  "kOffset": [
    98.58667738650581,
    96.17415142072828
  ],
  "noiseAmp": 2.6930040195157467e-06,
  "colorMode": 0,
  "sourceId": "ff08f64a29c957c1f376ca1d35c2ccb5851379da3df9618b8108f55ed65dfb39i0",
  "variationId": 235,
  "outliers": [],
  "isOutlier": false
}