{
  "radius": 2.4,
  "cOffset": [
    0.00024,
    0.00462
  ],
  "mOffset": [
    0.000402,
    -5.93e-06
  ],
  "yOffset": [
    0.00369,
    -0.00321
  ],
  "kOffset": [
    20000,
    20000
  ],
  "noiseAmp": 7.38e-06,
  "inkStatus": 0,
  "title": "Triumph of Bitcoin",
  "sourceId": "5f53dd709a8d2e350674d86679ff550763502a0ff8c2b567cefa4b52f736aa7fi0"
}