{
  "radius": 2.28,
  "cOffset": [
    -0.00232,
    -0.000267
  ],
  "mOffset": [
    -0.00778,
    -0.00171
  ],
  "yOffset": [
    -0.00445,
    0.00117
  ],
  "kOffset": [
    20000,
    20000
  ],
  "noiseAmp": 4.18e-06,
  "inkStatus": 0,
  "title": "Triumph of Science",
  "wear": 53.8,
  "sourceId": "806d80e7cf7f39208eccf59102e0086d6b593dbe3152777ef31dfc869a02340fi0",
  "variationId": 316,
  "outliers": [],
  "isOutlier": false
}