{
  "radius": 0.014668731021946487,
  "cOffset": [
    0.002246840220991384,
    -0.00016384478047434294
  ],
  "mOffset": [
    0.0034822361315645805,
    0.0002580316198361327
  ],
  "yOffset": [
    0.0007182140644006164,
    0.001995158715406954
  ],
  "kOffset": [
    111.38118902902258,
    99.91837797210309
  ],
  "noiseAmp": 6.976082708708537e-07,
  "colorMode": 0,
  "sourceId": "b1ff3531357fc4703e14454c8cfc606c79f88f87f908ec0d34a3e7eb02a843adi0",
  "variationId": 303,
  "outliers": [],
  "isOutlier": false
}