{
  "radius": 0.014666161719400331,
  "cOffset": [
    0.0027962980985914245,
    -4.881481230065054e-05
  ],
  "mOffset": [
    -0.0013492069349401391,
    0.0039738319993247615
  ],
  "yOffset": [
    0.00013173592133536435,
    0.0003150190543142095
  ],
  "kOffset": [
    106.06490159131754,
    88.99397461674837
  ],
  "noiseAmp": 1.228673385303304e-06,
  "colorMode": 0,
  "sourceId": "cf3ae616cfa57b2304a43445a0025e16d1c36943ed15cb1af5898185cf0d88efi0",
  "variationId": 98,
  "outliers": [],
  "isOutlier": false
}