{
  "radius": 2.068805508727313,
  "cOffset": [
    0.0027658367580761295,
    0.0011010223466877825
  ],
  "mOffset": [
    0.005777961967260127,
    -0.002829820900686324
  ],
  "yOffset": [
    0.0033919266520102413,
    -0.003947736979377444
  ],
  "kOffset": [
    20000,
    20000
  ],
  "noiseAmp": 1.032779639381331e-05,
  "colorMode": 0,
  "title": "Triumph of Science",
  "sourceId": "b1ff3531357fc4703e14454c8cfc606c79f88f87f908ec0d34a3e7eb02a843adi0",
  "variationId": 307,
  "outliers": [],
  "isOutlier": false
}