{
  "radius": 0.01587249218875253,
  "cOffset": [
    0.0012212595471971966,
    0.0001321772247241185
  ],
  "mOffset": [
    0.0027351601417209153,
    0.002015812625007216
  ],
  "yOffset": [
    0.0013585352153276968,
    -0.00154349616730717
  ],
  "kOffset": [
    104.72664240884367,
    88.7770515040891
  ],
  "noiseAmp": 1.4272993088501241e-07,
  "colorMode": 0,
  "sourceId": "ff08f64a29c957c1f376ca1d35c2ccb5851379da3df9618b8108f55ed65dfb39i0",
  "variationId": 218,
  "outliers": [],
  "isOutlier": false
}