{
  "radius": 2.2462351524123805,
  "cOffset": [
    -0.0015386921185891892,
    0.0018613228384709625
  ],
  "mOffset": [
    0.0012862291863604363,
    0.006542039023906258
  ],
  "yOffset": [
    -0.001738899748064966,
    -0.004654115532168507
  ],
  "kOffset": [
    20000,
    20000
  ],
  "noiseAmp": 2.6918844866080408e-06,
  "colorMode": 0,
  "title": "Triumph of Science",
  "sourceId": "6461c2a49eba6c8220bf472d9a504554a0592470f0cdddddb0969e896a1a6ca9i0",
  "variationId": 273,
  "outliers": [],
  "isOutlier": false
}