{
  "radius": 1.99,
  "cOffset": [
    0.00508,
    0.00269
  ],
  "mOffset": [
    0.00515,
    -0.00581
  ],
  "yOffset": [
    -0.00249,
    0.00169
  ],
  "kOffset": [
    20000,
    20000
  ],
  "noiseAmp": 1.49e-05,
  "inkStatus": 0,
  "title": "Triumph of Bitcoin",
  "wear": 44.2,
  "sourceId": "7fcc33c4cb0081cfa85c5d1d541aad5d8c631debbb29c65c95f4d30137ed2aa0i0",
  "variationId": 256,
  "outliers": [],
  "isOutlier": false
}