{
  "radius": 0.015392705288206823,
  "cOffset": [
    -0.0015693798180509747,
    0.00016301532970441077
  ],
  "mOffset": [
    -0.005541007531287054,
    -0.003413904530762634
  ],
  "yOffset": [
    0.0016364357707833357,
    0.0021124632476840484
  ],
  "kOffset": [
    104.36834471751271,
    110.38489094197593
  ],
  "noiseAmp": 3.059597830824648e-07,
  "colorMode": 0,
  "sourceId": "63594e1b8512a5ad3215acfb7470f181444c773c0953d875f9713fca3d896774i0",
  "variationId": 30,
  "outliers": [],
  "isOutlier": false
}