{
  "radius": 2.23,
  "cOffset": [
    -0.00204,
    0.000179
  ],
  "mOffset": [
    -0.00437,
    -0.00184
  ],
  "yOffset": [
    0.000646,
    -0.000564
  ],
  "kOffset": [
    20000,
    20000
  ],
  "noiseAmp": 6.26e-06,
  "inkStatus": 0,
  "title": "Triumph of Bitcoin",
  "sourceId": "ec11a3e19cb22adf6a880c63b1daf19568cf5a6717572bfd123d91f15fe4d241i0"
}