{
  "radius": 2.44,
  "cOffset": [
    -0.00118,
    -0.00147
  ],
  "mOffset": [
    -0.00215,
    -0.000507
  ],
  "yOffset": [
    0.000957,
    -0.00134
  ],
  "kOffset": [
    20000,
    20000
  ],
  "noiseAmp": 1.67e-05,
  "inkStatus": 6,
  "title": "Triumph of Bitcoin",
  "wear": 49.6,
  "sourceId": "ba4b86348a6e7bad9deeb21752cf790694355b639650c679ce5b1c61feeab004i0",
  "variationId": 177,
  "outliers": [
    "inkStatus"
  ],
  "isOutlier": true
}