{
  "radius": 2.09,
  "cOffset": [
    -0.00201,
    0.00118
  ],
  "mOffset": [
    0.00375,
    -0.00614
  ],
  "yOffset": [
    -0.00572,
    -0.00119
  ],
  "kOffset": [
    20000,
    20000
  ],
  "noiseAmp": 7.09e-06,
  "inkStatus": 0,
  "title": "Triumph of Bitcoin",
  "sourceId": "cf3ae616cfa57b2304a43445a0025e16d1c36943ed15cb1af5898185cf0d88efi0"
}