{
  "radius": 0.015139879229318975,
  "cOffset": [
    0.00021446945883280916,
    0.00010937375197012518
  ],
  "mOffset": [
    -0.0011199731068352759,
    -0.005375657780812924
  ],
  "yOffset": [
    -7.831318844158296e-05,
    0.0001362943656850026
  ],
  "kOffset": [
    105.68228786587026,
    97.59380380816036
  ],
  "noiseAmp": 1.4575519616013967e-07,
  "colorMode": 0,
  "sourceId": "7fcc33c4cb0081cfa85c5d1d541aad5d8c631debbb29c65c95f4d30137ed2aa0i0",
  "variationId": 245,
  "outliers": [],
  "isOutlier": false
}