{
  "radius": 2.36,
  "cOffset": [
    -0.00119,
    -0.00581
  ],
  "mOffset": [
    -0.00445,
    0.000515
  ],
  "yOffset": [
    -0.00194,
    0.000152
  ],
  "kOffset": [
    20000,
    20000
  ],
  "noiseAmp": 7.95e-06,
  "inkStatus": 0,
  "title": "Triumph of Science",
  "sourceId": "6461c2a49eba6c8220bf472d9a504554a0592470f0cdddddb0969e896a1a6ca9i0"
}