{
  "radius": 1.9773853497572356,
  "cOffset": [
    -0.00024912770710944134,
    -7.560965827106139e-05
  ],
  "mOffset": [
    0.0014720530291125926,
    0.0033259044933266484
  ],
  "yOffset": [
    -0.0030470047896063524,
    -0.0031989538702281634
  ],
  "kOffset": [
    20000,
    20000
  ],
  "noiseAmp": 2.148324079198267e-05,
  "colorMode": 0,
  "title": "Triumph of Science",
  "sourceId": "806d80e7cf7f39208eccf59102e0086d6b593dbe3152777ef31dfc869a02340fi0",
  "variationId": 320,
  "outliers": [],
  "isOutlier": false
}