{
  "radius": 0.01546747088194008,
  "cOffset": [
    -0.0029610111938611137,
    9.66541963818136e-05
  ],
  "mOffset": [
    0.016457648296029203,
    0.04061735756315919
  ],
  "yOffset": [
    0.0030535840620102856,
    0.00022799653445565332
  ],
  "kOffset": [
    99.58039732878413,
    112.29977605551355
  ],
  "noiseAmp": 4.778760074961788e-07,
  "colorMode": 0,
  "sourceId": "63594e1b8512a5ad3215acfb7470f181444c773c0953d875f9713fca3d896774i0",
  "variationId": 27,
  "outliers": [
    "mOffset",
    "cOffset"
  ],
  "isOutlier": true
}