{
  "radius": 2.047926401240142,
  "cOffset": [
    -0.0036028672648894945,
    0.0011979198807026761
  ],
  "mOffset": [
    0.002107345376088878,
    -0.00562081009958235
  ],
  "yOffset": [
    0.003371396864036411,
    -0.0012950057804438106
  ],
  "kOffset": [
    20000,
    20000
  ],
  "noiseAmp": 7.590405810280893e-06,
  "colorMode": 0,
  "title": "Triumph of Bitcoin",
  "sourceId": "7fcc33c4cb0081cfa85c5d1d541aad5d8c631debbb29c65c95f4d30137ed2aa0i0",
  "variationId": 257,
  "outliers": [],
  "isOutlier": false
}