{
  "radius": 2.15,
  "cOffset": [
    0.00514,
    0.00362
  ],
  "mOffset": [
    -0.00144,
    0.00175
  ],
  "yOffset": [
    -0.00232,
    -0.00123
  ],
  "kOffset": [
    20000,
    20000
  ],
  "noiseAmp": 7.95e-06,
  "inkStatus": 6,
  "title": "Triumph of Science",
  "wear": 47.1,
  "sourceId": "806d80e7cf7f39208eccf59102e0086d6b593dbe3152777ef31dfc869a02340fi0",
  "variationId": 322,
  "outliers": [
    "inkStatus"
  ],
  "isOutlier": true
}