{
  "radius": 2.19,
  "cOffset": [
    0.00172,
    0.00139
  ],
  "mOffset": [
    -0.00159,
    0.00266
  ],
  "yOffset": [
    0.00649,
    0.0042
  ],
  "kOffset": [
    20000,
    20000
  ],
  "noiseAmp": 5.51e-05,
  "inkStatus": 1,
  "title": "Triumph of Bitcoin",
  "wear": 63.9,
  "sourceId": "fbab7ffde03428ed7c11dc268605241b6e33ea212229b03fb1d8f21e289fae54i0",
  "variationId": 18,
  "outliers": [
    "inkStatus",
    "noiseAmp"
  ],
  "isOutlier": true
}