{
  "radius": 2.08390268719491,
  "cOffset": [
    0.0019681115993860103,
    -0.0008201537913062309
  ],
  "mOffset": [
    0.003954218004195583,
    -0.0012966662919558845
  ],
  "yOffset": [
    -0.004827072070460996,
    0.00021283130682897463
  ],
  "kOffset": [
    20000,
    20000
  ],
  "noiseAmp": 1.0502886025966976e-05,
  "colorMode": 0,
  "title": "Triumph of Bitcoin",
  "sourceId": "ec11a3e19cb22adf6a880c63b1daf19568cf5a6717572bfd123d91f15fe4d241i0",
  "variationId": 165,
  "outliers": [],
  "isOutlier": false
}