{
  "radius": 0.015004962586550352,
  "cOffset": [
    0.0007423207124297354,
    0.00014788994908693985
  ],
  "mOffset": [
    -0.0034865066618136884,
    0.008016674680998183
  ],
  "yOffset": [
    0.00038841791468217197,
    0.00043923199135307
  ],
  "kOffset": [
    108.15207419670979,
    99.22772934541615
  ],
  "noiseAmp": 1.6582901144226757e-07,
  "colorMode": 0,
  "sourceId": "63594e1b8512a5ad3215acfb7470f181444c773c0953d875f9713fca3d896774i0",
  "variationId": 31,
  "outliers": [],
  "isOutlier": false
}