{
  "radius": 0.014319228238498027,
  "cOffset": [
    0.004672658723915115,
    0.00045822032063689715
  ],
  "mOffset": [
    0.00034413666139550974,
    0.00020323141125317735
  ],
  "yOffset": [
    -0.0004559841291161751,
    0.0003855040131475502
  ],
  "kOffset": [
    82.8016494049563,
    111.61184629423413
  ],
  "noiseAmp": 2.0903042701815927e-07,
  "colorMode": 0,
  "sourceId": "6461c2a49eba6c8220bf472d9a504554a0592470f0cdddddb0969e896a1a6ca9i0",
  "variationId": 283,
  "outliers": [],
  "isOutlier": false
}