{
  "radius": 2.189849758364064,
  "cOffset": [
    -0.0018407629739576495,
    0.0015021170564519203
  ],
  "mOffset": [
    0.007034273705265838,
    0.0013534060400400764
  ],
  "yOffset": [
    0.0013398223344963248,
    0.004812302184703121
  ],
  "kOffset": [
    20000,
    20000
  ],
  "noiseAmp": 5.141309503074806e-06,
  "colorMode": 0,
  "title": "Triumph of Bitcoin",
  "sourceId": "63594e1b8512a5ad3215acfb7470f181444c773c0953d875f9713fca3d896774i0",
  "variationId": 32,
  "outliers": [],
  "isOutlier": false
}