{
  "radius": 2.19,
  "cOffset": [
    -0.0321,
    -0.0235
  ],
  "mOffset": [
    -0.00563,
    0.00753
  ],
  "yOffset": [
    0.00463,
    -0.00505
  ],
  "kOffset": [
    20000,
    20000
  ],
  "noiseAmp": 2.82e-05,
  "inkStatus": 5,
  "title": "Triumph of Science",
  "wear": 49.8,
  "sourceId": "b1ff3531357fc4703e14454c8cfc606c79f88f87f908ec0d34a3e7eb02a843adi0",
  "variationId": 290,
  "outliers": [
    "inkStatus",
    "noiseAmp",
    "cOffset"
  ],
  "isOutlier": true
}