{
  "radius": 2.19,
  "cOffset": [
    0.00216,
    0.00124
  ],
  "mOffset": [
    0.00257,
    -0.00231
  ],
  "yOffset": [
    -0.000643,
    -0.00254
  ],
  "kOffset": [
    20000,
    20000
  ],
  "noiseAmp": 1.12e-05,
  "inkStatus": 0,
  "title": "Triumph of Science",
  "wear": 36.2,
  "sourceId": "806d80e7cf7f39208eccf59102e0086d6b593dbe3152777ef31dfc869a02340fi0",
  "variationId": 312,
  "outliers": [],
  "isOutlier": false
}