{
  "radius": 2.0,
  "cOffset": [
    0.00441,
    0.00345
  ],
  "mOffset": [
    0.00122,
    0.000626
  ],
  "yOffset": [
    0.0101,
    -0.000389
  ],
  "kOffset": [
    20000,
    20000
  ],
  "noiseAmp": 8.54e-06,
  "inkStatus": 4,
  "title": "Triumph of Bitcoin",
  "wear": 55.3,
  "sourceId": "5f53dd709a8d2e350674d86679ff550763502a0ff8c2b567cefa4b52f736aa7fi0",
  "variationId": 65,
  "outliers": [
    "inkStatus",
    "yOffset"
  ],
  "isOutlier": true
}