{
  "radius": 2.25,
  "cOffset": [
    -0.00214,
    -0.004
  ],
  "mOffset": [
    0.00161,
    -0.00256
  ],
  "yOffset": [
    0.00239,
    0.000442
  ],
  "kOffset": [
    20000,
    20000
  ],
  "noiseAmp": 3.85e-06,
  "inkStatus": 0,
  "title": "Triumph of Bitcoin",
  "wear": 46.2,
  "sourceId": "cf3ae616cfa57b2304a43445a0025e16d1c36943ed15cb1af5898185cf0d88efi0",
  "variationId": 112,
  "outliers": [],
  "isOutlier": false
}