{
  "radius": 2.1392820964142527,
  "cOffset": [
    0.002956829657911201,
    -0.0018323415905088115
  ],
  "mOffset": [
    0.0005599781718121368,
    0.00020597059915793475
  ],
  "yOffset": [
    -0.002285176457885349,
    0.002465379284773216
  ],
  "kOffset": [
    20000,
    20000
  ],
  "noiseAmp": 7.031034665814349e-06,
  "colorMode": 0,
  "title": "Triumph of Bitcoin",
  "sourceId": "5f53dd709a8d2e350674d86679ff550763502a0ff8c2b567cefa4b52f736aa7fi0",
  "variationId": 70,
  "outliers": [],
  "isOutlier": false
}