{
  "radius": 2.1872586587872074,
  "cOffset": [
    0.0028544275524393327,
    -0.0031588355638684407
  ],
  "mOffset": [
    -0.002297326643512174,
    -0.04342929264327974
  ],
  "yOffset": [
    0.0026398410698212403,
    0.0022410547385129983
  ],
  "kOffset": [
    20000,
    20000
  ],
  "noiseAmp": 5.553260001922544e-06,
  "colorMode": 0,
  "title": "Triumph of Bitcoin",
  "sourceId": "ba4b86348a6e7bad9deeb21752cf790694355b639650c679ce5b1c61feeab004i0",
  "variationId": 190,
  "outliers": [
    "mOffset"
  ],
  "isOutlier": true
}