{
  "radius": 2.54,
  "cOffset": [
    0.0636,
    -0.0196
  ],
  "mOffset": [
    -0.00251,
    0.00193
  ],
  "yOffset": [
    -0.00473,
    -0.00452
  ],
  "kOffset": [
    20000,
    20000
  ],
  "noiseAmp": 3.83e-06,
  "inkStatus": 0,
  "title": "Triumph of Bitcoin",
  "sourceId": "ba4b86348a6e7bad9deeb21752cf790694355b639650c679ce5b1c61feeab004i0"
}