{
  "radius": 2.13,
  "cOffset": [
    0.00401,
    -0.00467
  ],
  "mOffset": [
    -0.000403,
    -0.00834
  ],
  "yOffset": [
    -0.0015,
    -0.000641
  ],
  "kOffset": [
    20000,
    20000
  ],
  "noiseAmp": 2.76e-05,
  "inkStatus": 0,
  "title": "Triumph of Bitcoin",
  "sourceId": "cf3ae616cfa57b2304a43445a0025e16d1c36943ed15cb1af5898185cf0d88efi0"
}