{
  "radius": 2.44,
  "cOffset": [
    -0.00406,
    0.000958
  ],
  "mOffset": [
    -0.0104,
    0.0032
  ],
  "yOffset": [
    -5.09e-06,
    0.00365
  ],
  "kOffset": [
    20000,
    20000
  ],
  "noiseAmp": 6.53e-06,
  "inkStatus": 0,
  "title": "Triumph of Bitcoin",
  "sourceId": "a4fca8cd68283460126b88cce9a4d7462917eae4e6c1a5f91300fb9280eae7dbi0"
}