{
  "radius": 2.13,
  "cOffset": [
    0.000796,
    0.000291
  ],
  "mOffset": [
    -0.000336,
    -0.00227
  ],
  "yOffset": [
    -0.00119,
    0.00209
  ],
  "kOffset": [
    20000,
    20000
  ],
  "noiseAmp": 3.66e-06,
  "inkStatus": 5,
  "title": "Triumph of Bitcoin",
  "wear": 55.2,
  "sourceId": "a4fca8cd68283460126b88cce9a4d7462917eae4e6c1a5f91300fb9280eae7dbi0",
  "variationId": 89,
  "outliers": [
    "inkStatus"
  ],
  "isOutlier": true
}