{
  "radius": 0.015126771324794844,
  "cOffset": [
    -0.0032048335341531425,
    -0.00013971534230480573
  ],
  "mOffset": [
    0.0022642619136456024,
    -0.003476780006911731
  ],
  "yOffset": [
    -0.00010652332741648966,
    -0.0014059721705311768
  ],
  "kOffset": [
    107.95201363946643,
    75.28602331999409
  ],
  "noiseAmp": 2.374979064523113e-06,
  "colorMode": 0,
  "sourceId": "5f53dd709a8d2e350674d86679ff550763502a0ff8c2b567cefa4b52f736aa7fi0",
  "variationId": 66,
  "outliers": [],
  "isOutlier": false
}