{
  "radius": 2.21,
  "cOffset": [
    0.000928,
    0.000276
  ],
  "mOffset": [
    0.00321,
    0.00377
  ],
  "yOffset": [
    -0.00254,
    -0.00114
  ],
  "kOffset": [
    20000,
    20000
  ],
  "noiseAmp": 7.44e-06,
  "inkStatus": 0,
  "title": "Triumph of Bitcoin",
  "wear": 31.5,
  "sourceId": "fbab7ffde03428ed7c11dc268605241b6e33ea212229b03fb1d8f21e289fae54i0",
  "variationId": 23,
  "outliers": [],
  "isOutlier": false
}