{
  "radius": 0.01572468242241753,
  "cOffset": [
    0.0025795912083482666,
    -0.0001213883698210144
  ],
  "mOffset": [
    -0.003085373165289447,
    -0.0013753196123947758
  ],
  "yOffset": [
    0.0010337761336120493,
    -0.000696649811937945
  ],
  "kOffset": [
    105.72169644018733,
    109.09986931954161
  ],
  "noiseAmp": 4.552553350934862e-07,
  "colorMode": 0,
  "sourceId": "fbab7ffde03428ed7c11dc268605241b6e33ea212229b03fb1d8f21e289fae54i0",
  "variationId": 1,
  "outliers": [],
  "isOutlier": false
}