{
  "radius": 2.14,
  "cOffset": [
    0.00257,
    0.00274
  ],
  "mOffset": [
    -0.00248,
    -0.00775
  ],
  "yOffset": [
    -0.000151,
    0.00484
  ],
  "kOffset": [
    20000,
    20000
  ],
  "noiseAmp": 2.48e-05,
  "inkStatus": 0,
  "title": "Triumph of Bitcoin",
  "sourceId": "63594e1b8512a5ad3215acfb7470f181444c773c0953d875f9713fca3d896774i0"
}