{
  "radius": 2.2975821514972052,
  "cOffset": [
    0.0007144462544390447,
    0.00047624093199062596
  ],
  "mOffset": [
    -1.3519916753996415e-05,
    0.0025600231230001346
  ],
  "yOffset": [
    -0.0006272767646404346,
    -0.00382560262242364
  ],
  "kOffset": [
    20000,
    20000
  ],
  "noiseAmp": 2.17397894201506e-05,
  "colorMode": 0,
  "title": "Triumph of Bitcoin",
  "sourceId": "5f53dd709a8d2e350674d86679ff550763502a0ff8c2b567cefa4b52f736aa7fi0",
  "variationId": 63,
  "outliers": [],
  "isOutlier": false
}