{
  "radius": 2.1469203959785,
  "cOffset": [
    -0.0020174120162167377,
    -0.001475184837100672
  ],
  "mOffset": [
    -0.0035616584241091906,
    0.005455714047893524
  ],
  "yOffset": [
    -0.004496040232313816,
    -0.0001730471761474987
  ],
  "kOffset": [
    20000,
    20000
  ],
  "noiseAmp": 8.208978492091553e-06,
  "colorMode": 0,
  "title": "Triumph of Bitcoin",
  "sourceId": "ff08f64a29c957c1f376ca1d35c2ccb5851379da3df9618b8108f55ed65dfb39i0",
  "variationId": 221,
  "outliers": [],
  "isOutlier": false
}