{
  "radius": 2.35,
  "cOffset": [
    -0.000461,
    0.00641
  ],
  "mOffset": [
    -0.000122,
    0.00339
  ],
  "yOffset": [
    0.000545,
    -0.00643
  ],
  "kOffset": [
    20000,
    20000
  ],
  "noiseAmp": 1.9e-05,
  "inkStatus": 0,
  "title": "Triumph of Bitcoin",
  "sourceId": "ba4b86348a6e7bad9deeb21752cf790694355b639650c679ce5b1c61feeab004i0"
}