{
  "radius": 2.05,
  "cOffset": [
    -0.00154,
    -0.00429
  ],
  "mOffset": [
    -0.00749,
    -0.00178
  ],
  "yOffset": [
    -0.000659,
    0.00342
  ],
  "kOffset": [
    20000,
    20000
  ],
  "noiseAmp": 1.76e-05,
  "inkStatus": 0,
  "title": "Triumph of Science",
  "sourceId": "806d80e7cf7f39208eccf59102e0086d6b593dbe3152777ef31dfc869a02340fi0"
}