{
  "radius": 0.014196783534823034,
  "cOffset": [
    0.0008755607245349162,
    -0.0002285410544632584
  ],
  "mOffset": [
    -0.007508227731209534,
    0.004056694533270221
  ],
  "yOffset": [
    0.00047346933064448636,
    0.0001944411360750186
  ],
  "kOffset": [
    94.6339385062422,
    115.34511705865714
  ],
  "noiseAmp": 1.877169250429069e-06,
  "colorMode": 0,
  "sourceId": "cf3ae616cfa57b2304a43445a0025e16d1c36943ed15cb1af5898185cf0d88efi0",
  "variationId": 114,
  "outliers": [],
  "isOutlier": false
}