{
  "radius": 2.19,
  "cOffset": [
    0.00123,
    0.0014
  ],
  "mOffset": [
    0.00629,
    -0.00426
  ],
  "yOffset": [
    -0.00136,
    -0.00214
  ],
  "kOffset": [
    20000,
    20000
  ],
  "noiseAmp": 3.84e-06,
  "inkStatus": 4,
  "title": "Triumph of Bitcoin",
  "wear": 48.5,
  "sourceId": "ec11a3e19cb22adf6a880c63b1daf19568cf5a6717572bfd123d91f15fe4d241i0",
  "variationId": 159,
  "outliers": [
    "inkStatus"
  ],
  "isOutlier": true
}