{
  "radius": 0.014635052255816359,
  "cOffset": [
    0.0009859415217375361,
    -0.00030043589140110727
  ],
  "mOffset": [
    0.0015538579374010906,
    0.001981291203084921
  ],
  "yOffset": [
    -0.0003712644175291706,
    -0.0010646332030880624
  ],
  "kOffset": [
    100.11433876839442,
    88.26882204706074
  ],
  "noiseAmp": 1.1440544845888696e-06,
  "colorMode": 0,
  "sourceId": "a4fca8cd68283460126b88cce9a4d7462917eae4e6c1a5f91300fb9280eae7dbi0",
  "variationId": 89,
  "outliers": [],
  "isOutlier": false
}