{
  "radius": 2.12,
  "cOffset": [
    0.00199,
    -0.000751
  ],
  "mOffset": [
    0.00311,
    0.000886
  ],
  "yOffset": [
    0.00107,
    -0.00274
  ],
  "kOffset": [
    20000,
    20000
  ],
  "noiseAmp": 6.67e-06,
  "inkStatus": 0,
  "title": "Triumph of Bitcoin",
  "sourceId": "fbab7ffde03428ed7c11dc268605241b6e33ea212229b03fb1d8f21e289fae54i0"
}