{
  "radius": 2.38,
  "cOffset": [
    -0.000141,
    -0.00332
  ],
  "mOffset": [
    -0.00364,
    0.00239
  ],
  "yOffset": [
    -0.00843,
    -0.00408
  ],
  "kOffset": [
    20000,
    20000
  ],
  "noiseAmp": 1.12e-05,
  "inkStatus": 0,
  "title": "Triumph of Bitcoin",
  "sourceId": "cf3ae616cfa57b2304a43445a0025e16d1c36943ed15cb1af5898185cf0d88efi0"
}