{
  "radius": 2.18,
  "cOffset": [
    -0.0041,
    0.00331
  ],
  "mOffset": [
    0.0078,
    -0.00322
  ],
  "yOffset": [
    -0.00265,
    0.00545
  ],
  "kOffset": [
    20000,
    20000
  ],
  "noiseAmp": 3.47e-06,
  "inkStatus": 1,
  "title": "Triumph of Bitcoin",
  "wear": 57.1,
  "sourceId": "fbab7ffde03428ed7c11dc268605241b6e33ea212229b03fb1d8f21e289fae54i0",
  "variationId": 5,
  "outliers": [
    "inkStatus"
  ],
  "isOutlier": true
}