{
  "radius": 2.3349449969550626,
  "cOffset": [
    0.0004260105989042331,
    0.0025677995929183073
  ],
  "mOffset": [
    -0.002625006998610087,
    -0.0005441193500620323
  ],
  "yOffset": [
    0.0020863833647347513,
    -0.002953679940522747
  ],
  "kOffset": [
    20000,
    20000
  ],
  "noiseAmp": 1.623830481436608e-05,
  "colorMode": 0,
  "title": "Triumph of Science",
  "sourceId": "806d80e7cf7f39208eccf59102e0086d6b593dbe3152777ef31dfc869a02340fi0",
  "variationId": 315,
  "outliers": [],
  "isOutlier": false
}