{
  "radius": 2.27,
  "cOffset": [
    -0.00124,
    0.00356
  ],
  "mOffset": [
    -0.00562,
    -0.00519
  ],
  "yOffset": [
    -0.00622,
    -0.00603
  ],
  "kOffset": [
    20000,
    20000
  ],
  "noiseAmp": 1.09e-05,
  "inkStatus": 0,
  "title": "Triumph of Bitcoin",
  "sourceId": "63594e1b8512a5ad3215acfb7470f181444c773c0953d875f9713fca3d896774i0"
}