{
  "radius": 2.0731698099778946,
  "cOffset": [
    0.0005787716782400186,
    -0.006640032295420753
  ],
  "mOffset": [
    -0.003812142324946711,
    -0.004000070277206381
  ],
  "yOffset": [
    0.0010747739293974305,
    0.0003227365662844708
  ],
  "kOffset": [
    20000,
    20000
  ],
  "noiseAmp": 6.182245071663214e-06,
  "colorMode": 0,
  "title": "Triumph of Bitcoin",
  "sourceId": "11e0ab1f653675211944593bb87d1b875050c2f328ab175595d2e7189da9b2f8i0",
  "variationId": 136,
  "outliers": [],
  "isOutlier": false
}