{
  "radius": 0.014130713534192374,
  "cOffset": [
    0.0018752811145577122,
    0.00016173450095493532
  ],
  "mOffset": [
    0.0006567839609881997,
    0.0016332079031244188
  ],
  "yOffset": [
    -0.0002640214903899384,
    0.0003108288325349724
  ],
  "kOffset": [
    89.04009559594623,
    99.72111416821129
  ],
  "noiseAmp": 2.5991916427243737e-06,
  "colorMode": 0,
  "sourceId": "63594e1b8512a5ad3215acfb7470f181444c773c0953d875f9713fca3d896774i0",
  "variationId": 46,
  "outliers": [],
  "isOutlier": false
}