{
  "radius": 0.014783941424809214,
  "cOffset": [
    -0.06812777605625925,
    0.0034798820433954987
  ],
  "mOffset": [
    -0.0010218330204612295,
    0.0009848282244721248
  ],
  "yOffset": [
    -0.00212206815487273,
    0.001558583825787083
  ],
  "kOffset": [
    106.73729338621786,
    103.54318372037386
  ],
  "noiseAmp": 3.418505805002826e-07,
  "colorMode": 0,
  "sourceId": "ec11a3e19cb22adf6a880c63b1daf19568cf5a6717572bfd123d91f15fe4d241i0",
  "variationId": 149,
  "outliers": [
    "cOffset"
  ],
  "isOutlier": true
}