{
  "radius": 2.29,
  "cOffset": [
    0.00252,
    0.00643
  ],
  "mOffset": [
    0.00356,
    0.00401
  ],
  "yOffset": [
    -0.00253,
    0.00541
  ],
  "kOffset": [
    20000,
    20000
  ],
  "noiseAmp": 1.32e-05,
  "inkStatus": 0,
  "title": "Triumph of Bitcoin",
  "sourceId": "ff08f64a29c957c1f376ca1d35c2ccb5851379da3df9618b8108f55ed65dfb39i0"
}