{
  "radius": 0.01476270677471588,
  "cOffset": [
    -0.0066563586927877874,
    5.566062218884561e-05
  ],
  "mOffset": [
    -0.005124586379042871,
    0.0012081989603679969
  ],
  "yOffset": [
    0.0015287531698115026,
    0.0006069054738849755
  ],
  "kOffset": [
    96.21960490058554,
    103.41792193897878
  ],
  "noiseAmp": 8.985947992724854e-07,
  "colorMode": 0,
  "sourceId": "7fcc33c4cb0081cfa85c5d1d541aad5d8c631debbb29c65c95f4d30137ed2aa0i0",
  "variationId": 254,
  "outliers": [],
  "isOutlier": false
}