{
  "radius": 2.17,
  "cOffset": [
    0.00503,
    0.0099
  ],
  "mOffset": [
    0.00661,
    -0.00332
  ],
  "yOffset": [
    0.000902,
    0.00207
  ],
  "kOffset": [
    20000,
    20000
  ],
  "noiseAmp": 3.73e-06,
  "inkStatus": 0,
  "title": "Triumph of Bitcoin",
  "sourceId": "a4fca8cd68283460126b88cce9a4d7462917eae4e6c1a5f91300fb9280eae7dbi0"
}