{
  "radius": 2.12,
  "cOffset": [
    0.00428,
    0.00272
  ],
  "mOffset": [
    -0.00176,
    0.00271
  ],
  "yOffset": [
    -0.00576,
    0.0027
  ],
  "kOffset": [
    20000,
    20000
  ],
  "noiseAmp": 1.46e-05,
  "inkStatus": 3,
  "title": "Triumph of Bitcoin",
  "wear": 46.7,
  "sourceId": "63594e1b8512a5ad3215acfb7470f181444c773c0953d875f9713fca3d896774i0",
  "variationId": 35,
  "outliers": [
    "inkStatus"
  ],
  "isOutlier": true
}