{
  "radius": 2.13392656802445,
  "cOffset": [
    -0.036034468506232535,
    -0.017199676480250628
  ],
  "mOffset": [
    -0.003150682037125501,
    -0.0041421086001280985
  ],
  "yOffset": [
    -0.001266449714622388,
    0.0012220725650336462
  ],
  "kOffset": [
    20000,
    20000
  ],
  "noiseAmp": 6.427567572923119e-06,
  "colorMode": 1,
  "title": "Triumph of Bitcoin",
  "sourceId": "63594e1b8512a5ad3215acfb7470f181444c773c0953d875f9713fca3d896774i0",
  "variationId": 39,
  "outliers": [
    "colorMode",
    "cOffset"
  ],
  "isOutlier": true
}