{
  "radius": 2.3317976063038595,
  "cOffset": [
    0.0027545702511335693,
    0.0002254744510300535
  ],
  "mOffset": [
    -0.0012296945217257704,
    -0.009097536650665341
  ],
  "yOffset": [
    0.0012541256274916424,
    -0.0018023143340804657
  ],
  "kOffset": [
    20000,
    20000
  ],
  "noiseAmp": 1.6500359407279766e-07,
  "colorMode": 0,
  "title": "Triumph of Science",
  "sourceId": "6461c2a49eba6c8220bf472d9a504554a0592470f0cdddddb0969e896a1a6ca9i0",
  "variationId": 270,
  "outliers": [],
  "isOutlier": false
}