{
  "radius": 0.01513472319898812,
  "cOffset": [
    0.0024847716748609963,
    -9.065254875038027e-05
  ],
  "mOffset": [
    -0.0005016971602892329,
    0.0005040306223500548
  ],
  "yOffset": [
    -0.0007396150459919057,
    0.00012991580036254708
  ],
  "kOffset": [
    98.53006665914506,
    93.0174218278926
  ],
  "noiseAmp": 8.658679563459182e-07,
  "colorMode": 0,
  "sourceId": "a4fca8cd68283460126b88cce9a4d7462917eae4e6c1a5f91300fb9280eae7dbi0",
  "variationId": 74,
  "outliers": [],
  "isOutlier": false
}