{
  "radius": 0.014707908118933842,
  "cOffset": [
    -0.005304120384333021,
    -0.00020498689188973887
  ],
  "mOffset": [
    -0.006792435812002381,
    -0.005828333596829593
  ],
  "yOffset": [
    0.000860106566800328,
    0.0010966994346057718
  ],
  "kOffset": [
    105.19308498350142,
    79.8026373331513
  ],
  "noiseAmp": 1.7296801306903508e-06,
  "colorMode": 0,
  "sourceId": "ec11a3e19cb22adf6a880c63b1daf19568cf5a6717572bfd123d91f15fe4d241i0",
  "variationId": 164,
  "outliers": [],
  "isOutlier": false
}