{
  "radius": 2.31,
  "cOffset": [
    -0.00353,
    -0.000711
  ],
  "mOffset": [
    -0.00572,
    -0.00114
  ],
  "yOffset": [
    -0.0014,
    0.00075
  ],
  "kOffset": [
    20000,
    20000
  ],
  "noiseAmp": 6.75e-06,
  "inkStatus": 0,
  "title": "Triumph of Bitcoin",
  "wear": 37.4,
  "sourceId": "fbab7ffde03428ed7c11dc268605241b6e33ea212229b03fb1d8f21e289fae54i0",
  "variationId": 1,
  "outliers": [],
  "isOutlier": false
}