{
  "radius": 0.014326404754865504,
  "cOffset": [
    0.001822706083199861,
    0.00025026894443080385
  ],
  "mOffset": [
    -0.00018817145319793087,
    -0.004528318030228474
  ],
  "yOffset": [
    -8.935804311385891e-05,
    -0.0012329953570061755
  ],
  "kOffset": [
    105.52922292734578,
    90.59386262076332
  ],
  "noiseAmp": 1.9764391735757664e-07,
  "colorMode": 0,
  "sourceId": "5f53dd709a8d2e350674d86679ff550763502a0ff8c2b567cefa4b52f736aa7fi0",
  "variationId": 67,
  "outliers": [],
  "isOutlier": false
}