{
  "radius": 0.015000275640599262,
  "cOffset": [
    -0.02185535394324855,
    -0.002934218169163305
  ],
  "mOffset": [
    0.0014272738664372427,
    -0.0010749545075637668
  ],
  "yOffset": [
    0.0018980800802958153,
    -0.000258402893547655
  ],
  "kOffset": [
    103.2259704125636,
    93.5209971676256
  ],
  "noiseAmp": 8.463479695950701e-07,
  "colorMode": 0,
  "sourceId": "fbab7ffde03428ed7c11dc268605241b6e33ea212229b03fb1d8f21e289fae54i0",
  "variationId": 3,
  "outliers": [
    "cOffset"
  ],
  "isOutlier": true
}