{
  "radius": 1.97,
  "cOffset": [
    -0.00103,
    -0.00184
  ],
  "mOffset": [
    0.00581,
    0.00428
  ],
  "yOffset": [
    -0.000288,
    0.0049
  ],
  "kOffset": [
    20000,
    20000
  ],
  "noiseAmp": 2.03e-06,
  "inkStatus": 0,
  "title": "Triumph of Bitcoin",
  "sourceId": "ec11a3e19cb22adf6a880c63b1daf19568cf5a6717572bfd123d91f15fe4d241i0"
}