{
  "radius": 0.06565163751440614,
  "cOffset": [
    -3.56539519426468e-05,
    -0.002935552724450598
  ],
  "mOffset": [
    -0.015895834946352713,
    0.01956310562298928
  ],
  "yOffset": [
    0.0002526039242883068,
    0.0023882556733053856
  ],
  "kOffset": [
    92.19538373884973,
    85.41980576420617
  ],
  "noiseAmp": 2.8689147133909115e-07,
  "colorMode": 0,
  "sourceId": "63594e1b8512a5ad3215acfb7470f181444c773c0953d875f9713fca3d896774i0",
  "variationId": 32,
  "outliers": [
    "cOffset",
    "mOffset",
    "radius"
  ],
  "isOutlier": true
}