{
  "radius": 2.0397773673197332,
  "cOffset": [
    0.0026757274908154947,
    -0.0006642819739196547
  ],
  "mOffset": [
    -0.0025255240146651245,
    0.004042000027097159
  ],
  "yOffset": [
    0.002732722385806099,
    0.004257476312949894
  ],
  "kOffset": [
    20000,
    20000
  ],
  "noiseAmp": 5.174748893531811e-06,
  "colorMode": 0,
  "title": "Triumph of Bitcoin",
  "sourceId": "fbab7ffde03428ed7c11dc268605241b6e33ea212229b03fb1d8f21e289fae54i0",
  "variationId": 11,
  "outliers": [],
  "isOutlier": false
}