{
  "radius": 2.13,
  "cOffset": [
    0.006,
    0.00159
  ],
  "mOffset": [
    0.00273,
    -0.00103
  ],
  "yOffset": [
    0.000945,
    -0.000673
  ],
  "kOffset": [
    20000,
    20000
  ],
  "noiseAmp": 6.8e-07,
  "inkStatus": 0,
  "title": "Triumph of Science",
  "sourceId": "b1ff3531357fc4703e14454c8cfc606c79f88f87f908ec0d34a3e7eb02a843adi0"
}