{
  "radius": 2.35,
  "cOffset": [
    -0.00185,
    -0.00357
  ],
  "mOffset": [
    0.00761,
    0.000778
  ],
  "yOffset": [
    -0.00252,
    -1.53e-05
  ],
  "kOffset": [
    20000,
    20000
  ],
  "noiseAmp": 1.02e-05,
  "inkStatus": 0,
  "title": "Triumph of Bitcoin",
  "sourceId": "5f53dd709a8d2e350674d86679ff550763502a0ff8c2b567cefa4b52f736aa7fi0"
}