{
  "radius": 0.015059486981384968,
  "cOffset": [
    0.003482230622792673,
    0.0002834651579809788
  ],
  "mOffset": [
    0.0029249487000331522,
    0.0008284160809215733
  ],
  "yOffset": [
    -0.00014484632478351588,
    0.0020163015454394595
  ],
  "kOffset": [
    118.62950266593971,
    88.18626571275976
  ],
  "noiseAmp": 7.343245765344738e-07,
  "colorMode": 0,
  "sourceId": "ff08f64a29c957c1f376ca1d35c2ccb5851379da3df9618b8108f55ed65dfb39i0",
  "variationId": 224,
  "outliers": [],
  "isOutlier": false
}