{
  "radius": 0.0152125266470391,
  "cOffset": [
    -0.0007090617729471086,
    0.0001601588628423651
  ],
  "mOffset": [
    -0.0059385981172459254,
    -0.0001633679102811506
  ],
  "yOffset": [
    -0.0013470736563013345,
    -0.0005986153212903973
  ],
  "kOffset": [
    116.78193025169375,
    108.56339826122705
  ],
  "noiseAmp": 9.266866012468057e-07,
  "colorMode": 0,
  "sourceId": "ff08f64a29c957c1f376ca1d35c2ccb5851379da3df9618b8108f55ed65dfb39i0",
  "variationId": 238,
  "outliers": [],
  "isOutlier": false
}