{
  "radius": 2.22,
  "cOffset": [
    -0.000883,
    -0.000782
  ],
  "mOffset": [
    0.00385,
    0.00204
  ],
  "yOffset": [
    0.000649,
    0.00136
  ],
  "kOffset": [
    20000,
    20000
  ],
  "noiseAmp": 9.53e-06,
  "inkStatus": 5,
  "title": "Triumph of Bitcoin",
  "wear": 34.9,
  "sourceId": "11e0ab1f653675211944593bb87d1b875050c2f328ab175595d2e7189da9b2f8i0",
  "variationId": 141,
  "outliers": [
    "inkStatus"
  ],
  "isOutlier": true
}