{
  "radius": 2.28,
  "cOffset": [
    -0.00145,
    -0.00315
  ],
  "mOffset": [
    -0.00558,
    -0.00402
  ],
  "yOffset": [
    -0.0054,
    -0.00138
  ],
  "kOffset": [
    20000,
    20000
  ],
  "noiseAmp": 8.06e-06,
  "inkStatus": 6,
  "title": "Triumph of Bitcoin",
  "wear": 54.0,
  "sourceId": "fbab7ffde03428ed7c11dc268605241b6e33ea212229b03fb1d8f21e289fae54i0",
  "variationId": 0,
  "outliers": [
    "inkStatus"
  ],
  "isOutlier": true
}