{
  "radius": 0.015338857060706325,
  "cOffset": [
    -0.002113506494024637,
    0.00016318820739901814
  ],
  "mOffset": [
    0.0030141510463800162,
    -0.00016093708924256106
  ],
  "yOffset": [
    -0.000506320807080219,
    -0.00031858503567600417
  ],
  "kOffset": [
    82.25357817861186,
    93.13627867996149
  ],
  "noiseAmp": 1.0990592954786063e-06,
  "colorMode": 0,
  "sourceId": "ba4b86348a6e7bad9deeb21752cf790694355b639650c679ce5b1c61feeab004i0",
  "variationId": 190,
  "outliers": [],
  "isOutlier": false
}