{
  "radius": 2.25,
  "cOffset": [
    0.0026,
    -0.00114
  ],
  "mOffset": [
    -0.00192,
    -0.000379
  ],
  "yOffset": [
    0.000502,
    -0.00119
  ],
  "kOffset": [
    20000,
    20000
  ],
  "noiseAmp": 3.14e-06,
  "inkStatus": 0,
  "title": "Triumph of Bitcoin",
  "sourceId": "fbab7ffde03428ed7c11dc268605241b6e33ea212229b03fb1d8f21e289fae54i0"
}