{
  "radius": 2.24,
  "cOffset": [
    0.000761,
    -0.00275
  ],
  "mOffset": [
    0.00334,
    0.00209
  ],
  "yOffset": [
    -0.00738,
    -0.00663
  ],
  "kOffset": [
    20000,
    20000
  ],
  "noiseAmp": 6.04e-06,
  "inkStatus": 0,
  "title": "Triumph of Bitcoin",
  "wear": 43.6,
  "sourceId": "fbab7ffde03428ed7c11dc268605241b6e33ea212229b03fb1d8f21e289fae54i0",
  "variationId": 8,
  "outliers": [],
  "isOutlier": false
}