{
  "radius": 2.19,
  "cOffset": [
    -0.000122,
    -0.00372
  ],
  "mOffset": [
    -0.00157,
    -0.00204
  ],
  "yOffset": [
    0.00407,
    0.00192
  ],
  "kOffset": [
    20000,
    20000
  ],
  "noiseAmp": 2.91e-06,
  "inkStatus": 0,
  "title": "Triumph of Bitcoin",
  "wear": 74.1,
  "sourceId": "11e0ab1f653675211944593bb87d1b875050c2f328ab175595d2e7189da9b2f8i0",
  "variationId": 128,
  "outliers": [
    "wear"
  ],
  "isOutlier": true
}