{
  "radius": 0.014536427981930434,
  "cOffset": [
    0.0031397316045077566,
    -0.00024099916901412186
  ],
  "mOffset": [
    0.0021591601560713393,
    5.119985290079081e-05
  ],
  "yOffset": [
    -0.0017657176914694615,
    -0.0006682187448109849
  ],
  "kOffset": [
    89.72826267283808,
    92.21132351568234
  ],
  "noiseAmp": 9.962469507562415e-07,
  "colorMode": 0,
  "sourceId": "b1ff3531357fc4703e14454c8cfc606c79f88f87f908ec0d34a3e7eb02a843adi0",
  "variationId": 297,
  "outliers": [],
  "isOutlier": false
}