{
  "radius": 2.06,
  "cOffset": [
    -0.000159,
    -0.00525
  ],
  "mOffset": [
    -0.00537,
    0.000759
  ],
  "yOffset": [
    -0.00174,
    -0.00499
  ],
  "kOffset": [
    20000,
    20000
  ],
  "noiseAmp": 2.97e-07,
  "inkStatus": 0,
  "title": "Triumph of Bitcoin",
  "wear": 47.0,
  "sourceId": "ec11a3e19cb22adf6a880c63b1daf19568cf5a6717572bfd123d91f15fe4d241i0",
  "variationId": 146,
  "outliers": [],
  "isOutlier": false
}