{
  "radius": 2.0975245386037753,
  "cOffset": [
    -0.002704965466107252,
    0.0018565314470146248
  ],
  "mOffset": [
    0.008251466499712982,
    0.0019468800731039706
  ],
  "yOffset": [
    0.0013484460823231061,
    0.0027141701106819906
  ],
  "kOffset": [
    20000,
    20000
  ],
  "noiseAmp": 1.5366863947097502e-05,
  "colorMode": 0,
  "title": "Triumph of Science",
  "sourceId": "b1ff3531357fc4703e14454c8cfc606c79f88f87f908ec0d34a3e7eb02a843adi0",
  "variationId": 306,
  "outliers": [],
  "isOutlier": false
}