{
  "radius": 2.2,
  "cOffset": [
    -0.000324,
    0.00142
  ],
  "mOffset": [
    -0.00495,
    -0.0412
  ],
  "yOffset": [
    0.00263,
    0.000251
  ],
  "kOffset": [
    20000,
    20000
  ],
  "noiseAmp": 8.03e-06,
  "inkStatus": 0,
  "title": "Triumph of Bitcoin",
  "wear": 55.1,
  "sourceId": "ec11a3e19cb22adf6a880c63b1daf19568cf5a6717572bfd123d91f15fe4d241i0",
  "variationId": 148,
  "outliers": [
    "mOffset"
  ],
  "isOutlier": true
}