{
  "radius": 2.28,
  "cOffset": [
    -0.00245,
    -0.00304
  ],
  "mOffset": [
    -0.00171,
    -0.000716
  ],
  "yOffset": [
    0.00331,
    0.000744
  ],
  "kOffset": [
    20000,
    20000
  ],
  "noiseAmp": 9.42e-06,
  "inkStatus": 0,
  "title": "Triumph of Bitcoin",
  "sourceId": "5f53dd709a8d2e350674d86679ff550763502a0ff8c2b567cefa4b52f736aa7fi0"
}