{
  "radius": 2.21,
  "cOffset": [
    -7.02e-05,
    -0.00612
  ],
  "mOffset": [
    0.00244,
    -0.0016
  ],
  "yOffset": [
    -0.0018,
    -0.000588
  ],
  "kOffset": [
    20000,
    20000
  ],
  "noiseAmp": 3.29e-07,
  "inkStatus": 3,
  "title": "Triumph of Science",
  "wear": 44.7,
  "sourceId": "6461c2a49eba6c8220bf472d9a504554a0592470f0cdddddb0969e896a1a6ca9i0",
  "variationId": 283,
  "outliers": [
    "inkStatus"
  ],
  "isOutlier": true
}