{
  "radius": 0.01490372647409298,
  "cOffset": [
    0.005185850272626523,
    -0.0005539683214928411
  ],
  "mOffset": [
    0.0013150665510108402,
    0.00039936947323153426
  ],
  "yOffset": [
    0.00018788328112400926,
    0.00028843398827531
  ],
  "kOffset": [
    99.8435180516238,
    115.87709001817322
  ],
  "noiseAmp": 9.33770141176616e-07,
  "colorMode": 0,
  "sourceId": "11e0ab1f653675211944593bb87d1b875050c2f328ab175595d2e7189da9b2f8i0",
  "variationId": 120,
  "outliers": [],
  "isOutlier": false
}