{
  "radius": 2.48,
  "cOffset": [
    0.000604,
    -0.00257
  ],
  "mOffset": [
    0.00256,
    0.00362
  ],
  "yOffset": [
    -0.00112,
    -0.0031
  ],
  "kOffset": [
    20000,
    20000
  ],
  "noiseAmp": 1.06e-05,
  "inkStatus": 0,
  "title": "Triumph of Bitcoin",
  "sourceId": "7fcc33c4cb0081cfa85c5d1d541aad5d8c631debbb29c65c95f4d30137ed2aa0i0"
}