{
  "radius": 2.24,
  "cOffset": [
    0.00139,
    0.00511
  ],
  "mOffset": [
    0.00367,
    0.00995
  ],
  "yOffset": [
    -0.00167,
    -0.00365
  ],
  "kOffset": [
    20000,
    20000
  ],
  "noiseAmp": 3.27e-07,
  "inkStatus": 0,
  "title": "Triumph of Science",
  "wear": 36.0,
  "sourceId": "806d80e7cf7f39208eccf59102e0086d6b593dbe3152777ef31dfc869a02340fi0",
  "variationId": 311,
  "outliers": [],
  "isOutlier": false
}