{
  "radius": 0.014726968063441278,
  "cOffset": [
    0.0025479946890549212,
    0.0003725967681350088
  ],
  "mOffset": [
    0.0053804849920171555,
    -0.0023570403167426507
  ],
  "yOffset": [
    -0.002403315707507506,
    -0.0013199252842371419
  ],
  "kOffset": [
    100.10938082107465,
    123.28459953177648
  ],
  "noiseAmp": 1.2118623089256507e-07,
  "colorMode": 0,
  "sourceId": "5f53dd709a8d2e350674d86679ff550763502a0ff8c2b567cefa4b52f736aa7fi0",
  "variationId": 63,
  "outliers": [],
  "isOutlier": false
}