{
  "radius": 2.32,
  "cOffset": [
    -0.00537,
    -0.00405
  ],
  "mOffset": [
    0.00627,
    -0.000731
  ],
  "yOffset": [
    -0.00121,
    0.000655
  ],
  "kOffset": [
    20000,
    20000
  ],
  "noiseAmp": 1.29e-05,
  "inkStatus": 0,
  "title": "Triumph of Bitcoin",
  "sourceId": "ff08f64a29c957c1f376ca1d35c2ccb5851379da3df9618b8108f55ed65dfb39i0"
}