{
  "radius": 2.04,
  "cOffset": [
    -0.000977,
    0.00196
  ],
  "mOffset": [
    0.00235,
    -0.00476
  ],
  "yOffset": [
    0.00065,
    -0.00371
  ],
  "kOffset": [
    20000,
    20000
  ],
  "noiseAmp": 9.08e-06,
  "inkStatus": 0,
  "title": "Triumph of Bitcoin",
  "sourceId": "a4fca8cd68283460126b88cce9a4d7462917eae4e6c1a5f91300fb9280eae7dbi0"
}