{
  "radius": 2.21,
  "cOffset": [
    0.00284,
    0.00306
  ],
  "mOffset": [
    -0.00247,
    -0.0013
  ],
  "yOffset": [
    -0.000727,
    0.000396
  ],
  "kOffset": [
    20000,
    20000
  ],
  "noiseAmp": 1.25e-05,
  "inkStatus": 0,
  "title": "Triumph of Science",
  "wear": 45.4,
  "sourceId": "6461c2a49eba6c8220bf472d9a504554a0592470f0cdddddb0969e896a1a6ca9i0",
  "variationId": 273,
  "outliers": [],
  "isOutlier": false
}