{
  "radius": 2.1410677991765383,
  "cOffset": [
    0.001994466776926637,
    0.00220399169803332
  ],
  "mOffset": [
    -0.004146287683544181,
    -0.0020763097432449883
  ],
  "yOffset": [
    -0.0012707765221070116,
    0.0010865399351947305
  ],
  "kOffset": [
    20000,
    20000
  ],
  "noiseAmp": 1.574387874951009e-06,
  "colorMode": 0,
  "title": "Triumph of Bitcoin",
  "sourceId": "5f53dd709a8d2e350674d86679ff550763502a0ff8c2b567cefa4b52f736aa7fi0",
  "variationId": 62,
  "outliers": [],
  "isOutlier": false
}