{
  "radius": 2.326716170860868,
  "cOffset": [
    -0.004230111469943347,
    -0.002825002013274015
  ],
  "mOffset": [
    -0.0054961119405566895,
    0.002557601439458106
  ],
  "yOffset": [
    0.0002055770772456285,
    -0.002090465966284132
  ],
  "kOffset": [
    20000,
    20000
  ],
  "noiseAmp": 7.501374969847453e-06,
  "colorMode": 0,
  "title": "Triumph of Bitcoin",
  "sourceId": "63594e1b8512a5ad3215acfb7470f181444c773c0953d875f9713fca3d896774i0",
  "variationId": 27,
  "outliers": [],
  "isOutlier": false
}