{
  "radius": 2.14,
  "cOffset": [
    -8.15e-05,
    -0.00262
  ],
  "mOffset": [
    0.00625,
    -0.00859
  ],
  "yOffset": [
    0.000652,
    0.00201
  ],
  "kOffset": [
    20000,
    20000
  ],
  "noiseAmp": 3.51e-06,
  "inkStatus": 0,
  "title": "Triumph of Science",
  "sourceId": "b1ff3531357fc4703e14454c8cfc606c79f88f87f908ec0d34a3e7eb02a843adi0"
}