{
  "radius": 0.015567674538880942,
  "cOffset": [
    0.0002576874100021902,
    4.752330852502264e-05
  ],
  "mOffset": [
    0.0031407730721875306,
    0.0007547225667331986
  ],
  "yOffset": [
    0.001153556459204897,
    0.0018241244400050724
  ],
  "kOffset": [
    76.33646217323162,
    122.74156347368864
  ],
  "noiseAmp": 1.1058941213532246e-06,
  "colorMode": 0,
  "sourceId": "6461c2a49eba6c8220bf472d9a504554a0592470f0cdddddb0969e896a1a6ca9i0",
  "variationId": 273,
  "outliers": [],
  "isOutlier": false
}