{
  "radius": 0.01480583016026659,
  "cOffset": [
    0.001064817547707765,
    0.0002979095118840622
  ],
  "mOffset": [
    0.0016194490351098955,
    -0.003206044173123383
  ],
  "yOffset": [
    0.0007091648780196134,
    0.002251230633617036
  ],
  "kOffset": [
    116.24846041016612,
    88.31552558453772
  ],
  "noiseAmp": 1.402284202959363e-06,
  "colorMode": 0,
  "sourceId": "6461c2a49eba6c8220bf472d9a504554a0592470f0cdddddb0969e896a1a6ca9i0",
  "variationId": 282,
  "outliers": [],
  "isOutlier": false
}