{
  "radius": 2.22,
  "cOffset": [
    -0.0019,
    -0.00192
  ],
  "mOffset": [
    -0.00183,
    0.00233
  ],
  "yOffset": [
    -0.00447,
    0.00232
  ],
  "kOffset": [
    20000,
    20000
  ],
  "noiseAmp": 1.68e-05,
  "inkStatus": 0,
  "title": "Triumph of Science",
  "sourceId": "806d80e7cf7f39208eccf59102e0086d6b593dbe3152777ef31dfc869a02340fi0"
}