{
  "radius": 2.08,
  "cOffset": [
    0.000846,
    0.004
  ],
  "mOffset": [
    -0.00213,
    0.00145
  ],
  "yOffset": [
    0.00571,
    -0.00107
  ],
  "kOffset": [
    20000,
    20000
  ],
  "noiseAmp": 1.46e-05,
  "inkStatus": 0,
  "title": "Triumph of Bitcoin",
  "sourceId": "ec11a3e19cb22adf6a880c63b1daf19568cf5a6717572bfd123d91f15fe4d241i0"
}